-- phpMyAdmin SQL Dump
-- version 4.0.10.7
-- http://www.phpmyadmin.net
--
-- Host: localhost:3306
-- Generation Time: Apr 23, 2017 at 05:02 AM
-- Server version: 5.6.32-78.0-log
-- PHP Version: 5.4.31

SET SQL_MODE = "NO_AUTO_VALUE_ON_ZERO";
SET time_zone = "+00:00";


/*!40101 SET @OLD_CHARACTER_SET_CLIENT=@@CHARACTER_SET_CLIENT */;
/*!40101 SET @OLD_CHARACTER_SET_RESULTS=@@CHARACTER_SET_RESULTS */;
/*!40101 SET @OLD_COLLATION_CONNECTION=@@COLLATION_CONNECTION */;
/*!40101 SET NAMES utf8 */;

--
-- Database: `wwwshant_livestl`
--

-- --------------------------------------------------------

--
-- Table structure for table `account_categories`
--

CREATE TABLE IF NOT EXISTS `account_categories` (
  `id` int(11) NOT NULL AUTO_INCREMENT,
  `name` varchar(255) NOT NULL,
  PRIMARY KEY (`id`)
) ENGINE=InnoDB  DEFAULT CHARSET=latin1 AUTO_INCREMENT=5 ;

--
-- Dumping data for table `account_categories`
--

INSERT INTO `account_categories` (`id`, `name`) VALUES
(1, 'Assets'),
(2, 'Liablities'),
(3, 'Income'),
(4, 'Expense');

-- --------------------------------------------------------

--
-- Table structure for table `account_first_subgroups`
--

CREATE TABLE IF NOT EXISTS `account_first_subgroups` (
  `id` int(12) NOT NULL AUTO_INCREMENT,
  `account_group_id` int(12) NOT NULL,
  `name` varchar(255) NOT NULL,
  PRIMARY KEY (`id`)
) ENGINE=InnoDB  DEFAULT CHARSET=latin1 AUTO_INCREMENT=28 ;

--
-- Dumping data for table `account_first_subgroups`
--

INSERT INTO `account_first_subgroups` (`id`, `account_group_id`, `name`) VALUES
(1, 2, 'Sundry Debtors'),
(2, 6, 'Trade Payables'),
(3, 2, 'Inventory'),
(4, 6, 'Duties & Taxes'),
(5, 2, 'Loans and Advances'),
(6, 7, 'Sales Income'),
(7, 2, 'Staff Advances'),
(8, 6, 'Unsecured Loan'),
(9, 8, 'Purchase'),
(10, 15, 'Purchases'),
(11, 8, 'Direct Expenses'),
(12, 9, 'Indirect Expenses'),
(13, 9, 'Administration Expenses'),
(14, 9, 'Financial Expenses'),
(15, 13, 'Other Income'),
(16, 14, 'Other Incomes'),
(17, 2, 'Cash and Cash Equivalents'),
(18, 12, 'Unsecured Loan'),
(20, 11, 'Fixed Assets'),
(21, 6, 'Bank Account OD A/C'),
(22, 4, 'Share Capital'),
(23, 5, 'Reserves & Surplus'),
(24, 12, 'Secured Loans'),
(25, 6, 'Short Term Provisions'),
(26, 3, 'Non Current Investments'),
(27, 2, 'Other Current Assets');

-- --------------------------------------------------------

--
-- Table structure for table `account_groups`
--

CREATE TABLE IF NOT EXISTS `account_groups` (
  `id` int(12) NOT NULL AUTO_INCREMENT,
  `account_category_id` int(12) NOT NULL,
  `name` varchar(255) NOT NULL,
  PRIMARY KEY (`id`)
) ENGINE=InnoDB  DEFAULT CHARSET=latin1 AUTO_INCREMENT=16 ;

--
-- Dumping data for table `account_groups`
--

INSERT INTO `account_groups` (`id`, `account_category_id`, `name`) VALUES
(2, 1, 'Current Assets'),
(3, 1, 'Investments'),
(4, 2, 'Share Capital'),
(5, 2, 'Reserves & Surplus'),
(6, 2, 'Current Liabilities'),
(7, 3, 'Sales Income'),
(8, 4, 'Direct Expenses'),
(9, 4, 'Indirect Expenses'),
(10, 3, 'Other Income'),
(11, 1, 'Fixed Assets'),
(12, 2, 'Long Term Borrowings'),
(13, 3, 'Indirect Income'),
(14, 3, 'Direct Income'),
(15, 4, 'Purchase');

-- --------------------------------------------------------

--
-- Table structure for table `account_references`
--

CREATE TABLE IF NOT EXISTS `account_references` (
  `id` int(10) NOT NULL AUTO_INCREMENT,
  `entity_description` varchar(255) NOT NULL,
  `account_first_subgroup_id` int(10) NOT NULL,
  `account_category_id` int(10) NOT NULL,
  `account_group_id` int(10) NOT NULL,
  PRIMARY KEY (`id`)
) ENGINE=InnoDB  DEFAULT CHARSET=latin1 AUTO_INCREMENT=4 ;

--
-- Dumping data for table `account_references`
--

INSERT INTO `account_references` (`id`, `entity_description`, `account_first_subgroup_id`, `account_category_id`, `account_group_id`) VALUES
(1, 'Invoice Sales Account', 6, 3, 7),
(2, 'Invoice Booking Purchase  Account', 9, 4, 8),
(3, 'Invoice Freight Account', 12, 4, 9);

-- --------------------------------------------------------

--
-- Table structure for table `account_second_subgroups`
--

CREATE TABLE IF NOT EXISTS `account_second_subgroups` (
  `id` int(12) NOT NULL AUTO_INCREMENT,
  `account_first_subgroup_id` int(12) NOT NULL,
  `name` varchar(255) NOT NULL,
  PRIMARY KEY (`id`)
) ENGINE=InnoDB  DEFAULT CHARSET=latin1 AUTO_INCREMENT=53 ;

--
-- Dumping data for table `account_second_subgroups`
--

INSERT INTO `account_second_subgroups` (`id`, `account_first_subgroup_id`, `name`) VALUES
(1, 1, 'Cash Debtors'),
(2, 1, 'Credit Debtors'),
(3, 2, 'Cash Creditors'),
(4, 2, 'Credit Creditors'),
(5, 4, 'Output Sales Tax'),
(6, 4, 'Input Sales Tax'),
(8, 6, 'Sales Income'),
(9, 4, 'Fright amount'),
(10, 7, 'Staff Advance'),
(11, 8, 'Directors Loan'),
(12, 8, 'Other Than Directors Loan'),
(13, 9, 'VAT Purchases'),
(14, 9, 'CST Purchases'),
(15, 9, 'VAT Paid Purchases'),
(16, 10, 'Other Purchase'),
(17, 11, 'Direct Expenses'),
(18, 12, 'Sales Expenses Direct'),
(19, 13, 'Administration Expenses'),
(20, 13, 'Staff Expenses'),
(21, 13, 'Directors Expenses'),
(22, 14, 'Financial Expenses'),
(23, 15, 'Other Income'),
(24, 17, 'Bank Account'),
(25, 16, 'Other Incomes'),
(26, 21, 'Bank Account OD A/C'),
(27, 24, 'Vehicle Loan'),
(28, 17, 'Petty Cash'),
(29, 20, 'Tangible Assets'),
(30, 20, 'Intangible Assets'),
(31, 20, 'Vehicles'),
(32, 22, 'Share Capital'),
(33, 23, 'Reserves & Surplus'),
(37, 2, 'Due to Related Parties'),
(38, 25, 'Provisions for Expenses'),
(39, 2, 'Other Payables'),
(40, 2, 'Staff Security Deposit'),
(41, 26, 'Shares Investment'),
(44, 20, 'Accrued Depreciation on Tangible Assets'),
(49, 20, 'Accrued Depreciation on Intangible Assets'),
(50, 27, 'Advances and Deposits'),
(51, 17, 'Fixed Deposits in Bank'),
(52, 12, 'Sales Expenses Indirect');

-- --------------------------------------------------------

--
-- Table structure for table `challans`
--

CREATE TABLE IF NOT EXISTS `challans` (
  `id` int(10) NOT NULL AUTO_INCREMENT,
  `customer_id` int(10) NOT NULL,
  `company_id` int(11) NOT NULL,
  `invoice_id` int(11) NOT NULL,
  `invoice_booking_id` int(10) NOT NULL,
  `created_on` date NOT NULL,
  `transporter_id` int(11) NOT NULL,
  `lr_no` varchar(50) NOT NULL,
  `reference_detail` varchar(255) NOT NULL,
  `total` decimal(18,2) NOT NULL,
  `documents` varchar(255) NOT NULL,
  `customer_address` varchar(255) NOT NULL,
  `created_by` int(11) NOT NULL,
  `challan_type` varchar(30) NOT NULL,
  `challan_for` varchar(14) NOT NULL,
  `vendor_id` int(10) NOT NULL,
  `vendor_address` varchar(200) NOT NULL,
  `ch1` varchar(10) NOT NULL,
  `ch2` int(10) NOT NULL,
  `ch3` varchar(10) NOT NULL,
  `ch4` varchar(10) NOT NULL,
  `pass_credit_note` varchar(6) NOT NULL,
  PRIMARY KEY (`id`)
) ENGINE=InnoDB DEFAULT CHARSET=latin1 AUTO_INCREMENT=1 ;

-- --------------------------------------------------------

--
-- Table structure for table `challan_rows`
--

CREATE TABLE IF NOT EXISTS `challan_rows` (
  `id` int(10) NOT NULL AUTO_INCREMENT,
  `challan_id` int(11) NOT NULL,
  `item_id` int(11) NOT NULL,
  `description` varchar(255) NOT NULL,
  `quantity` int(5) NOT NULL,
  `rate` decimal(10,2) NOT NULL,
  `amount` decimal(15,2) NOT NULL,
  PRIMARY KEY (`id`)
) ENGINE=InnoDB DEFAULT CHARSET=latin1 AUTO_INCREMENT=1 ;

-- --------------------------------------------------------

--
-- Table structure for table `companies`
--

CREATE TABLE IF NOT EXISTS `companies` (
  `id` int(10) NOT NULL AUTO_INCREMENT,
  `name` varchar(100) NOT NULL,
  `alias` varchar(10) NOT NULL,
  `address` text NOT NULL,
  `pan_no` varchar(30) NOT NULL,
  `tin_no` varchar(50) NOT NULL,
  `tan_no` varchar(30) NOT NULL,
  `cin_no` varchar(50) NOT NULL,
  `service_tax_no` varchar(30) NOT NULL,
  `landline_no` varchar(15) NOT NULL,
  `mobile_no` varchar(15) NOT NULL,
  `email` varchar(50) NOT NULL,
  `website` varchar(50) NOT NULL,
  `company_group_id` int(11) NOT NULL,
  `inventory_status` varchar(50) NOT NULL,
  `logo` varchar(100) NOT NULL,
  PRIMARY KEY (`id`)
) ENGINE=InnoDB  DEFAULT CHARSET=latin1 AUTO_INCREMENT=28 ;

--
-- Dumping data for table `companies`
--

INSERT INTO `companies` (`id`, `name`, `alias`, `address`, `pan_no`, `tin_no`, `tan_no`, `cin_no`, `service_tax_no`, `landline_no`, `mobile_no`, `email`, `website`, `company_group_id`, `inventory_status`, `logo`) VALUES
(25, 'Shilpa Trade Links Pvt. Ltd.', 'STL', '"A - SQUARE ", 3rd Floor,\r\n1 Shobhagpura, 100 Ft. Road,  \r\nUdaipur - 313011 ( Raj )', 'AACCS0229A', '08743900079', 'JDHS01013F', 'U51101RJ1990PTC005468', '', '02942980435', '8696029999', 'sales@mogragroup.com', 'www.mogragroup.com', 1, 'With Inventory', '58a8183a5a116.png'),
(26, 'Shilpa Mechtrad Ltd.', 'SML', '"A - SQUARE",  3rd Floor,\r\n1, Shobhagpura, 100 ft. Road, \r\nUdaipur-313011 ( Rajasthan ) ', 'AAGCS4913H', '08203900570', '', 'U51102RJ1995PLC010149', '', '02942980435', '8696029999', 'info@mogragroup.com', 'www.mogragroup.com', 1, 'With Inventory', '58a7fe6ac6c80.png'),
(27, 'Fluid Management & Solutions LLP', 'FMSL', '" A-Square ", 3rd Floor,\r\n100 Ft. Road, 1 Shobhagpura,\r\nUdaipur 313011 ( Raj. )', 'AAEFF0911B', '08453967799', 'JDHF00466E', 'AAD5399', '', '2980435', '8696029999', 'info@mogragroup.com', 'www.mogragroup.com', 1, 'With Inventory', '57fcb8149f735.png');

-- --------------------------------------------------------

--
-- Table structure for table `company_banks`
--

CREATE TABLE IF NOT EXISTS `company_banks` (
  `id` int(10) NOT NULL AUTO_INCREMENT,
  `company_id` int(10) NOT NULL,
  `bank_name` varchar(255) NOT NULL,
  `branch` varchar(255) NOT NULL,
  `account_no` bigint(20) NOT NULL,
  `ifsc_code` varchar(100) NOT NULL,
  `default_bank` tinyint(1) NOT NULL,
  PRIMARY KEY (`id`)
) ENGINE=InnoDB  DEFAULT CHARSET=latin1 AUTO_INCREMENT=22 ;

--
-- Dumping data for table `company_banks`
--

INSERT INTO `company_banks` (`id`, `company_id`, `bank_name`, `branch`, `account_no`, `ifsc_code`, `default_bank`) VALUES
(17, 25, 'Union Bank of India', 'New Fatehpura Udaipur', 394004010029332, 'UBIN0539406', 1),
(18, 25, 'SBBJ', 'Shobhagpura', 29762460011, 'SBBJ0011485', 0),
(20, 26, 'State Bank of Bikaner & Jaipur', 'Shobhagpura', 61299211176, 'SBBJ0011485', 1),
(21, 27, 'State Bank of Bikaner & Jaipur', 'Shobhagpura', 61297460226, 'SBBJ0011485', 1);

-- --------------------------------------------------------

--
-- Table structure for table `company_groups`
--

CREATE TABLE IF NOT EXISTS `company_groups` (
  `id` int(10) NOT NULL AUTO_INCREMENT,
  `name` varchar(255) NOT NULL,
  PRIMARY KEY (`id`)
) ENGINE=InnoDB  DEFAULT CHARSET=latin1 AUTO_INCREMENT=2 ;

--
-- Dumping data for table `company_groups`
--

INSERT INTO `company_groups` (`id`, `name`) VALUES
(1, 'Mogra Group');

-- --------------------------------------------------------

--
-- Table structure for table `contra_vouchers`
--

CREATE TABLE IF NOT EXISTS `contra_vouchers` (
  `id` int(10) NOT NULL AUTO_INCREMENT,
  `voucher_no` varchar(10) NOT NULL,
  `cheque_no` varchar(25) NOT NULL,
  `created_on` date NOT NULL,
  `transaction_date` date NOT NULL,
  `cash_bank_from` int(10) NOT NULL,
  `payment_mode` varchar(100) NOT NULL,
  `cash_bank_to` int(10) NOT NULL,
  `narration` text NOT NULL,
  `amount` decimal(15,2) NOT NULL,
  `company_id` int(11) NOT NULL,
  `created_by` int(11) NOT NULL,
  `edited_by` int(10) NOT NULL,
  `edited_on` date NOT NULL,
  PRIMARY KEY (`id`)
) ENGINE=InnoDB DEFAULT CHARSET=latin1 AUTO_INCREMENT=1 ;

-- --------------------------------------------------------

--
-- Table structure for table `credit_notes`
--

CREATE TABLE IF NOT EXISTS `credit_notes` (
  `id` int(10) NOT NULL AUTO_INCREMENT,
  `voucher_no` varchar(10) NOT NULL,
  `created_on` date NOT NULL,
  `transaction_date` date NOT NULL,
  `purchase_acc_id` int(10) NOT NULL,
  `payment_mode` varchar(100) NOT NULL,
  `party_id` int(10) NOT NULL,
  `narration` text NOT NULL,
  `amount` decimal(15,2) NOT NULL,
  `company_id` int(11) NOT NULL,
  `created_by` int(11) NOT NULL,
  `edited_by` int(11) NOT NULL,
  `edited_on` date NOT NULL,
  `cheque_no` varchar(25) NOT NULL,
  PRIMARY KEY (`id`)
) ENGINE=InnoDB DEFAULT CHARSET=latin1 AUTO_INCREMENT=1 ;

-- --------------------------------------------------------

--
-- Table structure for table `customers`
--

CREATE TABLE IF NOT EXISTS `customers` (
  `id` int(10) NOT NULL AUTO_INCREMENT,
  `customer_group_id` int(10) NOT NULL,
  `customer_name` varchar(255) NOT NULL,
  `alias` varchar(255) NOT NULL,
  `district_id` int(10) NOT NULL,
  `company_group_id` int(10) NOT NULL,
  `customer_seg_id` int(10) NOT NULL,
  `tin_no` varchar(100) NOT NULL,
  `gst_no` varchar(100) NOT NULL,
  `pan_no` varchar(100) NOT NULL,
  `ecc_no` varchar(100) NOT NULL,
  `flag` int(2) NOT NULL DEFAULT '0',
  `employee_id` int(10) NOT NULL,
  `payment_terms` int(2) NOT NULL,
  `mode_of_payment` varchar(20) NOT NULL,
  `credit_limit` int(8) NOT NULL,
  `transporter_id` int(10) NOT NULL,
  `account_category_id` int(10) NOT NULL,
  `account_group_id` int(10) NOT NULL,
  `account_first_subgroup_id` int(10) NOT NULL,
  `account_second_subgroup_id` int(10) NOT NULL,
  `bill_to_bill_account` varchar(10) NOT NULL DEFAULT 'No',
  PRIMARY KEY (`id`)
) ENGINE=InnoDB  DEFAULT CHARSET=latin1 AUTO_INCREMENT=135 ;

--
-- Dumping data for table `customers`
--

INSERT INTO `customers` (`id`, `customer_group_id`, `customer_name`, `alias`, `district_id`, `company_group_id`, `customer_seg_id`, `tin_no`, `gst_no`, `pan_no`, `ecc_no`, `flag`, `employee_id`, `payment_terms`, `mode_of_payment`, `credit_limit`, `transporter_id`, `account_category_id`, `account_group_id`, `account_first_subgroup_id`, `account_second_subgroup_id`, `bill_to_bill_account`) VALUES
(1, 4, 'Hindustan Zinc Ltd ', 'Dariba Smelter Complex', 4, 0, 1, '08053901768', '', 'AAACH7354K', 'AAACH7354KXM003', 0, 11, 30, 'NEFT', 1000000, 7, 1, 2, 1, 2, 'Yes'),
(2, 2, 'Ultratech Cement Limited', 'Unit-Aditya Cement Works', 2, 0, 3, '08832112853', '', 'AAACL6442L', 'AAACL6442LEM033', 0, 11, 30, 'Cheque', 1000000, 7, 1, 2, 1, 2, 'Yes'),
(3, 1, 'JK Laxmi Cement Ltd', 'JK Laxmi Cement Ltd', 7, 0, 3, '08453300051', '', 'AAACJ6715G', 'AAACJ6715GXM003', 0, 15, 30, 'Cheque', 1000000, 2, 1, 2, 1, 2, 'Yes'),
(4, 8, 'Shree Cement Limited', 'Shree Cement Ltd Unit 1', 3, 0, 3, '08530101044', '', 'AACCS8796G', 'AACCS8796GXM001', 0, 4, 30, 'Cheque', 1000000, 7, 1, 2, 1, 2, 'Yes'),
(5, 9, 'Trinetra Cement Ltd', 'The India Cement', 17, 0, 3, '08513750195', '', 'AAACI0990C', 'AAACI0990CXM002', 0, 4, 30, 'Cheque', 1000000, 12, 1, 2, 1, 2, 'Yes'),
(6, 2, 'Ultratech Cement Limited', 'Unit: Vikram Cement Works', 10, 0, 3, '23762701822', '', 'AAACL6442L', 'AAACL6442LEM031', 0, 11, 30, 'Cheque', 100000, 13, 1, 2, 1, 2, 'Yes'),
(7, 7, 'Adani Power Rajasthan Ltd.', 'Adani ', 19, 0, 8, '08932910817', '', 'AAGCA9379P', '', 0, 7, 30, 'NEFT', 100000, 15, 1, 2, 1, 2, 'Yes'),
(8, 10, 'Shriram Rayons', 'Shriram Rayons', 13, 0, 2, '08672951700', '', 'AAACD0204C', 'AAACD0204CXM004', 0, 7, 2, 'Cheque', 100000, 3, 1, 2, 1, 1, 'Yes'),
(9, 1, 'Mangalam Cement Ltd', 'Mangalam Cement Ltd', 13, 0, 3, '08442902696', '', 'AABCM6602Q', 'AABCM6602QXM001', 0, 7, 30, 'NEFT', 100000, 15, 1, 2, 1, 2, 'Yes'),
(10, 11, 'Sutlej Textiles and Industries Limited', 'Sutlej Textiles and Industries Limited', 30, 0, 2, '08223050160', '', 'AAJCS1850N', 'AAJCS1850NXM001', 0, 7, 15, 'NEFT', 200000, 15, 1, 2, 1, 2, 'Yes'),
(11, 1, 'Ambuja Cements Limited', 'Unit-Rabriyawas', 16, 0, 3, '08160101490', '', 'AAACG0569P', 'AAACG0569PXM008', 0, 4, 30, 'Cheque', 100000, 7, 1, 2, 1, 2, 'Yes'),
(12, 4, 'Hindustan Zinc Ltd ', 'Sindesar Khurd Mine', 4, 0, 1, '08053901768', '', 'AAACH7354K', 'AAACH7354KEM070', 0, 11, 30, 'Cheque', 1000000, 16, 1, 2, 1, 2, 'Yes'),
(15, 0, 'J.K. Cement Works Mangrol', 'Unit of J.K. Cement Ltd.', 2, 0, 3, '08841152305', '', 'AABCJ0355R', 'AABCJ0355RXM003', 0, 15, 30, 'Cheque', 100000, 7, 1, 2, 1, 2, 'Yes'),
(16, 4, 'Hindustan Zinc Ltd', 'Haridwar Zinc Plant', 37, 0, 1, '05007432844', '', 'AAACH7354K', 'AAACH7354KXM016', 0, 11, 30, 'NEFT', 100000, 1, 1, 2, 1, 2, 'Yes'),
(17, 4, 'Hindustan Zinc Ltd', 'Rajpura Dariba Mines', 4, 0, 1, '08053901768', '', 'AAACH7354K', 'AAACH7354KXM003', 0, 11, 30, 'NEFT', 1000000, 16, 1, 2, 1, 2, 'Yes'),
(18, 4, 'Hindustan Zinc Ltd', 'Chanderia Smelter Complex (CPP)', 2, 0, 1, '08053901768', '', 'AAAPM7450Q', 'AAAPM7450QXD001', 0, 11, 30, 'Cheque', 200000, 7, 1, 2, 1, 2, 'Yes'),
(19, 4, 'Hindustan Zinc Ltd', 'Unit-Pyro Plant', 2, 0, 1, '08053901768', '', 'AAACH7354K', 'AAACH7354KXM005', 0, 11, 30, 'Cheque', 100000, 7, 1, 2, 1, 2, 'Yes'),
(20, 4, 'Hindustan Zinc ltd', 'Zinc Smelter Debari', 1, 0, 1, '08053901768', '', 'AAACH7354K', 'AAACH7354KXM010', 0, 11, 30, 'Cheque', 100000, 16, 1, 2, 1, 2, 'Yes'),
(21, 4, 'Hindustan Zinc Ltd', 'CPP Zawar Mines', 1, 0, 1, '08053901768', '', 'AAACH7354K', 'AAACH7354KXM008', 0, 11, 30, 'Cheque', 100000, 16, 1, 2, 1, 2, 'Yes'),
(22, 2, 'Ultratech Cement Limited', 'Unit-Birla White', 15, 0, 3, '08832112853', '', 'AAACL6442L', 'AAACL6442LEM034', 0, 11, 30, 'Cheque', 500000, 2, 1, 2, 1, 2, 'Yes'),
(23, 2, 'Ultratech Cement Limited', 'Unit-Sewagram Cement Works', 38, 0, 3, '24131300430', '', 'AAACL6442L', 'AAACL6442LEM182', 0, 11, 30, 'Cheque', 100000, 26, 1, 2, 1, 2, 'Yes'),
(24, 2, 'Ultratech Cement Limited', 'Unit-Bathinda Cement Works', 39, 0, 3, '03231021288', '', 'AAACL6442L', 'AAACL6442LEM021', 0, 11, 30, 'Cheque', 100000, 27, 1, 2, 1, 2, 'Yes'),
(25, 2, 'Ultratech Cement Limited', 'Unit-Awarpur Cement Works', 40, 0, 3, '27710299627', '', 'AAACL6442L', 'AAACL6442LXM005', 0, 11, 30, 'Cheque', 100000, 27, 1, 2, 1, 2, 'Yes'),
(26, 2, 'Ultratech Cement Limited', 'Unit-Kotputli Cement Works', 14, 0, 3, '08832112853', '', 'AAACL6442L', 'AAACL6442LEM032', 0, 15, 30, 'Cheque', 100000, 1, 1, 2, 1, 2, 'Yes'),
(29, 8, 'Shree Cement Limited', 'Unit -RAS', 16, 0, 3, '08530101044', '', 'AACCS8796G', 'AACCS8796GXM003', 0, 11, 30, 'Cheque', 100000, 7, 1, 2, 1, 2, 'Yes'),
(30, 8, 'Shree Raipur Cement Plant', 'Unit-Shree Cement Ltd', 9, 0, 3, '22851308675', '', 'AACCS8796G', 'AACCS8796GEM011', 0, 11, 30, 'Cheque', 100000, 27, 1, 2, 1, 2, 'Yes'),
(31, 8, 'Shree Cement Unit Panipat', 'Panipat', 41, 0, 3, '06021913366', '', 'AACCS8796G', 'AACCS8796GSD015', 0, 11, 30, 'Cheque', 100000, 1, 1, 2, 1, 2, 'Yes'),
(32, 5, 'RSWM Limited', 'Power Plant', 17, 0, 2, '08041001037', '', 'AAACR9700M', 'AAACR9700MXM003', 0, 11, 30, 'Cheque', 100000, 12, 1, 2, 1, 2, 'Yes'),
(33, 5, 'RSWM Limited', 'Unit:-LNJ Denim', 17, 0, 2, '08041001037', '', 'AAACR9700M', 'AAACR9700MXM003', 0, 11, 30, 'Cheque', 100000, 12, 1, 2, 1, 2, 'Yes'),
(34, 5, 'RSWM Limited', 'Unit-Rishabhdev', 1, 0, 2, '08041001037', '', 'AAACR9700M', 'AAACR9700MXM002', 0, 11, 30, 'Cheque', 100000, 28, 1, 2, 1, 2, 'Yes'),
(35, 1, 'Cavendish Industries Limited', 'CIL', 37, 0, 4, '05015370839', '', 'AAFCC8999J', 'AAFCC8999JSD002', 0, 7, 30, 'Cheque', 50000, 3, 1, 2, 1, 2, 'Yes'),
(36, 5, 'BMD Pvt Ltd', 'BMD ', 17, 0, 2, '08671003940', '', 'AABCB2235N', 'AABCB2235NXM001', 0, 11, 30, 'Cheque', 150000, 12, 1, 2, 1, 2, 'Yes'),
(37, 1, 'Ginni international Ltd.', 'GIL', 42, 0, 2, '08570700482', '08570700482', 'AAACG0182E', 'AAACG0182EXM001', 0, 15, 15, 'Cheque', 100000, 3, 1, 2, 1, 2, 'Yes'),
(38, 10, 'Shriram Fertilisers & Chemicals', 'Shriram Fertilisers & Chemicals', 13, 0, 4, '08452101422', '', 'AAACD0097R', 'AAACD0097RST007', 0, 15, 30, 'NEFT', 50000, 15, 1, 2, 1, 2, 'Yes'),
(40, 1, 'Maharaja Shree Umaid Mills Ltd', 'Maharaja Shree Umaid Mills Ltd', 16, 0, 2, '08613251269', '', 'AABCM1849B', 'AABCM1849BXM001', 0, 4, 30, 'Cheque', 100000, 22, 1, 2, 1, 2, 'Yes'),
(41, 1, 'Banawara Syntex Limited', 'Unit BTM', 17, 0, 2, '08203750996', '', 'AAACB8403F', 'AAACB8403FXM001', 0, 4, 30, 'Cheque', 100000, 12, 1, 2, 1, 2, 'Yes'),
(42, 13, 'Udaipur Cement Works Ltd', 'Unit of JK Laxmi Cement', 1, 0, 3, '08134000373', '', 'AAACU8858M', 'AAACU8858MEM001', 0, 4, 30, 'Cheque', 100000, 29, 1, 2, 1, 2, 'Yes'),
(43, 1, 'Neyveli Lignite Corporation Limited', 'NLC', 11, 0, 8, '08351305980', '', 'AAACN1121C', 'AAACN1121CEM011', 0, 11, 45, 'Cheque', 100000, 3, 1, 2, 1, 2, 'Yes'),
(44, 1, 'Wonder Cement Ltd.', 'Unit-Nimbahera', 2, 0, 3, '08400058969', '`', 'AAACW6009L', 'AAACW6009LEM001', 0, 15, 30, 'Cheque', 100000, 15, 1, 2, 1, 2, 'Yes'),
(45, 6, 'Sangam (India) Limited', 'Sangam India', 5, 0, 2, '08111002405', '', 'AACC0486K', 'AACC0486KXM001', 0, 15, 30, 'Cheque', 100000, 7, 1, 2, 1, 2, 'Yes'),
(46, 5, 'RSWM Limited', 'Unit-Gulabpura', 5, 0, 2, '08041001037', '', 'AAACR9700M', 'AAACR9700MXM002', 0, 12, 30, 'Cheque', 100000, 2, 1, 2, 1, 2, 'Yes'),
(47, 1, 'Nuvoco Vistas Corp. Ltd. ', 'NVCL(Lafarge) ', 2, 0, 3, '08392113289', '', 'AAACL4159L', 'AAACL4159LEM006', 0, 15, 30, 'NEFT', 100000, 7, 1, 2, 1, 2, 'Yes'),
(48, 1, 'Jindal Saw Ltd.', 'Jindal Saw Ltd.', 5, 0, 1, '08044052269', '', 'AABCS7280C', 'AABCS7280CEM018', 0, 15, 30, 'Cheque', 100000, 7, 1, 2, 1, 2, 'Yes'),
(49, 1, 'Kalisindh Thermal Power Project ', 'KTPP-RRVUNL', 30, 0, 8, '08332105465', '', '', '', 0, 15, 30, 'Cheque', 100000, 15, 1, 2, 1, 2, 'Yes'),
(50, 1, 'Chhabra Thermal Power Project', 'CTPS-RRVUNL', 19, 0, 8, '08332105465', '', '', '', 0, 12, 30, 'Cheque', 100000, 15, 1, 2, 1, 2, 'Yes'),
(51, 1, 'Parle Biscuit Pvt. Ltd. ', 'Parle Biscuit Pvt. Ltd. ', 42, 0, 7, '08440700796', '', 'AAACP0485D', 'AAACP0485DXM001', 0, 15, 30, 'Cheque', 100000, 27, 1, 2, 1, 2, 'Yes'),
(52, 1, 'United Spirits Limited ', 'Unit- Alwar', 42, 0, 6, '08432101045', '', '', '', 0, 15, 30, 'Cheque', 100000, 1, 1, 2, 1, 2, 'Yes'),
(53, 1, 'United Spirits Ltd.', 'Unit- Udaipur', 1, 0, 6, '08432101045', '', '', '', 0, 15, 30, 'Cheque', 100000, 29, 1, 2, 1, 2, 'Yes'),
(54, 1, 'Balkrishna Industries Ltd.', 'Unit-Chopanki', 42, 0, 7, '08470852051', '', 'AAACB3333J', 'AAACB3333JXM011', 0, 15, 30, 'Cheque', 100000, 1, 1, 2, 1, 2, 'Yes'),
(55, 1, 'Balkrishna Industries Ltd.', 'Unit-Bhiwadi', 42, 0, 7, '05470852051', '', 'AAACB3333J', 'AAACB3333JXM012', 0, 15, 30, 'Cheque', 100000, 1, 1, 2, 1, 2, 'Yes'),
(56, 1, 'Sabmiller India Ltd.', 'Unit-Rochees Breweries', 42, 0, 6, '08743900079', '', 'AAICS2238R', 'AAICS2238R', 0, 15, 30, 'Cheque', 100000, 3, 1, 2, 1, 2, 'Yes'),
(57, 10, 'Shriram Axiall', 'Shriram Axiall', 13, 0, 4, '08762960623', '', 'AAMCS7912E', 'AAMCS7912EEM001', 0, 15, 30, 'Cheque', 100000, 15, 1, 2, 1, 2, 'Yes'),
(58, 1, 'J K Tyre & Industries Ltd.', 'J K Tyre & Industries Ltd.', 4, 0, 7, '08851250124', '', 'AAACJ6716F', 'AAACJ6716FXM003', 0, 15, 30, 'Cheque', 100000, 3, 1, 2, 1, 2, 'Yes'),
(59, 1, 'Sanjeev Traders', 'Sanjeev Traders', 5, 0, 10, '08421004320', '', '', '', 0, 15, 30, 'Cheque', 100000, 7, 1, 2, 1, 2, 'Yes'),
(60, 1, 'Birla Corporation Limited', 'Unit-Birla cement Works', 2, 0, 3, '08761103461', '', 'AABCB2075J', 'AABCB2075JXM011', 0, 15, 30, 'Cheque', 100000, 7, 1, 2, 1, 2, 'Yes'),
(61, 1, 'Chambal Fertilisers And Chemicals Limited', 'CFCL', 13, 0, 4, '08222951511', '', 'AAACC9762A', 'AAACC9762AXM002', 0, 15, 30, 'Cheque', 100000, 15, 1, 2, 1, 2, 'Yes'),
(62, 1, 'Lucid Colloid Ltd.', 'Lucid Colloid Ltd.', 15, 0, 7, '08692652832', '', 'AAACL2673B', 'AAACL2673BXM001', 0, 11, 30, 'Cheque', 100000, 2, 1, 2, 1, 2, 'Yes'),
(63, 1, 'Kota Super Thermal Power Plant ', 'KSTPS-RRVUNL', 13, 0, 8, '08332105465', '', '', '', 0, 12, 30, 'Cheque', 100000, 15, 1, 2, 1, 2, 'Yes'),
(64, 1, 'United Breweries Limited', 'Unit- Chopanki', 42, 0, 6, '08040583694', '', '', '', 0, 15, 30, 'Cheque', 100000, 1, 1, 2, 1, 2, 'Yes'),
(65, 1, 'Carlsberg India Pvt. Ltd.', 'CIPL', 42, 0, 6, '08020605967', '', 'AAJCS8454J', '', 0, 15, 30, 'Cheque', 100000, 3, 1, 2, 1, 2, 'Yes'),
(66, 5, 'RSWM Limited', 'Unit- Mandpam', 5, 0, 2, '08041001037', '', 'AAACR9700M', 'AAACR9700MXM001', 0, 15, 30, 'Cheque', 100000, 7, 1, 2, 1, 2, 'Yes'),
(67, 1, 'H.S. Engineering & Marketing', 'HSEM', 43, 0, 10, '27640135784', '', 'AAEHV9693L', '', 0, 7, 30, 'Cheque', 100000, 10, 1, 2, 1, 2, 'Yes'),
(68, 1, 'Suratgarh Super thermal Power Station', 'SSTPS-RRVUNL', 26, 0, 8, '08332105465', '', 'AABCR7436B', '', 0, 18, 30, 'NEFT', 1000000, 1, 1, 2, 1, 2, 'Yes'),
(69, 1, 'United Breweries Ltd.-Dharuhera', 'Unit-Dharuhera', 44, 0, 6, '06482703178', '', '', '', 0, 15, 30, 'Cheque', 100000, 3, 1, 2, 1, 2, 'Yes'),
(70, 1, 'Honda Cars India Pvt. Ltd.', 'HCIPL', 42, 0, 5, '0828054435', '', 'AAACH1765Q', 'AAACH1765QXM002', 0, 15, 30, 'Cheque', 100000, 3, 1, 2, 1, 2, 'Yes'),
(71, 1, 'Wasser Technochem (India) Ltd.', 'WTIL', 18, 0, 10, '08810002823', '', 'ACGPM7046L', 'ACGPM7046LXD001', 0, 15, 30, 'Cheque', 100000, 7, 1, 2, 1, 2, 'Yes'),
(72, 1, 'Bhavik Terryfab', 'Unit of KG Petrochem Limited', 14, 0, 2, '08511659554', '', 'AAACK7052R', 'AAACK7052RXM002', 0, 15, 30, 'Cheque', 100000, 1, 1, 2, 1, 2, 'Yes'),
(73, 1, 'Rajasthan Liquors Ltd', 'Rajasthan Liquors Ltd', 14, 0, 6, '08591757383', '', '', '', 0, 15, 30, 'Cheque', 100000, 1, 1, 2, 1, 2, 'Yes'),
(74, 1, 'Varun Beverages Ltd.', 'Chopanki', 42, 0, 6, '08621650618', '', 'AAACV2678L', 'AAACV2678LXM005', 0, 15, 30, 'Cheque', 100000, 3, 1, 2, 1, 2, 'Yes'),
(75, 1, 'Nissin Brake India Pvt. Ltd.', 'Nissin Brake India Pvt. Ltd.', 42, 0, 5, '08880702699', '', 'AACCN3633K', 'AACCN3633KXM001', 0, 15, 30, 'Cheque', 100000, 1, 1, 2, 1, 2, 'Yes'),
(76, 1, 'Saint Gobain Glass India Ltd.', 'Saint Gobain Glass India Ltd.', 42, 0, 7, '08710855314', '', 'AABCS4338M', 'AABCS4338MEM007', 0, 15, 30, 'Cheque', 100000, 3, 1, 2, 1, 2, 'Yes'),
(77, 1, 'Kajaria Ceramics Ltd.', 'KCL', 42, 0, 7, '08930850925', '', 'AABCK1613R', 'AABCK1613RXM001', 0, 15, 30, 'Cheque', 100000, 1, 1, 2, 1, 2, 'Yes'),
(78, 7, 'Adani Wilmar Ltd.', 'Unit- Alwar', 42, 0, 12, '08592105419', '', 'AABCA8056G', '', 0, 15, 30, 'Cheque', 100000, 1, 1, 2, 1, 2, 'Yes'),
(79, 1, 'Jaquar & Company Pvt. Ltd.', 'Unit-Bhiwadi', 42, 0, 7, '08320852279', '', 'AAACJ2324F', 'AAACJ2324FXM003', 0, 15, 30, 'Cheque', 100000, 1, 1, 2, 1, 2, 'Yes'),
(80, 1, 'Siegwerk India Pvt. Ltd.', 'Siegwerk India Pvt. Ltd.', 42, 0, 7, '08330853777', '', 'AAACG4845N', 'AAACG4845NXM010', 0, 15, 30, 'Cheque', 100000, 1, 1, 2, 1, 2, 'Yes'),
(81, 1, 'Crystal Chemicals & Engineers', 'CCE', 14, 0, 7, '08041651034', '', 'AFCPS1819Q', '', 0, 15, 30, 'Cheque', 100000, 1, 1, 2, 1, 2, 'Yes'),
(83, 4, 'Hindustan Zinc Ltd', 'Rampura Agucha Mines', 5, 0, 1, '08053901768', '', 'AAACH7354K', 'AAACH7354KXM002', 0, 11, 30, 'NEFT', 1000000, 7, 1, 2, 1, 2, 'Yes'),
(84, 1, 'Dabur India Limited-Alwar Unit', 'Unit-Alwar', 42, 0, 6, '08720600732', '', 'AAACD0474C', 'AAACD0474CXM008', 0, 15, 30, 'Cheque', 100000, 3, 1, 2, 1, 2, 'Yes'),
(85, 1, 'Sika India Pvt. Ltd.', 'Sika India Pvt. Ltd.', 14, 0, 5, '08152105370', '', 'AAECS1119F', '', 0, 15, 30, 'Cheque', 100000, 1, 1, 2, 1, 2, 'Yes'),
(86, 1, 'Nachi Technology India Pvt Ltd ', 'Nachi Technology India Pvt Ltd ', 42, 0, 5, '08200704420', '', 'AADCN9030F', 'AADCN9030FEM001', 0, 15, 25, 'Cheque', 100000, 3, 1, 2, 1, 2, 'Yes'),
(88, 1, 'J.K White Cement Works ', 'Unit of JK Cement Ltd. ', 33, 0, 3, '08841152305', '', 'AABCJ0355R', 'AABCJ0355RXM001', 0, 11, 25, 'NEFT', 100000, 2, 1, 2, 1, 2, 'Yes'),
(89, 1, 'Ajanta Polymer Pvt Ltd', 'APPL', 42, 0, 4, '08360607429', '', 'AAHCA6181G', 'AAHCA6181GEM001', 0, 15, 30, 'Cheque', 100000, 1, 1, 2, 1, 2, 'Yes'),
(90, 1, 'Daikin Airconditioning India Pvt. Ltd. ', 'DAIPL', 42, 0, 7, '8452105399', '', 'AABCD0971F', 'AABCD0971FXM001', 0, 15, 30, 'Cheque', 100000, 3, 1, 2, 1, 2, 'Yes'),
(91, 1, 'Vintage Distillers Ltd.', 'Vintage Distillers Ltd.', 42, 0, 6, '08440600401', '', 'AAACV2120K', '', 0, 15, 30, 'Cheque', 100000, 1, 1, 2, 1, 2, 'Yes'),
(92, 14, 'Rajshree Pulp And Board Mills Pvt. Ltd.', 'Rajshree Pulp And Board Mills Pvt. Ltd.', 14, 0, 7, '08022253512', '', 'AACCR7812G', 'AACCR7812GXM001', 0, 15, 30, 'Cheque', 100000, 1, 1, 2, 1, 2, 'Yes'),
(93, 1, 'Sodexo Food Solution India Pvt. Ltd', '(Jodhpur)', 15, 0, 6, '08222551677', '', 'AAACR2547Q', '', 0, 4, 0, 'NEFT', 0, 2, 1, 2, 1, 2, 'Yes'),
(94, 1, 'A.H. Corporation', 'A.H. Corporation', 1, 0, 10, '08184003789', '', 'AEDPH2393N', '', 0, 7, 7, 'Cheque', 50000, 29, 1, 2, 1, 2, 'Yes'),
(95, 4, 'Hindustan Zinc Ltd', 'Hydro -I ,Unit II', 2, 0, 1, '08053901768', '', 'AAACH7354K', 'AAACH7354KXM005', 0, 11, 30, 'NEFT', 100000, 7, 1, 2, 1, 2, 'Yes'),
(96, 15, 'RSPL Group', 'RSPL Group', 46, 0, 11, '23157504482', '', 'AADCS7820A', 'AADCS7820AXM026', 0, 15, 30, 'Cheque', 100000, 1, 1, 2, 1, 2, 'Yes'),
(97, 1, 'Rajasthan Rajya Vidhyut Utpadan Ltd', '(Banswara)', 17, 0, 8, '08332105465', '', '', '', 0, 11, 30, 'Cheque', 1000000, 12, 1, 2, 1, 2, 'Yes'),
(98, 7, 'Adani Wilmar Ltd.', 'Unit-Bundi', 21, 0, 12, '08592105419', '', 'AABCA8056G', 'AABCA8056GXM004', 0, 15, 30, 'Cheque', 100000, 15, 1, 2, 1, 2, 'Yes'),
(101, 1, 'Advantage Oils Pvt. Ltd.', 'AOPL', 21, 0, 12, '08512807355', '', 'AAMCA0464H', '', 0, 15, 30, 'Cheque', 100000, 15, 1, 2, 1, 2, 'Yes'),
(102, 0, 'Mahesh Edible Oil Industries Ltd.', 'Mahesh Edible Oil Industries Ltd.', 13, 0, 12, '08342909638', '', '', '', 0, 15, 30, 'Cheque', 100000, 15, 1, 2, 1, 2, 'Yes'),
(103, 1, 'ACC Limited', 'Unit-Lakheri Cement  Works', 21, 0, 3, '08252801090', '', 'AAACT1507C', 'AAACT1507CXM013', 0, 15, 30, 'Cheque', 100000, 15, 1, 2, 1, 2, 'Yes'),
(104, 1, 'Ruchi Soya Industries Ltd.', 'Ruchi Soya Industries Ltd.', 26, 0, 12, '08071606834', '', 'AAACR2892L', 'AAACR2892LEM012', 0, 15, 30, 'Cheque', 100000, 1, 1, 2, 1, 2, 'Yes'),
(105, 1, 'K.S.Oils Limited', 'K.S.Oils Limited', 13, 0, 12, '08052558803', '', '', '', 0, 15, 30, 'Cheque', 100000, 15, 1, 2, 1, 2, 'Yes'),
(106, 1, 'Khilari Infrastructure Pvt. Ltd.', 'KIPL', 1, 0, 10, '08123965604', '', 'AAFCA9143A', '', 0, 15, 30, 'Cheque', 100000, 29, 1, 2, 1, 2, 'Yes'),
(107, 10, 'Shriram Cement Works ', 'Shriram Cement Works ', 13, 0, 3, '08452101422', '', 'AAAC0097R', 'AAAC0097RXM003', 0, 15, 30, 'Cheque', 100000, 15, 1, 2, 1, 2, 'Yes'),
(108, 1, 'KEI Industries Limited ', 'Kei Industries Limited', 42, 0, 13, '08600850088', '', 'AAACK0251C', 'AAACK0251CXM004', 0, 15, 30, 'Cheque', 100000, 1, 1, 2, 1, 2, 'Yes'),
(109, 1, 'Juneja Wires Pvt. Ltd.', 'Juneja Wires Pvt. Ltd.', 14, 0, 13, '8552162089', '', 'AABCJ9179M', '', 0, 15, 30, 'Cheque', 100000, 1, 1, 2, 1, 2, 'Yes'),
(110, 8, 'Shree Cement Ltd.,', '(Khushkhera Cement Grinding Project)', 42, 0, 3, '08743900079', '', 'AACCS8796G', 'AACCS8796GXM004', 0, 11, 30, 'Cheque', 20000, 1, 1, 2, 1, 2, 'Yes'),
(111, 1, 'Cattle Feed Plant ', '(A Unit of Rajasthan Dairy Federation Limited)', 20, 0, 6, '08890752007', '', '', '', 0, 15, 30, 'Cheque', 100000, 1, 1, 2, 1, 2, 'Yes'),
(112, 1, 'Sigma Electric Mfg Corp (P) Ltd.', 'SEMCPL', 14, 0, 13, '08161665712', '', 'AADCS9493H', 'AADCS9493HXM004', 0, 15, 30, 'Cheque', 100000, 1, 1, 2, 1, 2, 'Yes'),
(114, 8, 'Shree Cement Limited', '(Shree Mega Power)', 18, 0, 3, '085301044', '', 'AACCS8796G', 'AACCS8796GXM001', 0, 11, 30, 'Cheque', 20000, 7, 1, 2, 1, 2, 'Yes'),
(115, 1, 'Raj West Power Limited', 'RWPL', 12, 0, 8, '08771763589', '', 'AAACR8812L', 'AAACR8812LEM001', 0, 4, 30, 'NEFT', 100000, 2, 1, 2, 1, 2, 'Yes'),
(116, 0, 'Heavy Water Project Stores', 'Stores Unit', 13, 0, 8, '08591101081', '', '', '', 0, 11, 30, 'Cheque', 100000, 15, 1, 2, 1, 2, 'Yes'),
(117, 1, 'G.D. Foods Mfg.(I) Pvt. Ltd.', 'G.D. Industrial', 42, 0, 6, '08120700972', '', '', '', 0, 15, 30, 'Cheque', 100000, 1, 1, 2, 1, 2, 'Yes'),
(118, 1, 'Jai Maaa Sagra Construction ', 'JMSC', 2, 0, 7, '08271105525', '', 'AHYPJ6824A', '', 0, 11, 30, 'Cheque', 100000, 7, 1, 2, 1, 2, 'Yes'),
(119, 1, 'Mark Splendour Nonwovens (P) Limited', 'MSNPL', 42, 0, 10, '08920853889', '', 'AAECM4716A', 'AAECM4716AXM001', 0, 15, 30, 'Cheque', 100000, 3, 1, 2, 1, 2, 'Yes'),
(120, 1, 'Binai Cement Ltd.', 'BCL', 7, 0, 3, '08763301287', '', 'AABCB3087C', 'AABCB3087CXM001', 0, 11, 30, 'Cheque', 100000, 29, 1, 2, 1, 2, 'Yes'),
(121, 1, 'Bestex MM India Pvt. Ltd. ', 'BIPL', 42, 0, 7, '08714200068', '', 'AACCB8837H', 'AACCB8837HXM001', 0, 15, 30, 'Cheque', 100000, 1, 1, 2, 1, 2, 'Yes'),
(122, 1, 'Taya Ceramics Pvt. Ltd. ', 'TCPL', 1, 0, 7, '08703952772', '', 'AACCT5454E', '', 0, 11, 30, 'Cheque', 100000, 29, 1, 2, 1, 2, 'Yes'),
(123, 1, 'PI Industries Ltd.', 'PI', 1, 0, 7, '08613951706', '', 'AABCP2183M', 'AABCP2183MXM001', 0, 4, 30, 'Cheque', 100000, 29, 1, 2, 1, 2, 'Yes'),
(124, 1, 'Ronak Processors Pvt.Ltd', 'RPPL', 5, 0, 2, '08761004618', '', '', '', 0, 15, 30, 'Cheque', 100000, 7, 1, 2, 1, 2, 'Yes'),
(125, 1, 'Fateh Enviro Engineers Pvt Ltd', 'FEPL', 12, 0, 7, '08932406320', '', 'AACCF4379G', '', 0, 4, 0, 'NEFT', 100000, 23, 1, 2, 1, 2, 'Yes'),
(126, 0, 'Reliance Chemotex Industries Limited', 'RCIL', 1, 0, 2, '08253904471', '', 'AABCR3739H', 'AABCR3739HXM001', 0, 4, 7, 'Cheque', 100000, 29, 1, 2, 1, 2, 'Yes'),
(127, 1, 'Tripple Star Agri Pvt. Ltd.', 'TSAPL', 23, 0, 7, '08434352124', '', 'AADCT8301M', '', 0, 15, 0, 'Cheque', 100000, 32, 1, 2, 1, 2, 'Yes'),
(128, 1, 'JCT Limited', 'Integrated Textile Solutions   ', 49, 0, 2, '', '', '', '', 0, 15, 0, 'NEFT', 0, 3, 1, 2, 1, 2, 'Yes'),
(129, 1, 'Otsuka Cemnical (India) Pvt. Ltd.,', 'Otsuka Cemnical (India) Pvt. Ltd.,', 14, 0, 4, '08442190619', '', 'AAACO8042K', '', 0, 15, 7, 'Cheque', 25000, 1, 1, 2, 1, 2, 'Yes'),
(130, 1, 'China Coal No 5 Construction India Pvt. ltd.', 'CCCIL', 4, 0, 7, '08821262799', '', 'AAECC5646F', '', 0, 11, 0, 'Cheque', 100000, 29, 1, 2, 1, 2, 'Yes'),
(132, 5, 'RSWM Ltd. ', 'Unit - Ringas', 35, 0, 2, '08041001037', '', 'AAACR9700M', 'AAACR9700MXM010', 0, 15, 20, 'NEFT', 100000, 3, 1, 2, 1, 2, 'No'),
(134, 5, 'RSWM Limited Lodha', 'Lodha Unit', 17, 0, 2, '08041001037', '', 'AAACR9700M', 'AAACR9700MXM003', 0, 11, 30, 'Cheque', 100000, 12, 1, 2, 1, 2, 'Yes');

-- --------------------------------------------------------

--
-- Table structure for table `customer_address`
--

CREATE TABLE IF NOT EXISTS `customer_address` (
  `id` int(11) NOT NULL AUTO_INCREMENT,
  `customer_id` int(11) NOT NULL,
  `address` text NOT NULL,
  `district_id` int(10) NOT NULL,
  `telephone` varchar(20) NOT NULL,
  `mobile` varchar(10) NOT NULL,
  `transporter_id` int(10) NOT NULL,
  `default_address` tinyint(1) NOT NULL DEFAULT '0',
  PRIMARY KEY (`id`)
) ENGINE=InnoDB  DEFAULT CHARSET=utf8 AUTO_INCREMENT=385 ;

--
-- Dumping data for table `customer_address`
--

INSERT INTO `customer_address` (`id`, `customer_id`, `address`, `district_id`, `telephone`, `mobile`, `transporter_id`, `default_address`) VALUES
(8, 5, '(Formerly Indo Zinc Ltd)\r\n(A Subsidiary of The India Cements Ltd)\r\nPost Wajwana\r\nBanswara -327025', 17, '', '', 1, 1),
(71, 39, 'Kailash Nagar, Nimbahera-312617\r\nDistt-Chittorgarh,(Rajasthan)\r\nContact no.-01477220205\r\n', 2, '', '', 7, 1),
(73, 10, 'Sutlej Textiles and Industries Limited\r\nUnit-Rajasthan Textile Mills, \r\nPachpahar Road Bhawanimandi-326502 Distt: Jhalawar', 30, '', '', 3, 1),
(78, 40, 'Pali-Marwar-306401\r\nRajastahn', 16, '', '', 0, 1),
(81, 42, 'Rajasthan State Highway 9, \r\nSripati Nagar, Dabok, Udaipur-313201\r\nRajasthan \r\n', 1, '', '', 29, 1),
(83, 2, 'UNIT:ADITYA CEMENT WORKS\r\nAdityapuram Shambhura\r\nChittorgarh', 2, '', '', 1, 1),
(84, 6, 'Unit: Vikram Cement Works\r\nKHOR, Tehsil: Jawad \r\nNeemuch (MP)-458470', 10, '', '', 14, 1),
(86, 23, 'Unit-Sewagram Cement Works\r\nVillage Vayor , Taluka Abdasa\r\nDist.-Kutch-370511', 38, '', '', 6, 1),
(87, 24, 'Unit-Bathinda Cement Works\r\nLehra Mohabbat, \r\nRampurphul\r\nBathinda (Punjab) - 151111', 39, '', '', 6, 1),
(88, 25, 'Unit-Awarpur Cement Works\r\nP.O. Awarpur\r\nTal :Korpana\r\nDist. Chandrapur \r\nMaharastra -442917', 40, '', '', 6, 1),
(97, 20, 'Zinc Smelter\r\nDebari\r\nUdaipur-313024', 1, '', '', 6, 1),
(99, 21, 'CPP Zawar Mines\r\nZawar Mines\r\nDist. Udaipur', 1, '', '', 16, 1),
(101, 33, 'Unit:-LNJ Denim\r\nPost Box No 28\r\nLNJ Nagar Mordi\r\nBanswara-327001 (Raj.)', 17, '', '', 6, 1),
(106, 4, 'Bangur Nagar \r\nPost Box no 33\r\nBeawar; 305901', 3, '', '', 6, 1),
(108, 43, '25, Rajasthan Project\r\nA.O. Building Barsingsar-334402\r\nBikaner (Raj.)', 11, '', '', 6, 1),
(120, 52, 'United Spirits Limited, \r\nUnit- Alwar\r\n201-202,M.I.A,-301030\r\nAlwar(Raj.)', 42, '', '', 0, 1),
(130, 34, 'Unit-Rishabhdev\r\nPost ;- Rishabhdev 313802\r\nDist. Udaipur (Raj.)\r\n', 1, '', '', 6, 1),
(136, 48, 'Jindal Saw Ltd. \r\nAraji No. 9697/6711,\r\nNear Tiranga Hills, \r\nVill- PUR, Tehsil- Bhilwara\r\n311802(Raj.)', 5, '', '', 7, 1),
(141, 58, 'J K Tyre & Industries Ltd.\r\nJaykaygram, PO-Tyre Factory,\r\nKankroli-313342(Raj)', 4, '', '', 0, 1),
(145, 62, 'Lucid Colloid Ltd.\r\nB 5/7 Marudhar Industrial Area, Jodhpur-342005 ', 15, '', '', 0, 1),
(147, 64, 'United Breweries Limited,\r\nBlock No. SP 971, RICCO Industrial Area,\r\nCHOPANKI-301019', 42, '', '', 0, 1),
(151, 46, 'RSWM Limited, \r\nKharigram, \r\nP.O. Gulabpura.', 5, '', '', 6, 1),
(157, 63, 'Kota Super Thermal Power Plant,\r\nRajsthan Rajya Vidyut Utpadan Nigam Limited,\r\nSakatpura, Kota-313003', 13, '', '', 7, 1),
(173, 82, 'Rampura Agucha Mines ,\r\nPO Agucha Dist. Bhilwara - 311029', 5, '', '', 0, 0),
(179, 3, 'Jaykaypuram\r\nBanas\r\nDist. Sirohi', 7, '', '', 2, 1),
(181, 87, 'P.O Gotan ,Dist. Nagaur- 342 902 Rajasthan ', 33, '', '', 0, 0),
(182, 88, 'P.O Gotan ,Dist. Nagaur- 342 902 Rajasthan ', 33, '', '', 0, 1),
(191, 93, 'C-17,Panchwati Colony\r\nNear Bhaskar Circle,\r\nRatanada , Jodhpur -342001', 15, '', '', 0, 1),
(192, 31, '( A Unit of Shree Cement Ltd )\r\nJind Road\r\nKhukhrana,Assan Kalan\r\nPanipat Haryana-132103', 41, '', '', 6, 1),
(198, 53, 'Udaisagar Road,\r\nUdaipur-313003', 1, '', '', 7, 1),
(201, 59, '7J 4,RC Vyas Colony,\r\nBhilwara', 5, '', '', 7, 1),
(205, 15, '(Unit of J.K. Cement Ltd.)\r\nKailash nagar \r\nNimbahera - 312617', 2, '', '', 7, 1),
(214, 95, 'Hydro -I ,Unit II\r\nChanderai Lead Zinc Smelter,\r\nChittorgarh-312021', 2, '', '', 6, 1),
(215, 97, 'The Executive Engineer ( O&M/Ph-I)\r\nGeneration Circle,Vidhyut nagar\r\nBanswara-327001', 17, '', '', 0, 1),
(217, 32, 'Power Plant\r\nLNJ Nagar\r\nVillage :Mordi\r\nBanswara-327001 (Raj.)', 17, '', '', 6, 1),
(221, 100, 'NH-12, Ramganj Balaji, Bundi, Rajasthan-323001', 21, '', '', 0, 1),
(223, 102, 'Kathori, Kota (Raj.)', 13, '', '', 0, 1),
(226, 104, 'A-69-70, RICCO Industrial Area Sriganganagar-335002', 26, '', '', 0, 1),
(227, 105, 'Jiwaji Ganj, Morena (M.P.)', 48, '', '', 0, 0),
(228, 105, 'Industrial Area, A.B. Road, Morena (M.P.)', 48, '', '', 0, 0),
(229, 105, 'Baran Road, Village-Tathed, Ditt- Kota, ', 13, '', '', 0, 1),
(231, 107, 'Shriram Nagar, Kota-324004', 13, '', '', 0, 1),
(232, 57, '(Division of DCM Shriram Ltd.)\r\nShriram Nagar, Kota-324004', 13, '', '', 7, 1),
(237, 109, 'G-1017-1018, Phase-III,\r\nSitapura Industrial Area,\r\nTonk Road, Jaipur-302022', 14, '', '', 0, 1),
(241, 73, 'Room 2 & 57th Floor,\r\nRaghukul Tower, \r\nKhatipura Mod , Srisi Road,\r\nJaipur-302021', 14, '', '', 7, 1),
(242, 85, 'A-127 RIICO Indusrial Area,\r\nManda, Kala Dera, Sikar\r\nRoad, Chomu,\r\nJaipur-3037121', 14, '', '', 7, 1),
(244, 92, '(Dalmia Group Of Companies)\r\nA-129 (N-1), Road No. 9-D, \r\nV.K.I. Area, Jaipur-302013', 14, '', '', 7, 1),
(245, 56, 'Unit-Rochees Breweries,\r\nSP 2-3, RICCO Industrial Area, NH-8, Vill-Neemrana,\r\nTehsil- Behror,PIN-301705\r\n', 42, '', '', 7, 1),
(246, 86, 'SP-86, NIC (M), RIICO \r\nIndustrial Area, Phase -II \r\nNeemrana , Alwar-301705, (Raj.) ', 42, '', '', 7, 1),
(248, 75, 'SP-1-33-35, New Industrial Area, Phase-III, Neemrana-301705', 42, '', '', 7, 1),
(249, 76, 'Plot No. SP-1, Kahrani\r\nIndustrial Area, (Bhiwadi\r\nExtension), RICCO Bhiwadi-\r\n301019', 42, '', '', 7, 1),
(251, 80, '7-8 KM Stone, Bhiwadi-\r\nAlwar Road, Khijuriwas (PO), \r\nAlwar (Dist), Bhiwadi, \r\nRajasthan 301018', 42, '', '', 7, 1),
(253, 91, '117, M.I.A , Alwar (Raj.)', 42, '', '', 7, 1),
(255, 51, 'Sp 2-4, RIICO Industrial Area, Delhi-Jaipur Highway,\r\nNeemrana, Teh. Behror, Distt- Alwar-301705', 42, '', '', 7, 1),
(256, 49, 'Rajasthan Rajya vidyut Utpadan Nigam Limited,\r\nVill-Undal, Tehsil- Jhalarapatn, Distt-Jhalawar\r\nPIN-326023 ', 30, '', '', 6, 1),
(259, 110, '(Khushkhera Cement Grinding Project)\r\nPlot No. SP3-II, A-1, \r\nRIICO Industrial Area\r\nBhiwadi, Taluka-Tijara,\r\nKhushkhera-301707\r\nDistt: Alwar (Raj.)', 42, '', '', 0, 1),
(262, 38, '(A Division of DCM Shriram Cement) Shriram Nagar, Kota-3240004', 13, '', '', 7, 1),
(264, 103, '(Unit-Lakheri Cement  Works)\r\nPO- Lakheri, \r\nDisst- Bundi-323603 (Raj.)', 21, '', '', 6, 1),
(268, 78, 'S. No. 121/135,\r\n Nr. M.I.A. RIICO  Idustrial Area,\r\nAt-Roondh Dhooninath,\r\nTeh-Ramgarh, \r\nNr. Ashok Leyland-999999\r\nAlwar (Raj)\r\n', 42, '', '', 7, 1),
(269, 98, 'Unit-Bundi\r\nSilor Road, \r\nKota-Jaipur Highway\r\nBundi-323001 (Raj)', 21, '', '', 6, 1),
(270, 101, 'NH-12, Ramganj Balaji, \r\nBundi-323001 (Raj)', 21, '', '', 6, 1),
(273, 89, 'A-321,A-321(A), \r\nMatsay Industrial Area , \r\nAlwar-301030 (Raj)', 42, '', '', 6, 1),
(274, 89, '10001, 10th Floor,\r\n Agarwal Corporate Heights,\r\n Netaji Subhash Place, \r\nPitampura , \r\nDelhi-110034', 45, '', '', 6, 0),
(275, 11, 'Unit- Rabriyawas\r\nTehsil-jaitaran \r\nPali (Raj)\r\n\r\n', 16, '', '', 0, 1),
(276, 11, 'City Office:\r\n21-22 Ganpati plaza \r\nBhagat Chauraha\r\nBeawar-305901', 3, '', '', 0, 0),
(279, 108, 'A, 280-284 RIICO \r\nIndustrial Area,\r\nChopanki, Distt-Alwar\r\n301019 (Raj.)', 42, '', '', 6, 1),
(280, 94, '206, MTN, \r\nNeemach Kheda Main Road, \r\nNeenach Mata Scheme, Dewali, UDAIPUR-313001 (Raj.)', 1, '', '', 29, 1),
(281, 54, 'Unit-Chopanki\r\nA-300-305 & 306-313, \r\nRIICO Industrial Area,\r\nPhase-VIII, Chopanki-301707\r\nAlwar', 42, '', '', 6, 1),
(282, 7, 'NH 90, Atru Road, \r\nVillage Kawai, Taluka Atru, \r\nBaran 325 219, (Raj)', 19, '', '', 6, 1),
(283, 55, 'Unit-Bhiwadi\r\nSP-923,Phase-III, \r\nRIICO Industrial Area,\r\nBhiwadi-301019\r\nAlwar\r\n', 42, '', '', 6, 1),
(284, 81, 'B-25-26, RIICO Housing Colony\r\nRoad No. 1-D, V.K.I. Area, \r\nJaipur-302013', 14, '', '', 6, 1),
(285, 50, 'Chhabra Thermal Power   Project, \r\nRajasthan Rajya Vidyut Utpadan Nigam Limited,\r\nMotipura Chowki, \r\nBaran -325220  \r\n', 19, '', '', 30, 1),
(286, 61, 'P.O. Gadepan\r\nKota -325208', 13, '', '', 6, 1),
(287, 35, 'Laksar Tyre Plant 2\r\nVill-Khedimubarakpur, \r\nTeh.: Laksar, -247663\r\nHaridwar  (Uttrakhand)', 37, '', '', 6, 1),
(289, 111, '(A unit of Rajasthan Cooperative Dairy Federation Limited)\r\nNadbai, \r\nBhratpur 321602 (Raj.)\r\n', 20, '', '', 6, 1),
(290, 65, 'Plot# SP1 to & B5 to 8 \r\nAgro Park, M.I.A. (Extention )\r\nAlwar-301030 (Raj.)', 42, '', '', 6, 1),
(293, 60, 'Unit- Birla cement works,\r\nChanderia , 302021\r\nChittorgarh', 2, '', '', 6, 1),
(297, 41, 'Unit-BTM\r\nP.B. No. 21\r\nIndustrial Area \r\nBanswara -327001 ', 17, '', '', 6, 1),
(298, 36, 'Post Box No 35\r\nLNJ Nagar , Mordi\r\nBanswara ( Raj)', 17, '', '', 6, 1),
(301, 70, 'SPL 1, Tapukara Industrial\r\nArea, Khuskhera\r\nDistt-Alwar \r\n301707 (Raj.)', 42, '', '', 6, 1),
(302, 84, 'SPC-162, MIA,\r\n Alwar -301030\r\n', 42, '', '', 6, 1),
(303, 90, 'SP2-15 & SP2-24 to SP2-27, \r\nRIICO New Industrial Complex\r\nMajrakath,Neemrana, \r\nAlwar-301705 (Raj.)', 42, '', '', 6, 1),
(304, 79, 'SP-53, RIICO Industrial Area, Bhiwadi-301019,\r\n', 42, '', '', 7, 1),
(305, 37, 'RIICO Industrial Area\r\nNeemrana\r\n Alwar-301705', 42, '', '', 6, 1),
(306, 77, '19 KM Stone,\r\n Bhiwadi-Alwar Road, \r\nVill-Gailpur \r\nBhiawdi-301707\r\nDistt-Alwar (Raj.)', 42, '', '', 7, 1),
(307, 67, '1003,Magnum Tower, 2nd Cross Lane, Swami Samarth Nagar,\r\n Andheri (W)-400053,\r\nMumbai(Maharashtra)', 43, '', '', 6, 1),
(309, 106, '376, Rukamani Sadan,\r\nNear Alok School, \r\nSector-11, \r\nUdaipur-313001 (Raj.)', 1, '', '', 29, 1),
(310, 44, 'R. K. Nagar, Nimbahera\r\nDistt-Chittorgarh\r\n312601 (Raj.)', 2, '', '', 14, 1),
(313, 16, 'Haridwar Zinc Plant\r\nPlot No 2D-1, Sector 10,\r\nIIE , SIDCUL \r\nHaridwar-249403\r\nUttrakhand', 37, '', '', 6, 1),
(316, 71, 'F-149, "SAKAR"\r\nChandrawardai Nagar,\r\nAjmer-305003 (Raj.)', 18, '', '', 7, 1),
(317, 113, 'RSPL Group, Plot No.119-121, Block P&T, Kalpi Road, Fazalganj, Kanpur-208012 (UP)\r\n', 46, '', '', 0, 1),
(318, 113, 'Plot No. 42 to 47, 49 to 54, MPIIDC Growth Center Sector- MP', 47, '', '', 0, 0),
(323, 114, '(Unit-Shree Mega Power)\r\nBangur Nagar, Beawar-305901 \r\nDistt: Ajmer (Raj.)', 18, '', '', 0, 1),
(324, 115, 'Village-Bhadresh\r\nBarmer -344001', 12, '', '', 0, 1),
(325, 116, 'Stores Officer, Stores Unit\r\nP.O. Anushakti, Via Kota Distt. Kota-323303 (Raj.)', 13, '', '', 0, 1),
(326, 117, 'Plot. No. SP 15 & 16,\r\nRIICO Industrial Area , \r\nNeemarana, Distt.: Alwar\r\n301705 (Raj.)', 42, '', '', 0, 1),
(327, 118, 'Vill- Ajoliya Ka Khera, \r\nNear Hindustan Zinc Ltd.,\r\nCLZS Chanderia,\r\nDistt-Chittorgarh\r\n312021 (Raj.) ', 2, '', '', 0, 1),
(328, 119, 'E- 535, Industrial Area,\r\nChopanki, Bhiwadi,\r\nDistt.- Alwar\r\n301019 (Raj.)', 42, '', '', 0, 1),
(329, 120, 'P.O. BInanigram, \r\nDistt.-Sirohi, \r\n307031 (Raj.)', 7, '', '', 0, 1),
(330, 121, 'Plot No. SPL-2B, \r\nTapukara Industrial Area,\r\nBhiwadi Alwar Road, Tapukara, Distt-Alwar\r\n301707 (Raj.)', 42, '', '', 0, 1),
(331, 122, 'Dakan Kotra,\r\n12 Km Miles Stone,\r\nUdaipur-Banswara Road,\r\nDistt- Udaipur,\r\n313001 (Raj.)', 1, '', '', 0, 1),
(334, 19, 'Unit-Pyro Plant\r\nChanderiya Lead Zinc Smelter\r\nChittorgarh', 2, '', '', 6, 1),
(335, 30, 'Village -Khapradig ,Teh :-Simga\r\nBhatapara ,Baloda Bazar Raipur -493332\r\nChattisgarh', 9, '', '', 7, 1),
(336, 29, 'Bangur City\r\nPO RAS-306107\r\nTehsil :Jaitaran\r\nDist. Pali\r\n', 16, '', '', 6, 1),
(338, 112, 'A-135-135-136, Road no. 12, Vishwakarma indusrial Area, Jaipur-302013', 14, '', '', 6, 1),
(339, 68, 'The Executive Engineer (O & M)\r\nSuratgarh Super thermal Power,\r\nRajasthan Rajya Vidyut Utpadan Nigam Limited, Near Village-Raiawali,\r\nSuratgarh-335804\r\nSri Ganganagar (Raj.)', 26, '', '', 31, 1),
(340, 83, 'Rampura Agucha Mines ,\r\nPO Agucha Dist. Bhilwara - 311029', 5, '', '', 7, 1),
(343, 99, 'Aditya Nagar, Morak-326520, Distt-Kota (Raj.) ', 13, '', '', 7, 1),
(344, 9, 'P.O. Adityanagar - 326 520\r\nMORAK, Distt. Kota (Rajasthan)', 13, '', '', 6, 1),
(345, 124, 'G-138 to 142,4th Phase,\r\nRiico Industrial Area, Bhilwara-311001\r\n(Raj.)\r\n', 5, '', '', 0, 1),
(346, 125, 'WATER & WASTE WATER MANAGEMENT]\r\nPlat No.25 Near Kankariya Textile, \r\n1st Phase, RIICO Ind. Area,\r\nBalotra-344022\r\n', 12, '', '', 0, 1),
(349, 18, 'Chanderia Smelter Complex (CPP)\r\nPO Putholi\r\nChittorgarh', 2, '', '', 6, 1),
(350, 126, 'P.B. 73 ,\r\nKanpur Madri\r\nUdaipur-313003', 1, '', '', 0, 1),
(351, 12, 'Sindesar Khurd Mine\r\nP.O. Dariba\r\nRajsamand', 4, '', '', 16, 1),
(352, 1, 'Dariba Smelter Complex\r\nRajpura Dariba Mines\r\nRajsamand - 313211', 4, '', '', 6, 1),
(353, 69, '68th Milestone, N.H.8, Village-Joniawas,\r\nDHARUHERA-122100,\r\nDistt-Rewari,(Haryana)', 44, '', '', 7, 1),
(354, 74, 'Plot No. SP 290-292,\r\nRIICO Industrial Area,\r\nPhase-VII, Chopanki, \r\nBhiwadi, Alwar-301019', 42, '', '', 6, 1),
(356, 127, 'E-1 RIICO Industrial Area,\r\nLalsot\r\nDausa -303511', 23, '', '', 7, 1),
(357, 66, '(Unit- Mandpam)\r\nPB No. 13\r\nBhilwara-311001', 5, '', '', 7, 1),
(360, 129, 'SP3-10 to 11, RIICO Industrial Area, Teh.: Kotputli, Keshwana Rajpoot, Distt: Jaipur (Raj.)', 14, '', '', 0, 1),
(361, 72, 'SP-4/3, RIICO Industrial Area,\r\nVill.: Keshwana, Teh.: KOTPUTLI-303108,\r\nDistt: Jaipur (Raj.) ', 14, '', '', 6, 1),
(362, 130, 'SK Mines\r\nRajpura Dariba ', 4, '', '', 0, 1),
(363, 131, 'Udai Sagar Road\r\nMIA, Near FCI\r\nUdaipur', 1, '', '', 0, 1),
(364, 123, 'Udai Sagar Road,\r\nDistt- Udaipur, \r\n313001 (Raj.)', 1, '', '', 29, 1),
(365, 8, 'Unit Of - DCM Shriram Industries Limited\r\nShriram Nagar, Kota-324004', 13, '', '', 1, 1),
(366, 45, 'Sangam (India) Limited\r\n(Spinning unit-I)\r\nPost Box No. 126, Biliya Kalan, Chittorgarh Road, Bhilwara-3111001 (Raj.)', 5, '', '', 0, 0),
(367, 45, 'Sangam House, Atun, Chittorgarh Road, \r\nBhilwara-311001(Rajasthan)', 5, '', '', 0, 1),
(368, 26, 'Unit-Kotputli Cement Works\r\nVillage - Mohanpura\r\nTeh - Kotputli\r\nDist. jaipur-303108', 14, '', '', 6, 1),
(369, 17, 'Rajpura Dariba Mines\r\nDariba Smelter Complex \r\nP.O. Dariba Mines\r\nRajsamand', 4, '', '', 16, 1),
(370, 22, 'Unit-Birla White\r\nRajashree Nagar, Kharia Khangar\r\nVillage :-Kharia Khangar\r\nDist. Jodhpur 342606', 15, '', '', 1, 1),
(375, 96, 'Plot No.119-121, Block P&T, \r\nKalpi Road, Fazalganj, \r\nKanpur-208012 (UP)\r\n\r\n', 46, '', '', 6, 1),
(376, 96, 'Sagar Unit -II -for OBA \r\nPlot No. 42 to 47, 49 to 54, \r\nMPIIDC Growth Center Sector - MP', 47, '', '', 6, 0),
(379, 132, 'Unit - Ringas\r\nCIN:           L17115RJ1960PLC008216\r\nSP-1,Industrial Area,Ringas-332404(Raj.)\r\n', 35, '', '', 7, 1),
(381, 47, 'Chittor cement plant,\r\nVill- Bhavliya, Tehsil- Nimbahera-312620', 2, '', '', 14, 1),
(382, 133, 'B-25 RIICO Housing Colony\r\nRoad No. 1D, Vishwakarma Industrial Are,\r\nJAIPUR-302013', 14, '', '', 0, 1),
(383, 128, 'Village Chohal |Hoshiarpur |146024 Punjab | India\r\n', 49, '', '', 6, 1),
(384, 134, 'Mayur Nagar,\r\nLodha-327001\r\nBanswara (Raj.)', 17, '', '', 0, 1);

-- --------------------------------------------------------

--
-- Table structure for table `customer_companies`
--

CREATE TABLE IF NOT EXISTS `customer_companies` (
  `customer_id` int(10) NOT NULL,
  `company_id` int(10) NOT NULL,
  PRIMARY KEY (`customer_id`,`company_id`)
) ENGINE=InnoDB DEFAULT CHARSET=latin1;

--
-- Dumping data for table `customer_companies`
--

INSERT INTO `customer_companies` (`customer_id`, `company_id`) VALUES
(1, 25),
(2, 25),
(3, 25),
(4, 25),
(5, 25),
(6, 25),
(7, 25),
(8, 25),
(9, 25),
(10, 25),
(11, 25),
(12, 25),
(15, 25),
(16, 25),
(17, 25),
(18, 25),
(19, 25),
(20, 25),
(21, 25),
(22, 25),
(23, 25),
(24, 25),
(25, 25),
(26, 25),
(29, 25),
(30, 25),
(31, 25),
(32, 25),
(33, 25),
(34, 25),
(35, 25),
(36, 25),
(37, 25),
(38, 25),
(40, 25),
(41, 25),
(42, 25),
(43, 25),
(44, 25),
(45, 25),
(46, 25),
(47, 25),
(48, 25),
(49, 25),
(50, 25),
(51, 25),
(52, 25),
(53, 25),
(54, 25),
(55, 25),
(56, 25),
(57, 25),
(58, 25),
(59, 25),
(60, 25),
(61, 25),
(62, 25),
(63, 25),
(64, 25),
(65, 25),
(66, 25),
(67, 25),
(67, 27),
(68, 25),
(69, 25),
(70, 25),
(71, 25),
(72, 25),
(73, 25),
(74, 25),
(75, 25),
(76, 25),
(77, 25),
(78, 25),
(79, 25),
(80, 25),
(81, 27),
(83, 25),
(84, 25),
(85, 25),
(86, 25),
(88, 25),
(89, 25),
(90, 25),
(91, 25),
(92, 25),
(93, 25),
(94, 25),
(94, 26),
(94, 27),
(95, 25),
(96, 27),
(97, 25),
(98, 25),
(101, 25),
(102, 25),
(103, 25),
(104, 25),
(105, 25),
(106, 25),
(107, 25),
(108, 25),
(109, 25),
(110, 25),
(111, 25),
(112, 25),
(114, 25),
(115, 25),
(116, 25),
(117, 25),
(118, 25),
(119, 25),
(120, 25),
(121, 25),
(122, 25),
(123, 25),
(124, 25),
(125, 25),
(125, 26),
(125, 27),
(126, 25),
(126, 26),
(126, 27),
(127, 25),
(127, 26),
(127, 27),
(128, 25),
(128, 26),
(128, 27),
(129, 25),
(129, 27),
(130, 25),
(130, 26),
(130, 27),
(132, 25),
(132, 27),
(134, 25);

-- --------------------------------------------------------

--
-- Table structure for table `customer_contacts`
--

CREATE TABLE IF NOT EXISTS `customer_contacts` (
  `id` int(10) NOT NULL AUTO_INCREMENT,
  `contact_person` varchar(100) NOT NULL,
  `customer_id` int(11) NOT NULL,
  `designation` varchar(100) NOT NULL,
  `telephone` varchar(15) NOT NULL,
  `email` varchar(255) NOT NULL,
  `mobile` varchar(10) NOT NULL,
  `default_contact` tinyint(1) NOT NULL,
  PRIMARY KEY (`id`)
) ENGINE=InnoDB  DEFAULT CHARSET=latin1 AUTO_INCREMENT=425 ;

--
-- Dumping data for table `customer_contacts`
--

INSERT INTO `customer_contacts` (`id`, `contact_person`, `customer_id`, `designation`, `telephone`, `email`, `mobile`, `default_contact`) VALUES
(8, 'Jitendra Sharma', 5, 'Purchase Executive', '0296230151', 'jitendra.s@indiacements.co.in', '0296230151', 1),
(87, 'Piyush Tiwari', 39, 'Astt. Manager-Procurement ', '01477220205', 'Piyush.Tiwari@jkcement.com', '0147722020', 1),
(90, 'Bhanwar Tripathi', 10, 'Sr Purchase officer', '07433222052', 'btripathi@sutlej-rtm.co.in', '9116009797', 1),
(95, 'Mr. Tapasvi Vaidya', 40, 'Manager Material', '2932220286', 'tapasvi.vaidya@lnbgroup.com', '9001099411', 1),
(98, 'Rahul Jain', 42, 'Purchase Executive', '02971244417', 'rahuljain@ucwl.jkmail.com', '7728886069', 1),
(103, 'Satish Shukla', 2, 'Manager Purchase', '1472221001', 'satish.shukla@adityabirla.com', '1472221002', 1),
(104, 'Ankit Swarnkar', 6, 'Purchase Executive', '7420230525', 'anki.swarnkar@adityabilra.com', '7420230525', 1),
(105, 'Hari Kumar Maloo', 6, 'Purchase Excutive', '9826564600', 'hari.maloo@adityabirla.com', '9826564600', 0),
(107, 'Sharik Ahmad', 23, 'Purchase Executive', '9909920364', 'md.ahmad@adityabirla.com', '9909920364', 1),
(108, 'Rajiv Arora', 24, 'Purchase Executive', '01642863170', 'rajiv.arora@adityabirla.com', '0164286317', 1),
(109, 'Amit Kumar Jain', 25, 'Purchase Executive', '07173266342', 'amit.jain@adityabirla.com', '9763712778', 1),
(110, 'TVS Ramkrishna', 25, 'Purchase Executive', '07173266342', 'tangirala.krishna@adityabirla.com', '7722039483', 0),
(119, 'Sanjay Chaturvedi', 20, 'Store Incharge', '9829405556', 'sanjay.chaturvedi@vedanta.co.in', '9829405556', 1),
(121, 'PC Pareek', 21, 'Purchase Msanager', '9928013967', 'pc.pareek@vedanta.co.in', '9928013967', 1),
(124, 'Mr. Udai Sing Hada', 33, 'Purchase Executive', '02961131661', 'purchasedenim@lnjbhilwara.com', '2961131661', 1),
(131, 'Gaurav Maheshwar', 4, 'Purchase Executive', '0146222811', 'maheshwari@shreecementltd.com', '9214337632', 1),
(133, 'KK Bachhavate', 43, 'Enggineer', '1234567890', 'kk.bachhavate@lncindia.com', '1234567890', 1),
(146, 'Mr. Harsharan Singh ', 52, 'Store Manager', '01442881415', 'harsharan.singh@unitedspirits.in', '8239477381', 0),
(147, 'Mr. Vikas Chawla', 52, 'Store Manager', '01442881417', 'Vikas.chawla@unitedspirits.in', '7073070044', 0),
(158, 'Mr. PC Jain', 34, 'Purchase Manager', '02907230321', 'pcjain@lnjbhilwara.com', '9414005132', 1),
(165, 'Mr. Abhishek Sharma ', 48, 'Purchase Executive', '08003091651', 'abhishek.sharma@jindalsaw.com', '8003091651', 1),
(170, 'Mr. S.S. Sharma', 58, 'Purchase Officer', '02952232090', 'sss@ktp.jkmail.com', '2952232091', 1),
(174, 'Mr. Bharat Goyal', 62, 'Purchase Executive', '9314760025', 'bgoyal@lucidgroup.com', '9314760025', 1),
(176, 'Mr. Nitin Jain ', 64, 'Purchase Executive', '01493512313', 'nitinjain@ubmail.com', '9982044478', 1),
(180, 'S M Jain ', 46, 'Dy Manager (Materials)', '01483223144', 'smjain@lnjbhiwara.com', '1483223150', 1),
(188, 'Mr. V.K. Golani', 63, 'Superintending Engineer (MM)', '07442370002', 'semktps@gmail.com', '7442370002', 1),
(206, 'Rupesh Jain', 82, 'sales', '01483229521', 'rupesh.jain@vedanta.co.in', '0148322952', 0),
(212, 'Mr R V Verma', 3, 'Manager Purchase', '0297124440', 'rvverma@lc.jkmail.com', '0297124440', 1),
(214, 'Bikram Koshlia', 87, 'Store Department', '01591230211', 'bikram.koshlia@jkcement.com', '0159123021', 0),
(215, 'Bikram Koshlia', 88, 'Store Department', '01591230211', 'bikram.koshlia@jkcement.com', '0159123021', 0),
(222, 'Manoj Kumar', 93, 'Head Technical Service', '02271016166', 'manoj.k@sodexo.com', '9930284954', 0),
(223, 'Mangesh Kawade', 93, 'Purchase Executive', '02271016166', 'Mangesh.KAWADE@sodexo.com', '7742505505', 1),
(224, 'Chandrashekhar Ghadigaonkar', 93, 'Purchase Executive', '02271016166', 'Chandrashekhar.GHADIGAONKAR@sodexo.com', '7742555944', 0),
(225, 'Mr Gaurav Maheshwari', 31, 'Purchase Executive', '01462228101', 'maheshwar@shreecementltd.com', '9214337632', 0),
(226, 'Mr Vivek Saxena', 31, 'Purchase Executive', '01462228101', 'saxenav@shreecementltd.com', '9214337462', 1),
(233, 'Mr. Sagar Roy', 53, 'Store Manger', '02942492333', 'sagar.roy@unitedspirits.in', '2942492333', 1),
(236, 'Mr. Sanjeev Ji', 59, 'Proprieter', '9351734430', 'sanjeevtradersbhl@gmail.com', '9351734430', 1),
(242, 'Ajay Raj Vaishnav', 15, 'Purchase Excutive', '1477220087', 'ajayraj.vaishnav@jkcement.com', '9799039255', 1),
(243, 'Akshay Agarwal', 15, 'Purchase Excutive', '1477220087', 'purchase.nbh@jkcement.com', '1477220087', 0),
(250, 'Mr PC Pareek', 95, 'Purchase Excutive', '9928013967', 'pc.pareek@vedanta.co.in', '9928013967', 1),
(251, 'Mr Manish', 97, 'XEN', '9413348292', 'xenmahihydro@gmail.com', '9413348292', 1),
(253, 'Mr. Parveen Rawal', 32, 'Purchase Sr Executive', '9413357059', 'powerpurchase.rswm@lnjbhilwara.com', '9413357059', 1),
(254, 'Mr. Mamtesh Jain', 32, 'Purchase Executive', '02961231672', 'mamteshjain@lnjbhilwara.com', '2961231672', 0),
(258, 'Mr. Yusuf Ansari', 100, 'Purchase Head', '07475130021', 'yusuf.ansari@advantageoils.com', '7073458817', 1),
(260, 'Sandhya Sharma', 102, 'Purchase Executive', '8003994354', 'purchase@maheshoil.com', '8003994354', 1),
(263, 'Mr. S.L. Kaushik', 104, 'Manager (Production)', '9829191050', 'sl_kaushik@ruchigroup.com', '9829191050', 1),
(264, 'Mr. Ashok Sharma', 105, 'Purchase Officer', '9352597942', 'ashoksharma@ksoils.com', '9352597942', 1),
(266, 'Mr. Nitin Paliwal', 107, 'Purchaser ', '9829895738', 'nitinpaliwal@dcmshriram.com', '9829895738', 1),
(267, 'Mr. Dileep Sisodia', 57, 'Dy. Manager (Commercial)', '07442480991', 'dileep.sisodia@shriramaxiall.com', '9829516611', 1),
(272, 'Mr. Monal Juneja', 109, 'Proprietor', '8094017010', 'junejawires@yahoo.com', '8094017010', 1),
(276, 'Mr. Vijay Gaur ', 73, 'Purchase Manager ', '9828454836', 'gaurvijay33@yahoo.co.in', '9214334333', 1),
(277, 'Mr, Sunil Nayak ', 85, 'Purchase Manager', '9166011119', 'nayak.sunil@in.sika.com', '9166011119', 1),
(279, 'Mr. Jitendra Singh Shekhawat', 92, 'Purchase Executive ', '01412330156', 'Shushildalmia2009@gmail.com', '9928038290', 1),
(280, 'Mr. Anirban Mitra', 56, 'RBl', '09672692777', 'anirban.mitra@in.Sabmiller.com', '9672692777', 0),
(281, 'Sachin Sharma ', 86, 'Purchase Dept.', '01494671305', 'sachin@nachi-india.com', '0149467130', 0),
(283, 'Mr. Pradeep Kumar Tripathi', 75, 'Sr. ER(Maintenance)', '01494246733', 'p.tripathi@nissinindia.com', '9680705837', 0),
(284, 'Mr. Niraj Yadav', 76, 'Purchase Executive', '01493301273', 'niraj.yadav@saint-gobain.com', '8000194203', 1),
(286, 'Mr. Ankush Saxena', 80, 'A.M-Indirect Purchase', '01493298371217', 'ankush.saxena@siegwerk.com', '8107291735', 1),
(288, 'Mr. Ram Arjun ', 91, 'DGM-VDL', '01442881247', 'ramarjun.vdl@gmail.com', '7665432554', 1),
(291, 'Mr. Subhash Prajapati', 51, 'Sr. Executive Purchase', '01494246312', 'subhash.prajapati@parle.biz', '9785301234', 1),
(292, 'Mr R P Kapoor', 49, 'Superintending Engg  MM', '07432243009', 'katpp_mm@rediffmail.com', '7432243009', 0),
(295, 'Navneet', 110, 'Purchase Executive', '1462228101', 'navneet13596@shreecementltd.com', '9251077025', 1),
(298, 'Mr. Neelambuj Pareek', 38, 'Purchase manager', '9460483470', 'neelambujpareek@dcmshriram.com', '9460483470', 1),
(300, 'Mr.Pankaj Kumar', 103, 'Purchase Head', '8003195532', 'pankaj.kumar@acclimited.com', '8003195532', 1),
(304, 'Mr. Imran Ali', 78, 'Purchase Officer', '01442881299', 'imran.ali@adaniwilmar.in', '7665006863', 1),
(305, 'Mr. Sachin Kanungo', 98, 'Purchase Head', '9672971122', 'sachin.kanungo@adaniwilmar.in', '9672971122', 1),
(306, 'Mr. Yusuf Ansari', 101, 'Purchase Head', '07475130021', 'yusuf.ansari@advantageoils.com', '7073458817', 1),
(308, 'Mr. Ankit Sharma ', 89, 'Purchase Executive', '01149811111', 'ankit@ajantagroup.in', '9555749096', 1),
(309, 'Mr Nirmal Kumar Bansal', 11, 'Purchase Executive', '9816046481', 'nirmal.bansal@ambujacement.com', '9816046481', 1),
(310, 'Mr Sanjay Jain', 11, 'Purchase Executive', '01462251909', 'sanjay.jain@ambujacement.com', '0146225190', 0),
(311, 'Mr Radhey Shyam Mundra', 11, 'Manager Procurement', '02939288034', 'radheyshyam.mundra@ambujacement.com', '9001013332', 0),
(314, 'Mr. Dilip Mishra ', 108, 'Purchaser', '01493260202', 'dilip.mishra@kei-ind.com', '9672992331', 1),
(315, 'Mr. Ali Hussain', 94, 'Director', '02947073291', 'ahcorp.udr@gmail.com', '9828186876', 1),
(316, 'Mr. Prashant Choudhary', 54, 'Purchase Executive', '01493516607', 'purchase.chopanki@bkt-tires.com', '1493260116', 1),
(317, 'Sanjay Jain', 7, 'Dy Manager Commercial', '8875024904', 'Jain.Sanjay@adani.com', '8875024904', 1),
(318, 'Mr. Subhash Yadav ', 55, 'Purchase deptt', '01493220075', 'purchase.bhiwadi@bkt-tires.com', '1493220075', 1),
(319, 'Vinod Kumar', 81, 'purchaser', '01412330467', 'vks12.crystal@gmail.com', '9414077213', 1),
(320, 'Mr. A.K. Maheshwari', 50, 'Superintending Engineer(MM)', '07452225013', 'ctppse.mm@gmail.com', '7452225013', 1),
(321, 'Mr. Akant Khanduri', 61, 'Dy. Manager-Purchase', '07442782614', 'AKANT.KHANDURI@CHAMBAL.IN', '7442782614', 1),
(322, 'Gaurav Bisht', 35, 'Procurement', '7535001388', 'gaurav.bisht@jkmail.com', '7535001388', 1),
(324, 'Mr. Satish Sharma', 111, 'Purchaser', '05643276530', 'cfpnadbai786@gmail.com', '5643276530', 1),
(325, 'Mr. Anshul Kumar', 65, 'Sr. Executive-Purchase', '09887555388', 'Anshul.Kumar@carlsberg.asia', '8266921599', 1),
(330, 'Mr. Probir Ghosh ', 60, 'AVP(Materials)', '01472256601', 'purchase@birlacement.com', '1472256601', 1),
(334, 'Mr. SK Pathan', 41, 'Purchase Manager ', '02962257679', 'storebsw@banswarafabrics.com', '9251014350', 1),
(335, 'Mr. Manoj Mittal', 36, 'Sr.Purchase Executive', '02962224213', 'manoj.mittal@lnjb.com', '9982232273', 0),
(336, 'Mr. R/Nilesh Shah', 36, 'Purchase Executive', '02962224213', 'bstores@lnjb.com', '9982232902', 1),
(337, 'Mr. Lokesh', 36, 'Enggineer', '02962224213', 'bmdengg@lnjb.com', '9982534110', 0),
(340, 'Mr. Arun Sharma', 70, 'Sr. Executive-General Purchase', '01493250561', 'arunsharma1@hondacarindia.com', '8800283377', 1),
(341, 'Mr. Dinesh Kumar Sharma', 84, 'Purchase Executive', '014442881542', 'dineshsharma@mail.dabur', '9414431447', 1),
(342, 'Mr. Manoj Dhiman ', 90, 'Purchase Executive ', '8003394752', 'manoj.dhiman@daikinindia.com', '8003394752', 1),
(343, 'Mr. Jitender  Yadav', 79, 'Purchase Executive', '01493518608', 'jitender@jaquar.com', '9887849680', 1),
(344, 'D K Jain', 37, 'DGM Purchase', '01494246070', 'dk.jain@ginniint.com', '8739892031', 1),
(345, 'Virender Singh', 37, 'Purchase', '01494246070', 'Purchase.Denim@ginniint.com', '0941358672', 0),
(346, 'Mr. Hari Prakash Jasaiwal', 77, 'Purchase Executive', '09887516123', 'glpvtpuchase@kajariaceramics.com', '9680449223', 1),
(347, 'Mr. Vijay Deshpande', 67, 'Proprietor', '9820203612', 'hsems20@yahoo.com', '9850035415', 1),
(349, 'Mr. Lalit Trivedi', 106, 'Technical Officer', '9829202913', 'khilrai_udaipur@hotmail.com', '9829202913', 1),
(350, 'Vishnu Sharma', 44, 'Purchaser', '09610019610', 'nbh.pur3@wondercement.com', '9610019610', 1),
(351, 'Punit Singh Gurjar', 44, 'Purchaser', '08003095846', 'punit.gurjar@wondercement.com', '8003095846', 0),
(354, 'Mahendra Yadav', 16, 'Store Incharge', '9557456262', 'mahendra.yadav2@vedanta.co.in', '9557456262', 1),
(357, 'Khushboo Jain', 71, 'Dy. Manager(Commercial)', '01452691456', 'accounts@wassertechnochem.cm', '1452691456', 1),
(358, 'Mr. Akshay Agarwal ', 113, 'AM-Procurement', '05122221201', 'akshayk.agarwal@rsplgroup.com', '7318214777', 1),
(361, 'Vivek Saxena', 114, 'Purchaser', '1462228101', 'saxena@shreecementltd.com', '9214337462', 1),
(362, 'Muheet Mateen', 115, 'Purchase Executive', '02982229100', 'muheet.mateen@jsw.in', '2982229100', 1),
(363, 'Mr.M. Madal', 116, 'Astt. Stores Officer', '01475242228', 'storesofficer@kot.hwb.gov.in', '1475242228', 1),
(364, 'Mr.Pradyut Kar', 117, 'DGM (Purchase)', '01145233333', 'pradyut.kar@tops.co.in', '9268567234', 1),
(365, 'Mr. Satya Narayan  Jat', 118, 'Purchaser', '9928565025', 'jms.cost@yahoo.in', '9928565025', 1),
(366, 'Mr. Deenpreet Singh ', 119, 'Purchaser', '99901493606161', 'Office.marksplendour@gmail.com', '9999274727', 1),
(367, 'Mr. Pankaj Kulkarni', 120, 'Purchaser', '02971235005', 'bcl.purchase@binanicement.co.in', '2971235005', 1),
(368, 'Mr. Mr. Subrata Sinha', 121, 'Purchaser', '01493250587', 'subratasinha@bestex.co.in', '1493250587', 1),
(369, 'Mr. Mahendra Taya', 122, 'Proprietor', '029400000000000', 'mtaya@rediffmail.com', '0294000000', 1),
(373, 'Sandeep Paliwal', 19, 'Purchase Excutive', '01472254285', 'sandeep.paliwal@vedanta.co.in', '0147225428', 1),
(374, 'Shadaab Alam Rizvi', 30, 'Purchase Executive', '8349301232', 'rizvis@shreecementltd.com', '8349301232', 1),
(375, 'Gaurav Maheshwari', 29, 'Purchase Executive', '01462228101', 'maheshwarig@shreecementltd.com', '9214337632', 1),
(378, 'Mr. Pankaj Kalani', 112, 'Dy. Manager (Material)', '01413064900', 'pkalani@sigmaelectric.com', '9785022279', 1),
(379, 'Mr. Bhagwan Das Jatav', 68, 'Assistant Engineer', '01509245662', 'proc.stps.suratgarh@gmail.com', '1509245662', 0),
(380, 'Mr. Manish Gupta', 68, 'Asst. Account Officer', '01509245689', 'proc.stps.suratgarh@gmail.com', '1509245689', 0),
(381, 'Rupesh Jain', 83, 'Store Incharge', '01483229521', 'rupesh.jain@vedanta.co.in', '0148322952', 1),
(384, 'Mr. vipesh Gupta', 99, 'GM (Purchase)', '07459232794', 'vipesh.gupta@mangalamcement.com', '9351468146', 1),
(385, 'Vipesh Gupta', 9, 'GM Purchase', '9351468146', 'vipesh.gupta@mangalamcement.com', '9351468146', 1),
(386, 'Mr. Atul ', 124, 'Purchase Manager', '09460578251', 'ronakprocessorspvtltd@gmail.com', '9001895174', 1),
(387, 'Mr. Aslam', 125, 'Purchase Manager', '9414755534', 'aslamcetp@gmail.com', '9983755534', 1),
(390, 'Rameshwar Sharma', 18, 'Store Incharge', '01472254464', 'rameshwar.sharma@vedanta.co.in', '1472254464', 1),
(391, 'Mr. SK Verdia', 126, 'Manager Stores', '02942490488', 'stores@reliancechemotex.com', '2942490488', 1),
(392, 'Aditya jalan', 12, 'Purchase Executive', '8003093638', 'aditya.jalan@vedanta.co.in', '8003093638', 1),
(393, 'Debasish Chakladar', 1, 'Store Encharge', '0800309709', 'debasish.chakladar@vedanta.co.in', '8003097090', 1),
(394, 'Mr. Rajnish Malik', 69, 'Procurement', '01274267126', 'rajnishmalik@ubmail.com', '1274267126', 0),
(395, 'Mr. Ajay Prakash Singh', 69, 'Procurement', '01274267126', 'ajayprakash@ubmail.com', '9991735166', 1),
(396, 'Mr. Nitin Tiwari', 74, 'Purchase Manager', '01493302765', 'purchase.tiwari@rjcorp.in', '1493302765', 1),
(398, 'Mr. Deepak', 127, 'Purchase Executive', '7737745746', 'tripplestarjpr@gmail.com', '7737745746', 1),
(399, 'Mr. C.P. Chaturvedi', 66, 'Head-Materials', '01482249512', 'cp.chaturvedi@lnjbhilwara.com', '9414034874', 1),
(402, 'Mr. Pritpal Singh rai', 129, 'Purchase Executive', '01244597979', 'purchase@otsukaindia.com', '9718811140', 1),
(403, 'Mr. Naveen Kumar', 72, 'Purchaser Manager', '01412331231', 'naveen.jpr@bhavik.com', '9983340275', 1),
(404, 'Mr. Narendra Kumar', 130, 'Purchase Executive', '9782895862', 'zuohe1981@gmail.com', '9782895862', 1),
(405, 'Mr. Vimal Nagar', 131, 'Asst. Manager ', '02946651165', 'v.nagar@piind.com', '9214351889', 1),
(406, 'Mr. Vimal Nagar', 123, 'Purchaser', '02942492451', 'v.nagar@piind.com', '2942492451', 1),
(407, 'Ram Kshteri', 8, 'Purchase Manager', '9929590865', 'ramkshetri@dcmsr.com', '9929590865', 1),
(408, 'Pankaj Bhardwaj', 45, 'Purchase Executive', '01482249071', 'purchase1@sangamgroup.com', '0148224907', 0),
(409, 'Rahul Tiwari', 45, 'Corporate Sourcing', '1482304000', 'csdsangam@sangamgroup.com', '7727006054', 1),
(410, 'Mr. Pradeep Ranka', 26, 'Purchase Executive', '01421325703', 'pradeep.ranka@adityabirla.com', '9887480241', 1),
(411, 'Ronny Thomas', 17, 'Store Incharge', '8003195347', 'ronny.thomas@vedanta.co.in', '8003195347', 1),
(412, 'Kuldeep Singh Shekhawat', 22, 'Purchase Executive', '02920264040', 'kuldeep.shekhawat@adityabirla.com', '2920264040', 1),
(415, 'Mr. Akshay Agarwal ', 96, 'AM-Procurement', '05122221201', 'akshayk.agarwal@rsplgroup.com', '7318214777', 1),
(418, 'Rajesh Kumar Dixit', 132, 'Store & Purchase Deptt.', '01575225321', 'storepur.ringas@lnjbhilwara.com', '9413357092', 1),
(421, 'Mr  Abhineet Agarwal ', 47, 'Sr Executive Purchase ', '01477225121', 'abhineet.agarwal@lafarge.com', '8003490569', 1),
(422, 'Mr. Vinod Sharma', 133, 'Purchaser', '01412330467', 'vks12.crystal@gmail.com', '9414077213', 1),
(423, 'Shamsher Singh', 128, 'Purchase Officer', '1882258780', 'shamsher_singh@jctltd.com', '9876166995', 1),
(424, 'Mr. Ravindra Suthar', 134, 'purchase executive', '2962254321', 'ravindrasuthar@lnjbhilwara.com', '2962254321', 1);

-- --------------------------------------------------------

--
-- Table structure for table `customer_groups`
--

CREATE TABLE IF NOT EXISTS `customer_groups` (
  `id` int(10) NOT NULL AUTO_INCREMENT,
  `name` varchar(100) NOT NULL,
  PRIMARY KEY (`id`)
) ENGINE=InnoDB  DEFAULT CHARSET=latin1 AUTO_INCREMENT=16 ;

--
-- Dumping data for table `customer_groups`
--

INSERT INTO `customer_groups` (`id`, `name`) VALUES
(1, 'General'),
(2, 'UltraTech'),
(4, 'Vedanta'),
(5, 'LNJ Bhilwara'),
(6, 'Sangam'),
(7, 'Adani'),
(8, 'Shree Cement'),
(9, 'The India Cement'),
(10, 'Shriram Group'),
(11, 'Sutlej Textiles'),
(12, 'Johnson'),
(13, 'JK Laxmi'),
(14, 'Dalmia '),
(15, 'RSPL');

-- --------------------------------------------------------

--
-- Table structure for table `customer_segs`
--

CREATE TABLE IF NOT EXISTS `customer_segs` (
  `id` int(10) NOT NULL AUTO_INCREMENT,
  `name` varchar(255) NOT NULL,
  PRIMARY KEY (`id`)
) ENGINE=InnoDB  DEFAULT CHARSET=latin1 AUTO_INCREMENT=14 ;

--
-- Dumping data for table `customer_segs`
--

INSERT INTO `customer_segs` (`id`, `name`) VALUES
(1, 'Metal & Mines'),
(2, 'Textile'),
(3, 'Cement Industries'),
(4, 'Fertiliser & Chemicals'),
(5, 'Automobile & Ancillary Units'),
(6, 'Food & Beverages'),
(7, 'Others'),
(8, 'Power Plants'),
(9, 'Other Government Departments'),
(10, 'OEM Customers'),
(11, 'Detergent'),
(12, 'Oil And Refinery'),
(13, 'Cables');

-- --------------------------------------------------------

--
-- Table structure for table `debit_notes`
--

CREATE TABLE IF NOT EXISTS `debit_notes` (
  `id` int(10) NOT NULL AUTO_INCREMENT,
  `voucher_no` varchar(10) NOT NULL,
  `created_on` date NOT NULL,
  `transaction_date` date NOT NULL,
  `sales_acc_id` int(10) NOT NULL,
  `payment_mode` varchar(100) NOT NULL,
  `party_id` int(10) NOT NULL,
  `narration` text NOT NULL,
  `amount` decimal(15,2) NOT NULL,
  `company_id` int(11) NOT NULL,
  `created_by` int(11) NOT NULL,
  `edited_by` int(10) NOT NULL,
  `edited_on` date NOT NULL,
  `cheque_no` varchar(25) NOT NULL,
  PRIMARY KEY (`id`)
) ENGINE=InnoDB DEFAULT CHARSET=latin1 AUTO_INCREMENT=1 ;

-- --------------------------------------------------------

--
-- Table structure for table `departments`
--

CREATE TABLE IF NOT EXISTS `departments` (
  `id` int(10) NOT NULL AUTO_INCREMENT,
  `name` varchar(100) NOT NULL,
  PRIMARY KEY (`id`)
) ENGINE=InnoDB  DEFAULT CHARSET=latin1 AUTO_INCREMENT=9 ;

--
-- Dumping data for table `departments`
--

INSERT INTO `departments` (`id`, `name`) VALUES
(1, 'Sales & Marketing'),
(2, 'Finance And Accounts'),
(3, 'Purchases'),
(5, 'Service Department'),
(6, 'HR & Administration'),
(8, 'Logistics');

-- --------------------------------------------------------

--
-- Table structure for table `designations`
--

CREATE TABLE IF NOT EXISTS `designations` (
  `id` int(10) NOT NULL AUTO_INCREMENT,
  `name` varchar(100) NOT NULL,
  PRIMARY KEY (`id`)
) ENGINE=InnoDB  DEFAULT CHARSET=latin1 AUTO_INCREMENT=13 ;

--
-- Dumping data for table `designations`
--

INSERT INTO `designations` (`id`, `name`) VALUES
(1, 'Sales Executive'),
(2, 'Commercial Executive'),
(3, 'Purchase Executive'),
(4, 'Office Assistant'),
(5, 'Chairman'),
(6, 'Director'),
(8, 'Workshop Supervisor'),
(10, 'Dy. Sales Manager'),
(11, 'Asst. Sales Manager'),
(12, 'Accounts Executive');

-- --------------------------------------------------------

--
-- Table structure for table `districts`
--

CREATE TABLE IF NOT EXISTS `districts` (
  `id` int(11) NOT NULL AUTO_INCREMENT,
  `state` varchar(100) NOT NULL,
  `district` varchar(100) NOT NULL,
  PRIMARY KEY (`id`)
) ENGINE=InnoDB  DEFAULT CHARSET=latin1 AUTO_INCREMENT=50 ;

--
-- Dumping data for table `districts`
--

INSERT INTO `districts` (`id`, `state`, `district`) VALUES
(1, 'Rajasthan', 'Udaipur'),
(2, 'Rajasthan', 'Chittorgarh'),
(3, 'Rajasthan', 'Beawer'),
(4, 'Rajasthan', 'Rajsamand'),
(5, 'Rajasthan', 'Bhilwara'),
(6, 'Rajasthan', 'Nimbahera'),
(7, 'Rajasthan', 'Sirohi'),
(8, 'Gujrat', 'Ahmedabad'),
(9, 'Chattisgarh', 'Raipur'),
(10, 'MP', 'Neemuch'),
(11, 'Rajasthan', 'Bikaner'),
(12, 'Rajasthan', 'Barmer'),
(13, 'Rajasthan', 'Kota'),
(14, 'Rajasthan', 'Jaipur'),
(15, 'Rajasthan', 'Jodhpur'),
(16, 'Rajasthan', 'Pali'),
(17, 'Rajasthan', 'Banswara'),
(18, 'Rajasthan', 'Ajmer'),
(19, 'Rajasthan', 'Baran'),
(20, 'Rajasthan', 'Bharatpur'),
(21, 'Rajasthan', 'Bundi'),
(22, 'Rajasthan', 'Churu'),
(23, 'Rajasthan', 'Dausa'),
(24, 'Rajasthan', 'Dholpur'),
(25, 'Rajasthan', 'Dungarpur'),
(26, 'Rajasthan', 'Ganganagar'),
(27, 'Rajasthan', 'Hanumangarh'),
(28, 'Rajasthan', 'Jaisalmer'),
(29, 'Rajasthan', 'Jalor'),
(30, 'Rajasthan', 'Jhalawar'),
(31, 'Rajasthan', 'Jhujhunu'),
(32, 'Rajasthan', 'Karauli'),
(33, 'Rajasthan', 'Nagaur'),
(34, 'Rajasthan', 'Sawai Madhopur'),
(35, 'Rajasthan', 'Sikar'),
(36, 'Rajasthan', 'Tonk'),
(37, 'Uttrakhand', 'Haridwar'),
(38, 'Gujrat', 'Kutch'),
(39, 'Punjab', 'Bathinda'),
(40, 'Maharastra', 'Chandrapur'),
(41, 'Haryana', 'Panipat'),
(42, 'Ra', 'Alwar'),
(43, 'Maharashtra', 'Mumbai'),
(44, 'Haryana', 'Rewari'),
(45, 'New Delhi', 'Delhi'),
(46, 'Uttar Pradesh', 'Kanpur'),
(47, 'Madhya Pradesh', 'Bhopal'),
(48, 'Madhya Pradesh', 'Morena'),
(49, 'Punjab', 'Hoshiarpur');

-- --------------------------------------------------------

--
-- Table structure for table `employees`
--

CREATE TABLE IF NOT EXISTS `employees` (
  `id` int(10) NOT NULL AUTO_INCREMENT,
  `name` varchar(100) NOT NULL,
  `sex` varchar(6) NOT NULL,
  `dipartment_id` int(10) NOT NULL,
  `designation_id` int(5) NOT NULL,
  `mobile` varchar(10) NOT NULL,
  `email` varchar(100) NOT NULL,
  `signature` varchar(100) NOT NULL,
  `account_no` varchar(20) NOT NULL,
  `bank_name` varchar(100) NOT NULL,
  `branch_name` varchar(100) NOT NULL,
  `ifsc_code` varchar(11) NOT NULL,
  `permanent_address` text NOT NULL,
  `residence_address` text NOT NULL,
  `phone_no` varchar(12) NOT NULL,
  `dob` date NOT NULL,
  `marital_status` varchar(10) NOT NULL,
  `date_of_anniversary` date NOT NULL,
  `spouse_name` varchar(40) NOT NULL,
  `children` int(11) NOT NULL,
  `spouse_working` varchar(3) NOT NULL,
  `qualification` varchar(40) NOT NULL,
  `last_company` varchar(50) NOT NULL,
  `join_date` date NOT NULL,
  `permanent_join_date` date NOT NULL,
  `blood_group` varchar(4) NOT NULL,
  `account_category_id` int(10) NOT NULL,
  `account_group_id` int(10) NOT NULL,
  `account_first_subgroup_id` int(10) NOT NULL,
  `account_second_subgroup_id` int(10) NOT NULL,
  `ledger_account_id` int(10) NOT NULL,
  PRIMARY KEY (`id`)
) ENGINE=InnoDB  DEFAULT CHARSET=latin1 AUTO_INCREMENT=19 ;

--
-- Dumping data for table `employees`
--

INSERT INTO `employees` (`id`, `name`, `sex`, `dipartment_id`, `designation_id`, `mobile`, `email`, `signature`, `account_no`, `bank_name`, `branch_name`, `ifsc_code`, `permanent_address`, `residence_address`, `phone_no`, `dob`, `marital_status`, `date_of_anniversary`, `spouse_name`, `children`, `spouse_working`, `qualification`, `last_company`, `join_date`, `permanent_join_date`, `blood_group`, `account_category_id`, `account_group_id`, `account_first_subgroup_id`, `account_second_subgroup_id`, `ledger_account_id`) VALUES
(4, 'Jagdish Salvi', 'Male', 1, 1, '9983247774', 'jagdish@mogragroup.com', '58b3ddec698e8.png', '61333933354', 'SBBJ', 'Shobhagpura', 'SBBJ0011485', 'Tulsi Ram Salvi,\r\nHouse No. 77, B Block, Sector 9,\r\nSavina , Udaipur 313001 ( Raj )', 'R C Gehlot, \r\nHouse No. 20/21, Behind Mahadev Properties, Gokul Village, Sector 9,\r\nSavina , Udaipur 313001 ( Raj )', '7300277882', '1980-10-07', 'Married', '2008-02-23', 'Lalita Salvi', 2, 'Yes', 'B Sc.', 'Manikaran Enterprises', '2016-08-24', '2016-09-24', 'A+', 1, 2, 7, 10, 22),
(7, 'Harshit Patel', 'Male', 1, 1, '9772404777', 'harshit@mogragroup.com', '58b3e05583253.png', '394002010065687', 'Union Bank Of India', 'Fatehpura', 'UBIN0539406', '25, vrandavan vihar, hiran magri sec-3 udaipur', '25, vrandavan vihar, hiran magri sec-3 udaipur', '', '1983-07-11', 'Married', '2007-11-21', 'laxita patel', 1, 'Yes', 'B.Com, MCSA, MCSE, CCNA', 'Dani Shares and Stock Brokers Pvt Ltd', '2014-01-27', '2014-01-27', '', 1, 2, 7, 10, 30),
(8, 'Jitendra Singh Jhala', 'Male', 2, 2, '9785177828', 'dispatch@mogragroup.com', '58b3ef21c6926.png', '394002010066287', 'Union Bank Of India', 'Fatehpura', 'UBIN0539406', '11, Ganpati Nagar A, Near Bohra Ganesh ji Temple, Sunderwas, Udaipur', '11, Ganpati Nagar A, Near Bohra Ganesh ji Temple, Sunderwas, Udaipur', '', '1985-01-05', 'Married', '2012-02-10', 'Asha Ranawat', 1, 'Yes', 'M.A., M.Sc., M.B.A.', 'Lakecity Infraproject Pvt. Ltd.,', '2014-08-19', '2015-02-20', 'O+', 1, 2, 7, 10, 31),
(9, 'Usha Mali', 'Female', 3, 3, '9166228856', 'purchase@mogragroup.com', '58da2f9de548e.png', '51111161500', 'SBBJ ', 'Madri ', 'SBBJ0010415', 'H.N. 114 UIT Colony Kanpur Madri .Udaipur  ', 'H.N. 114 UIT Colony Kanpur Madri .Udaipur  ', '0294 2980435', '1992-06-27', 'Single', '1970-01-01', '', 0, '', 'XII', 'AGHQ ', '2015-07-15', '2016-01-15', 'B+', 1, 2, 7, 10, 32),
(11, 'Pushpendra Nath Chauhan', 'Male', 1, 10, '9672994770', 'pushpendra@mogragroup.com', '58bd0c2f3fb02.png', '394002010064093', 'Union Bank Of India', 'New Fatehpura Udaipur', 'UBIN0539406', 'T 62 Tilak Nagar Hiran Mangri Sector 3 Udaipur', 'T 62 Tilak Nagar Hiran Mangri Sector 3 Udaipur', '8696029999', '1984-12-21', 'Married', '2010-11-23', 'Mrs. Kavita Kanwar', 1, 'No', 'MBA (MKTG & HR)', 'Bhatnagar Engineers', '2010-10-20', '2010-10-20', 'O+', 1, 2, 7, 10, 44),
(12, 'Vikram Singh ', 'Male', 1, 1, '9772604777', 'vikram@mogragroup.com', '58df6633240bc.png', '55545154566', 'SBBJ', 'Shobhagpura', 'SBBJ0011485', 'Bhanwar Singh \r\nVPO -Basantgarh\r\nTehsil -Pindwara\r\nDist. Sirohi', 'C/O Bhagwat Singh\r\nMeera Nagar\r\nbehind Ambience Hotel\r\nUdaipur', '9828232546', '1994-03-30', 'Single', '1970-01-01', '', 0, '', 'B.Tech ( Mech.)', 'Fresher', '2017-02-27', '2017-08-28', 'A+', 1, 2, 7, 10, 45),
(13, 'Bhopal Singh Jhala', 'Male', 8, 8, '9828447774', 'works@mogragroup.com', '58bd262745e4d.png', '394002010064416', 'Union Bank Of India', 'New Fatehpura', 'UBIN0539406', 'Narayan Singh Jhala\r\nVillage-Talavada\r\nPO -Bilot Teh -Dungla\r\nDist. Chittorgarh', 'C/O Ramesh Jain\r\nH.N. 159 Vivek Nagar\r\nSector no 3\r\nUdaipur', '9828447774', '1980-01-16', 'Married', '2007-03-12', 'Jaya kunwer jhala', 1, 'Yes', 'B.A.', 'Shilpa Trade Links', '2011-11-21', '2012-05-15', 'A+', 1, 2, 7, 10, 46),
(14, 'Reena Khandelwal', 'Female', 6, 4, '9649965452', 'info@mogragroup.com', '58be59bdf2895.docx', '394002100066517', 'Union Bank', 'New Fatehpura', 'UBIN0539406', 'C/o N.K.Gupta , 13-B Kanta Niwas, Snatosh Nagar , Street  No-7,Gariyawas, Udaipur', 'C/o N.K.Gupta , 13-B Kanta Niwas, Snatosh Nagar , Street  No-7,Gariyawas, Udaipur', '9649965452', '1979-01-31', 'Married', '1970-01-01', 'Gopal Khandelwal', 2, 'Yes', 'MA ', 'Phosphate India Pvt.Ltd', '2015-01-16', '2015-07-16', 'B+', 1, 2, 7, 10, 52),
(15, 'Mohammed Arif', 'Male', 1, 11, '9649004777', 'arif@mogragroup.com', '58c397efb67fe.jpg', '310102010457570', 'Union Bank Of India', 'Town Hall', 'UBIN0531014', '15/3 Opposite Matlob Masjid, Rajput Colony, \r\n62 futta road Saharanpur UP', 'Opposite soni general Store, Ganesh nagaer\r\npayda University Road, Udaipur raj', '', '1987-09-17', 'Married', '2014-10-27', 'Bushra Arif', 1, 'No', 'B.Sc and PGDBM', 'Kirloskar', '2011-11-16', '2012-04-02', 'B-', 1, 2, 7, 10, 70),
(16, 'Anshul Mogra', 'Male', 6, 6, '9772704777', 'anshul@mogragroup.com', '58e3324748064.png', '001410091506700', 'IDBI', 'Udaipur', 'IDBI', '560, OTC Scheme,\r\nAmbamata,\r\nUdaipur', '560, OTC Scheme,\r\nAmbamata,\r\nUdaipur', '0294 2980435', '1977-05-23', 'Married', '2007-04-20', 'Priya Mogra', 1, 'Yes', 'CA', 'Danube Building ', '2008-11-12', '2008-11-12', 'B+', 2, 6, 8, 11, 75),
(17, 'Priya Mogra', 'Female', 2, 6, '9772704888', 'priya@mogragroup.com', '58e0ffa003ced.jpg', '1234567890', 'UCO Bank', 'Ambamata', 'uCO12345', '560 OTC Scheme \r\nAmbamata Udaipur', '560 OTC Scheme \r\nAmbamata Udaipur', '02942431510', '1981-11-08', 'Married', '2007-04-20', 'Anshul Mogra', 1, 'Yes', 'MCA', 'None', '2007-05-01', '2007-05-01', 'A-', 2, 6, 2, 37, 0),
(18, 'Mukesh Jain ', 'Male', 1, 11, '9829042542', 'mukesh@mogragroup.com', '58e33d60a0bf9.docx', '394002010064091', 'Union Bank ', 'Kota Arodurm Barnch', 'UBIN0535265', '1488,  RK.PURAM, NEAR WATER TANK, KOTA,', '113/28 , Partap Nagar Sector -11, JAIPUR', '', '2069-10-15', 'Married', '1995-04-20', 'Sonali Jain', 1, 'Yes', 'BSC', 'Shilpa Trade Links Pvt. Ltd.', '2009-07-15', '2010-01-15', 'AB-', 1, 2, 7, 10, 0);

-- --------------------------------------------------------

--
-- Table structure for table `employee_companies`
--

CREATE TABLE IF NOT EXISTS `employee_companies` (
  `employee_id` int(10) NOT NULL,
  `company_id` int(10) NOT NULL,
  PRIMARY KEY (`employee_id`,`company_id`)
) ENGINE=InnoDB DEFAULT CHARSET=latin1;

--
-- Dumping data for table `employee_companies`
--

INSERT INTO `employee_companies` (`employee_id`, `company_id`) VALUES
(4, 25),
(4, 26),
(4, 27),
(7, 25),
(8, 25),
(8, 26),
(8, 27),
(9, 25),
(9, 26),
(9, 27),
(11, 25),
(11, 26),
(11, 27),
(12, 25),
(12, 26),
(12, 27),
(13, 25),
(13, 26),
(13, 27),
(14, 25),
(14, 26),
(14, 27),
(15, 25),
(15, 26),
(15, 27),
(16, 25),
(16, 26),
(16, 27),
(17, 25),
(18, 25),
(18, 26),
(18, 27);

-- --------------------------------------------------------

--
-- Table structure for table `employee_contact_persons`
--

CREATE TABLE IF NOT EXISTS `employee_contact_persons` (
  `id` int(10) NOT NULL AUTO_INCREMENT,
  `employee_id` int(10) NOT NULL,
  `name` varchar(255) NOT NULL,
  `mobile` varchar(10) NOT NULL,
  `landline` varchar(15) DEFAULT NULL,
  `email` varchar(255) NOT NULL,
  `relation` varchar(255) NOT NULL,
  PRIMARY KEY (`id`)
) ENGINE=InnoDB  DEFAULT CHARSET=latin1 AUTO_INCREMENT=107 ;

--
-- Dumping data for table `employee_contact_persons`
--

INSERT INTO `employee_contact_persons` (`id`, `employee_id`, `name`, `mobile`, `landline`, `email`, `relation`) VALUES
(1, 2, 'VIjay', '9983247774', '9983247774', 'vijay@mogragroup.com', 'Freinds'),
(2, 2, 'Harshit', '9983257774', '9983257774', 'harshit@mogragroup.com', 'Freinds'),
(7, 5, 'Dharma Prakash Chasta', '9785701991', '9785701991', 'dsgaur@gmail.com', 'Freinds'),
(8, 5, 'Vinay Taly', '7877858880', '7877858880', 'vinay_taly@yahoo.co.in', 'Freinds'),
(11, 6, 'Satish Patel', '9950999240', NULL, 'hpharsh0@gmail.com', 'Father'),
(12, 6, 'Harshit Patel', '9950278209', NULL, 'hpharsh0@gmail.com', 'Self'),
(51, 13, 'Pushpendra Nath Chauhan', '9672994770', '9672994770', 'pushpendrac08@gmail.com', 'Brother Inlow'),
(52, 13, 'Jagdish Salvi', '7300277882', '7300277882', 'jagdishsalvi1980@gmail.com', 'Freind'),
(53, 14, 'Gopal Khnadelwal', '9782056114', '9782056114', 'khureenabik@gmail.com', 'Husband'),
(54, 14, 'Ramesh Chandra Gupta', '9214404463', '9214404463', 'khureenabik@gmail.com', 'Father'),
(55, 7, 'Satish Patel', '9950999240', '', 'hpharsh0@gmail.com', 'Father'),
(56, 7, 'Satish Patel', '9950999240', '', 'hpharsh0@gmail.com', 'Father'),
(57, 4, 'Dharam Prakash Chasta', '9460726671', '9460726671', 'dharam@gmail.com', 'Friend'),
(58, 4, 'Vinay Tali', '7877858880', '7877858880', 'Vinay@gmail.com', 'Friend'),
(61, 15, 'Bushra', '7895925857', '', 'bushraarif23@gmail.com', 'Wife'),
(62, 15, 'Ankit Jain', '9828877772', '', 'jain.ankit0002@yahoo.in', 'Friend'),
(67, 11, 'Mr. B S Jhala', '9828447774', '9828447774', 'bhopalsingh.jhala@yahoo.com', 'Brother'),
(68, 11, 'Mr.  Mhmd. Arif', '9649004777', '9649004777', 'arif@mogragroup.com', 'Brother'),
(75, 8, 'Bhopal Singh Jhala', '9460509987', '', 'bhopal@gmail.com', 'Father'),
(76, 8, 'Asha Ranawat', '9783376214', '', 'asharanawatldc@gmail.com', 'Wife'),
(83, 9, 'Roop Lal JI ', '9610602013', '9610602013', 'rlj@gmail.com', 'Father '),
(84, 9, 'Satish ', '8003993600', '9460890164', 'satish@gmail.com', 'Friend '),
(91, 10, 'Anshul Mogra', '9772704777', '2431510', 'anshul@mogragroup.com', 'Husband'),
(92, 10, 'KS Mogra', '9829042326', '123', 'ksmogra@mogragroup.com', 'Father'),
(93, 17, 'Prakash Chhajed', '9425067062', '', 'prakashchhajed@rediffmail.com', 'Father'),
(94, 17, 'Pratibha Chhajed', '9755386566', '', 'pratibha@rediffmail.com', 'Mother'),
(97, 16, 'K S Mogra', '9829042326', '2431510', 'ksmogra@mogragroup.com', 'Father'),
(98, 16, 'Priya Mogra', '9772704777', '2431510', 'priya@mogragroup.com', 'Wife'),
(101, 18, 'Sonali Jain', '9982687697', '9982687697', 'sonali.sonalijain.sonalijn@gmail.com', 'Wife'),
(102, 18, 'Atika Jain ', '9116110880', '9116110880', 'atikajain95@gmail.com', 'Daughter'),
(105, 12, 'Bhagwat Singh', '9828232546', '9828232546', 'bsinghrana@gmail.com', 'Brother'),
(106, 12, 'Rajveer Singh', '7665510559', '7665510559', 'rajveer.rr497@gmail.com', 'Brother');

-- --------------------------------------------------------

--
-- Table structure for table `filenames`
--

CREATE TABLE IF NOT EXISTS `filenames` (
  `id` int(10) NOT NULL AUTO_INCREMENT,
  `file1` varchar(10) NOT NULL,
  `customer_id` int(10) NOT NULL,
  `file2` int(10) NOT NULL,
  PRIMARY KEY (`id`)
) ENGINE=InnoDB  DEFAULT CHARSET=latin1 AUTO_INCREMENT=154 ;

--
-- Dumping data for table `filenames`
--

INSERT INTO `filenames` (`id`, `file1`, `customer_id`, `file2`) VALUES
(1, 'BE', 1, 3251),
(2, 'BE', 4, 3239),
(3, 'BE', 2, 3236),
(4, 'BE', 3, 2613),
(5, 'BE', 5, 3127),
(6, 'BE', 6, 2227),
(7, 'BE', 7, 3147),
(8, 'BE', 8, 2932),
(9, 'BE', 9, 3360),
(10, 'BE', 10, 3346),
(11, 'BE', 11, 2971),
(12, 'BE', 11, 3085),
(13, 'BE', 32, 3008),
(14, 'BE', 35, 3325),
(15, 'BE', 37, 3049),
(16, 'BE', 36, 2681),
(18, 'BE', 19, 2986),
(19, 'BE', 55, 2839),
(20, 'BE', 81, 3258),
(21, 'BE', 12, 3156),
(22, 'BE', 1, 3146),
(24, 'BE', 22, 2827),
(25, 'BE', 30, 3241),
(26, 'BE', 26, 2720),
(27, 'BE', 1, 2879),
(30, 'BE', 86, 3331),
(32, 'BE', 52, 3332),
(33, 'BE', 88, 3333),
(34, 'BE', 18, 3334),
(35, 'BE', 76, 3335),
(36, 'BE', 56, 3336),
(37, 'BE', 2, 3337),
(38, 'BE', 60, 3338),
(39, 'BE', 85, 3339),
(40, 'BE', 36, 2919),
(41, 'BE', 5, 2977),
(42, 'BE', 40, 3250),
(43, 'BE', 4, 3371),
(44, 'BE', 1, 3361),
(45, 'BE', 33, 3362),
(46, 'BE', 93, 3247),
(47, 'BE', 31, 3240),
(48, 'BE', 29, 3368),
(49, 'BE', 64, 3296),
(50, 'BE', 53, 2454),
(51, 'BE', 94, 3065),
(52, 'BE', 32, 2959),
(53, 'BE', 65, 2748),
(54, 'BE', 70, 3255),
(55, 'BE', 74, 3272),
(56, 'BE', 74, 2809),
(57, 'BE', 59, 3148),
(58, 'DC', 30, 1),
(60, 'BE', 15, 3311),
(61, 'DC', 47, 2),
(62, 'BE', 15, 3212),
(63, 'DC', 95, 3),
(64, 'DC', 86, 4),
(65, 'DC', 97, 5),
(66, 'DC', 96, 6),
(67, 'BE', 77, 3186),
(68, 'BE', 43, 3145),
(69, 'DC', 43, 7),
(70, 'BE', 12, 3140),
(71, 'BE', 53, 3342),
(72, 'BE', 65, 3345),
(73, 'BE', 51, 3353),
(74, 'BE', 52, 3352),
(75, 'BE', 84, 3355),
(76, 'BE', 45, 3356),
(77, 'BE', 15, 3363),
(78, 'BE', 11, 3364),
(79, 'BE', 91, 3365),
(80, 'BE', 45, 3366),
(81, 'BE', 56, 3367),
(82, 'BE', 96, 3372),
(83, 'BE', 12, 3359),
(84, 'BE', 18, 3079),
(85, 'BE', 109, 3354),
(86, 'BE', 108, 3348),
(87, 'DC', 32, 8),
(88, 'BE', 66, 3320),
(89, 'BE', 18, 3249),
(90, 'DC', 61, 9),
(91, 'BE', 70, 3226),
(92, 'BE', 110, 3031),
(93, 'BE', 29, 3064),
(94, 'BE', 80, 3107),
(95, 'BE', 111, 3291),
(96, 'DC', 44, 10),
(98, 'DC', 38, 12),
(99, 'BE', 112, 3194),
(100, 'DC', 57, 13),
(101, 'BE', 107, 2502),
(102, 'BE', 101, 2877),
(103, 'BE', 115, 2890),
(104, 'BE', 68, 2982),
(105, 'DC', 4, 14),
(106, 'BE', 29, 2979),
(107, 'DC', 2, 15),
(108, 'BE', 19, 3369),
(109, 'BE', 21, 3142),
(111, 'DC', 1, 16),
(112, 'BE', 4, 2830),
(113, 'BE', 83, 3254),
(114, 'BE', 17, 2546),
(115, 'BE', 107, 2405),
(116, 'BE', 4, 2626),
(117, 'BE', 40, 3370),
(118, 'BE', 51, 3174),
(119, 'DC', 124, 17),
(120, 'BE', 42, 3102),
(121, 'BE', 122, 3350),
(122, 'BE', 95, 2900),
(123, 'BE', 69, 2942),
(124, 'BE', 125, 3349),
(125, 'BE', 1, 3293),
(126, 'BE', 126, 3080),
(127, 'BE', 11, 2780),
(128, 'BE', 128, 2999),
(129, 'BE', 129, 2945),
(130, 'BE', 72, 3299),
(131, 'BE', 56, 3083),
(132, 'BE', 1, 2886),
(133, 'BE', 130, 3341),
(134, 'BE', 95, 3373),
(135, 'DC', 123, 18),
(136, 'BE', 17, 3374),
(137, 'BE', 48, 3173),
(138, 'BE', 123, 3375),
(139, 'BE', 30, 3376),
(140, 'BE', 64, 2856),
(141, 'BE', 17, 3253),
(142, 'BE', 121, 2875),
(143, 'BE', 22, 2510),
(144, 'BE', 26, 3377),
(145, 'BE', 132, 2523),
(146, 'BE', 26, 2814),
(147, 'DC', 29, 19),
(148, 'BE', 95, 3378),
(149, 'BE', 67, 3351),
(150, 'BE', 95, 3164),
(151, 'BE', 127, 32471),
(152, 'BE', 134, 2598),
(153, 'BE', 95, 3183);

-- --------------------------------------------------------

--
-- Table structure for table `financial_months`
--

CREATE TABLE IF NOT EXISTS `financial_months` (
  `id` int(10) NOT NULL AUTO_INCREMENT,
  `financial_year_id` int(10) NOT NULL,
  `month` varchar(15) NOT NULL,
  `status` varchar(10) NOT NULL,
  PRIMARY KEY (`id`)
) ENGINE=InnoDB  DEFAULT CHARSET=latin1 AUTO_INCREMENT=130 ;

--
-- Dumping data for table `financial_months`
--

INSERT INTO `financial_months` (`id`, `financial_year_id`, `month`, `status`) VALUES
(31, 1, '04-2016', 'Open'),
(32, 1, '05-2016', 'Open'),
(33, 1, '06-2016', 'Open'),
(34, 1, '07-2016', 'Open'),
(35, 1, '08-2016', 'Open'),
(36, 1, '09-2016', 'Open'),
(37, 1, '10-2016', 'Open'),
(38, 1, '11-2016', 'Open'),
(39, 1, '12-2016', 'Open'),
(40, 1, '01-2017', 'Open'),
(41, 1, '02-2017', 'Open'),
(42, 1, '03-2017', 'Open'),
(43, 16, '04-2015', 'Open'),
(44, 16, '05-2015', 'Open'),
(45, 16, '06-2015', 'Open'),
(46, 16, '07-2015', 'Open'),
(47, 16, '08-2015', 'Open'),
(48, 16, '09-2015', 'Open'),
(49, 16, '10-2015', 'Open'),
(50, 16, '11-2015', 'Open'),
(51, 16, '12-2015', 'Open'),
(52, 16, '01-2016', 'Open'),
(53, 16, '02-2016', 'Open'),
(54, 16, '03-2016', 'Open'),
(55, 17, '04-2016', 'Open'),
(56, 17, '05-2016', 'Open'),
(57, 17, '06-2016', 'Open'),
(58, 17, '07-2016', 'Open'),
(59, 17, '08-2016', 'Open'),
(60, 17, '09-2016', 'Open'),
(61, 17, '10-2016', 'Open'),
(62, 17, '11-2016', 'Open'),
(63, 17, '12-2016', 'Open'),
(64, 17, '01-2017', 'Open'),
(65, 17, '02-2017', 'Open'),
(66, 17, '03-2017', 'Open'),
(67, 18, '04-2016', 'Open'),
(68, 18, '05-2016', 'Open'),
(69, 18, '06-2016', 'Open'),
(70, 18, '07-2016', 'Open'),
(71, 18, '08-2016', 'Open'),
(72, 18, '09-2016', 'Open'),
(73, 18, '10-2016', 'Open'),
(74, 18, '11-2016', 'Open'),
(75, 18, '12-2016', 'Open'),
(76, 18, '01-2017', 'Open'),
(77, 18, '02-2017', 'Open'),
(78, 18, '03-2017', 'Open'),
(79, 19, '04-2016', 'Open'),
(80, 19, '05-2016', 'Open'),
(81, 19, '06-2016', 'Open'),
(82, 19, '07-2016', 'Open'),
(83, 19, '08-2016', 'Open'),
(84, 19, '09-2016', 'Open'),
(85, 19, '10-2016', 'Open'),
(86, 19, '11-2016', 'Open'),
(88, 19, '12-2016', 'Open'),
(90, 19, '01-2017', 'Open'),
(91, 19, '02-2017', 'Open'),
(92, 19, '03-2017', 'Open'),
(93, 20, '04-2016', 'Open'),
(94, 20, '05-2016', 'Open'),
(95, 20, '06-2016', 'Open'),
(96, 20, '07-2016', 'Open'),
(97, 20, '08-2016', 'Open'),
(98, 20, '09-2016', 'Open'),
(99, 20, '10-2016', 'Open'),
(100, 20, '11-2016', 'Open'),
(101, 20, '12-2016', 'Open'),
(102, 20, '01-2017', 'Open'),
(103, 20, '02-2017', 'Open'),
(104, 20, '03-2017', 'Open'),
(106, 21, '04-2016', 'Open'),
(107, 21, '05-2016', 'Open'),
(108, 21, '06-2016', 'Open'),
(109, 21, '07-2016', 'Open'),
(110, 21, '08-2016', 'Open'),
(111, 21, '09-2016', 'Open'),
(112, 21, '10-2016', 'Open'),
(113, 21, '11-2016', 'Open'),
(114, 21, '12-2016', 'Open'),
(115, 21, '1-2017', 'Open'),
(116, 21, '2-2017', 'Open'),
(117, 21, '3-2017', 'Open'),
(118, 22, '04-2016', 'Open'),
(119, 22, '05-2016', 'Open'),
(120, 22, '06-2016', 'Open'),
(121, 22, '07-2016', 'Open'),
(122, 22, '08-2016', 'Open'),
(123, 22, '09-2016', 'Open'),
(124, 22, '10-2016', 'Open'),
(125, 22, '11-2016', 'Open'),
(126, 22, '12-2016', 'Open'),
(127, 22, '1-2017', 'Open'),
(128, 22, '2-2017', 'Open'),
(129, 22, '3-2017', 'Open');

-- --------------------------------------------------------

--
-- Table structure for table `financial_years`
--

CREATE TABLE IF NOT EXISTS `financial_years` (
  `id` int(11) NOT NULL AUTO_INCREMENT,
  `date_from` date NOT NULL,
  `date_to` date NOT NULL,
  `status` varchar(50) NOT NULL,
  `company_id` int(11) NOT NULL,
  PRIMARY KEY (`id`)
) ENGINE=InnoDB  DEFAULT CHARSET=latin1 AUTO_INCREMENT=23 ;

--
-- Dumping data for table `financial_years`
--

INSERT INTO `financial_years` (`id`, `date_from`, `date_to`, `status`, `company_id`) VALUES
(1, '2017-04-01', '2018-03-31', 'Open', 25),
(16, '2015-04-01', '2016-03-31', 'Closed', 25),
(18, '2016-04-01', '2017-03-31', 'Open', 25),
(19, '2017-04-01', '2018-03-31', 'Open', 26),
(20, '2017-04-01', '2018-03-31', 'Open', 27),
(21, '2016-04-01', '2017-03-31', 'Open', 27),
(22, '2016-04-01', '2017-03-31', 'Open', 26);

-- --------------------------------------------------------

--
-- Table structure for table `grns`
--

CREATE TABLE IF NOT EXISTS `grns` (
  `id` int(10) NOT NULL AUTO_INCREMENT,
  `vendor_id` int(10) NOT NULL,
  `date_created` date NOT NULL,
  `purchase_order_id` int(10) NOT NULL,
  `company_id` int(10) NOT NULL,
  `grn1` varchar(10) NOT NULL,
  `grn2` int(10) NOT NULL,
  `grn3` varchar(10) NOT NULL,
  `grn4` varchar(10) NOT NULL,
  `status` varchar(30) NOT NULL DEFAULT 'Pending',
  `created_by` int(10) NOT NULL,
  `road_permit_no` varchar(20) NOT NULL,
  PRIMARY KEY (`id`)
) ENGINE=InnoDB  DEFAULT CHARSET=latin1 AUTO_INCREMENT=14 ;

--
-- Dumping data for table `grns`
--

INSERT INTO `grns` (`id`, `vendor_id`, `date_created`, `purchase_order_id`, `company_id`, `grn1`, `grn2`, `grn3`, `grn4`, `status`, `created_by`, `road_permit_no`) VALUES
(1, 2, '2017-04-12', 53, 25, 'STL', 1, 'BE-3346', '17-18', 'Pending', 13, 'No'),
(2, 13, '2017-04-12', 52, 25, 'STL', 2, 'BE-3346', '17-18', 'Pending', 13, 'No'),
(3, 20, '2017-04-12', 54, 25, 'STL', 3, 'BE-2932', '16-17', 'Pending', 13, 'No'),
(4, 21, '2017-04-12', 64, 27, 'FMSL', 1, 'BE-3341', '17-18', 'Pending', 13, 'No'),
(5, 2, '2017-04-13', 69, 25, 'STL', 4, 'BE-3258', '17-18', 'Pending', 13, 'No'),
(6, 1, '2017-04-17', 40, 25, 'STL', 5, 'BE-3349', '16-17', 'Pending', 13, 'E47A110417892453'),
(7, 1, '2017-04-17', 63, 25, 'STL', 6, 'BE-3320', '17-18', 'Pending', 13, 'E47A060417827103'),
(8, 1, '2017-04-17', 40, 25, 'STL', 7, 'BE-3349', '16-17', 'Pending', 13, 'E47A060417827103'),
(9, 1, '2017-04-18', 42, 25, 'STL', 8, 'BE-3346', '16-17', 'Pending', 13, 'E47A060417827103'),
(10, 1, '2017-04-18', 27, 25, 'STL', 9, 'BE-3142', '16-17', 'Pending', 13, 'E47A060417827103'),
(11, 1, '2017-04-18', 41, 25, 'STL', 10, 'BE-2900', '16-17', 'Pending', 13, 'E47A060417827103'),
(12, 22, '2017-04-18', 71, 25, 'STL', 11, 'BE-3350', '17-18', 'Pending', 13, 'No'),
(13, 1, '2017-04-21', 40, 25, 'STL', 12, 'BE-3349', '16-17', 'Pending', 13, 'E47A170417968621');

-- --------------------------------------------------------

--
-- Table structure for table `grn_rows`
--

CREATE TABLE IF NOT EXISTS `grn_rows` (
  `id` int(10) NOT NULL AUTO_INCREMENT,
  `grn_id` int(10) NOT NULL,
  `item_id` int(10) NOT NULL,
  `quantity` int(5) NOT NULL,
  `description` varchar(255) NOT NULL,
  PRIMARY KEY (`id`)
) ENGINE=InnoDB  DEFAULT CHARSET=latin1 AUTO_INCREMENT=45 ;

--
-- Dumping data for table `grn_rows`
--

INSERT INTO `grn_rows` (`id`, `grn_id`, `item_id`, `quantity`, `description`) VALUES
(1, 1, 589, 1, ''),
(2, 2, 867, 2, ''),
(5, 4, 1161, 1, ''),
(6, 4, 1161, 1, ''),
(7, 3, 1191, 495, ''),
(8, 3, 1192, 404, ''),
(9, 5, 863, 4, ''),
(13, 6, 1171, 2, ''),
(14, 7, 963, 2, ''),
(15, 7, 966, 1, ''),
(16, 7, 1178, 1, ''),
(17, 7, 746, 5, ''),
(18, 7, 782, 2, ''),
(19, 7, 1207, 2, ''),
(28, 8, 964, 2, ''),
(29, 8, 1168, 1, ''),
(31, 9, 1170, 2, ''),
(34, 10, 737, 1, ''),
(35, 11, 1169, 1, ''),
(36, 12, 1039, 60, ''),
(37, 12, 1038, 91, ''),
(38, 12, 1040, 23, ''),
(39, 12, 1041, 23, ''),
(40, 12, 1185, 1, ''),
(41, 12, 1038, 239, ''),
(42, 12, 1214, 8, ''),
(44, 13, 1167, 1, '');

-- --------------------------------------------------------

--
-- Table structure for table `inventory_vouchers`
--

CREATE TABLE IF NOT EXISTS `inventory_vouchers` (
  `id` int(10) NOT NULL AUTO_INCREMENT,
  `invoice_id` int(10) NOT NULL,
  `iv_number` varchar(10) NOT NULL,
  `created_by` int(10) NOT NULL,
  `company_id` int(10) NOT NULL,
  `status` varchar(20) NOT NULL DEFAULT 'Incomplete',
  PRIMARY KEY (`id`)
) ENGINE=InnoDB DEFAULT CHARSET=latin1 AUTO_INCREMENT=1 ;

-- --------------------------------------------------------

--
-- Table structure for table `inventory_voucher_rows`
--

CREATE TABLE IF NOT EXISTS `inventory_voucher_rows` (
  `id` int(10) NOT NULL AUTO_INCREMENT,
  `inventory_voucher_id` int(10) NOT NULL,
  `invoice_id` int(10) NOT NULL,
  `item_id` int(10) NOT NULL,
  `quantity` int(10) NOT NULL,
  `left_item_id` int(10) NOT NULL,
  PRIMARY KEY (`id`)
) ENGINE=InnoDB DEFAULT CHARSET=latin1 AUTO_INCREMENT=1 ;

-- --------------------------------------------------------

--
-- Table structure for table `invoices`
--

CREATE TABLE IF NOT EXISTS `invoices` (
  `id` int(10) NOT NULL AUTO_INCREMENT,
  `temp_limit` decimal(10,2) DEFAULT '0.00',
  `customer_id` int(10) NOT NULL,
  `customer_address` text NOT NULL,
  `lr_no` varchar(255) NOT NULL,
  `terms_conditions` text,
  `discount_type` tinyint(1) NOT NULL,
  `total` decimal(15,2) NOT NULL,
  `pnf` decimal(10,2) NOT NULL,
  `pnf_type` tinyint(1) NOT NULL,
  `pnf_per` decimal(4,2) NOT NULL,
  `total_after_pnf` decimal(15,2) NOT NULL,
  `sale_tax_per` decimal(4,2) NOT NULL,
  `sale_tax_id` int(10) NOT NULL,
  `sale_tax_amount` decimal(15,2) NOT NULL,
  `exceise_duty` decimal(10,2) NOT NULL,
  `ed_description` varchar(255) NOT NULL,
  `fright_amount` decimal(8,2) NOT NULL,
  `fright_text` varchar(255) NOT NULL,
  `grand_total` decimal(18,2) NOT NULL,
  `due_payment` decimal(18,2) NOT NULL,
  `date_created` date NOT NULL,
  `company_id` int(10) NOT NULL,
  `process_status` varchar(30) NOT NULL,
  `sales_order_id` int(10) NOT NULL,
  `in1` varchar(10) NOT NULL,
  `in2` int(10) NOT NULL,
  `in4` varchar(10) NOT NULL,
  `in3` varchar(10) NOT NULL,
  `customer_po_no` varchar(100) NOT NULL,
  `po_date` date NOT NULL,
  `additional_note` varchar(255) NOT NULL,
  `employee_id` int(10) NOT NULL,
  `created_by` int(11) NOT NULL,
  `transporter_id` int(10) NOT NULL,
  `discount_per` decimal(4,2) NOT NULL,
  `discount` decimal(10,2) NOT NULL,
  `form47` varchar(100) NOT NULL,
  `form49` varchar(100) NOT NULL,
  `status` varchar(20) NOT NULL,
  `inventory_voucher_status` varchar(20) NOT NULL DEFAULT 'Pending',
  `payment_mode` varchar(20) NOT NULL,
  `fright_ledger_account` int(10) NOT NULL,
  `sales_ledger_account` int(10) NOT NULL,
  `st_ledger_account_id` int(10) NOT NULL,
  `pdf_font_size` varchar(10) NOT NULL DEFAULT '16px',
  `delivery_description` text NOT NULL,
  PRIMARY KEY (`id`)
) ENGINE=InnoDB  DEFAULT CHARSET=latin1 AUTO_INCREMENT=43 ;

--
-- Dumping data for table `invoices`
--

INSERT INTO `invoices` (`id`, `temp_limit`, `customer_id`, `customer_address`, `lr_no`, `terms_conditions`, `discount_type`, `total`, `pnf`, `pnf_type`, `pnf_per`, `total_after_pnf`, `sale_tax_per`, `sale_tax_id`, `sale_tax_amount`, `exceise_duty`, `ed_description`, `fright_amount`, `fright_text`, `grand_total`, `due_payment`, `date_created`, `company_id`, `process_status`, `sales_order_id`, `in1`, `in2`, `in4`, `in3`, `customer_po_no`, `po_date`, `additional_note`, `employee_id`, `created_by`, `transporter_id`, `discount_per`, `discount`, `form47`, `form49`, `status`, `inventory_voucher_status`, `payment_mode`, `fright_ledger_account`, `sales_ledger_account`, `st_ledger_account_id`, `pdf_font_size`, `delivery_description`) VALUES
(1, '0.00', 68, 'The Executive Engineer (O & M)\r\nSuratgarh Super thermal Power,\r\nRajasthan Rajya Vidyut Utpadan Nigam Limited, Near Village-Raiawali,\r\nSuratgarh-335804\r\nSri Ganganagar (Raj.)', '363-115314 dated 04.04.2017', NULL, 1, '830680.95', '0.00', 0, '0.00', '830680.95', '5.50', 2, '45687.45', '0.00', '', '8000.00', 'Jaipur Golden Freight Paid Door Delivery against Consignee copy', '884368.40', '884368.40', '2017-04-11', 25, 'Pulled From Sales-Order', 24, 'STL', 1, '17-18', 'BE-2982', 'PO201600064/D-262', '2017-01-25', '-', 18, 16, 1, '5.00', '43720.05', '', '', '', 'Pending', '', 106, 37, 488, '16px', ''),
(2, '0.00', 21, 'CPP (Thermal) Zawar Mines\r\nZawar Mines\r\nDist. Udaipur', '-', NULL, 1, '6500.00', '0.00', 0, '0.00', '6500.00', '5.50', 2, '357.50', '0.00', '', '0.00', '', '6857.50', '6857.50', '2017-04-11', 25, 'Pulled From Sales-Order', 30, 'STL', 2, '17-18', 'BE-3142', '2000038091/4100086596', '2017-01-20', 'Direct for payment within 30 days', 11, 8, 16, '0.00', '0.00', '', '', '', 'Pending', '', 106, 37, 488, '16px', ''),
(3, '0.00', 108, 'A-280/281/283 RIICO Industrial Area\r\nChopanki, Bhiwadi\r\nDistt: Alwar (Raj.)', '363-115321 dt. 04.04.2017', NULL, 1, '23850.00', '0.00', 0, '0.00', '23850.00', '14.50', 1, '3458.25', '0.00', '', '0.00', 'Freight "TO-PAY" basis', '27308.25', '27308.25', '2017-04-11', 25, 'Pulled From Sales-Order', 23, 'STL', 3, '17-18', 'BE-3348', 'CHP008470', '2016-12-17', 'Direct for payment against Performa Invoice', 15, 8, 1, '10.00', '2650.00', '', '', '', 'Pending', '', 106, 37, 487, '16px', ''),
(4, '0.00', 9, 'P.O. Adityanagar - 326 520\r\nMORAK, Distt. Kota (Rajasthan)', '30070 dated 04.04.2017', NULL, 0, '46105.78', '922.12', 1, '2.00', '47027.90', '14.50', 1, '6819.04', '3605.78', 'Add: Reimbursement of Excise duty so paid vide: Invoice No. R/16-17/2115 dt. 16.03.2017 of M/s Anticorrosive Equipment Pvt. Ltd., Mumbai for Rs. 2869/- and Invoice No. 899 dt. 07.03.2017 of M/s Mechneers India, Udaipur for Rs. 736.78/-', '0.00', 'Freight "TO-PAY" basis', '53846.94', '53846.94', '2017-04-11', 25, 'Pulled From Sales-Order', 5, 'STL', 4, '17-18', 'BE-3360', 'VPG/1100003705', '2017-02-20', 'Direct for payment within 30 days', 15, 8, 15, '0.00', '2200.00', '', '', '', 'Pending', '', 106, 37, 487, '16px', ''),
(5, '0.00', 37, 'RIICO INDUSTRIAL AREA NEEMRANA, DIST. ALWAR (RAJ)-301705', '363-115322 dt. 04.04.2017', NULL, 1, '89100.00', '0.00', 0, '0.00', '89100.00', '5.50', 2, '4900.50', '0.00', '', '0.00', 'Freight "TO-PAY" basis', '94000.50', '94000.50', '2017-04-11', 25, 'Pulled From Sales-Order', 14, 'STL', 5, '17-18', 'BE-3049', '2400000230', '2017-02-10', 'Direct for payment within 15 days', 15, 8, 1, '10.00', '9900.00', '', '', '', 'Pending', '', 106, 37, 488, '16px', ''),
(6, '0.00', 110, '(Khushkhera Cement Grinding Project)\r\nPlot No. SP3-II, A-1, \r\nRIICO Industrial Area\r\nBhiwadi, Taluka-Tijara,\r\nKhushkhera-301707\r\nDistt: Alwar (Raj.)', '363-115320 dated 04.04.2017', NULL, 1, '11040.00', '0.00', 0, '0.00', '11040.00', '14.50', 1, '1600.80', '0.00', '', '0.00', 'Freight "PAID" basis', '12640.80', '12640.80', '2017-04-11', 25, 'Pulled From Sales-Order', 19, 'STL', 6, '17-18', 'BE-3031', '415110', '2017-02-15', 'Direct for payment within 30 days', 11, 8, 1, '20.00', '2760.00', '', '', '', 'Pending', '', 106, 37, 487, '16px', ''),
(7, '0.00', 29, 'Bangur City\r\nPO RAS-306107\r\nTehsil :Jaitaran\r\nDist. Pali\r\n', '101-11138 dt. 05.04.2017', NULL, 1, '29188.38', '0.00', 0, '0.00', '29188.38', '14.50', 1, '4232.32', '788.38', 'Add.: Reimbursement of Excise duty, so paid vide Invoice No. RT-386 (2016-17) dt. 29.03.2017 of M/s Rajdhani Traders, Udaipur', '0.00', 'Freight "TO-PAY" basis', '33420.70', '33420.70', '2017-04-11', 25, 'Pulled From Sales-Order', 20, 'STL', 7, '17-18', 'BE-3064', '419574', '2017-03-08', 'Direct for payment within 30 days', 11, 8, 7, '20.00', '7100.00', '', '', '', 'Pending', '', 106, 37, 487, '16px', ''),
(8, '0.00', 70, 'SPL 1, Tapukara Industrial\r\nArea, Khuskhera-301707\r\nDistt-Alwar', '-', NULL, 1, '1337.60', '0.00', 0, '0.00', '1337.60', '5.50', 2, '73.57', '0.00', '', '0.00', 'Freight "PAID DOOR DELIVERY" basis', '1411.17', '1411.17', '2017-04-11', 25, 'Pulled From Sales-Order', 18, 'STL', 8, '17-18', 'BE-3226', '35664,0', '2017-01-30', 'Direct for payment within 30 days', 15, 8, 3, '5.00', '70.40', '', '', '', 'Pending', '', 106, 37, 488, '16px', ''),
(9, '0.00', 70, 'SPL 1, Tapukara Industrial\r\nArea, Khuskhera-301707\r\nDistt-Alwar', '-', NULL, 1, '51222.32', '0.00', 0, '0.00', '51222.32', '5.50', 2, '2817.23', '1222.32', 'Add: Reimbursement of Excise duty, so paid vide Invoice No. 938 dt. 24.03.2017 of M/s Mechneers India, Udaipur', '0.00', '"FREIGHT PAID DOOR DELIVERY" basis', '54039.55', '54039.55', '2017-04-11', 25, 'Pulled From Sales-Order', 17, 'STL', 9, '17-18', 'BE-3226', '36507,0 ', '2017-03-16', 'Direct for payment within 30 days', 15, 8, 3, '0.00', '0.00', '', '', '', 'Pending', '', 106, 37, 488, '16px', ''),
(10, '0.00', 40, 'Pali-Marwar-306401\r\nRajastahn', '45505 dt. 06.04.2017', NULL, 1, '56712.25', '0.00', 0, '0.00', '56712.25', '5.50', 2, '3119.17', '2599.75', 'Add: Reimbursement of Excise duty, so paid vide Invoice No. 4109V/17 dt. 25.03.2017 of M/s Remi Elektrotechnik Limited, Vasai', '0.00', 'Freight "PAID"  bais', '59831.42', '59831.42', '2017-04-11', 25, 'Pulled From Sales-Order', 1, 'STL', 10, '17-18', 'BE-3370', '4600015892', '2017-03-21', 'Direct for payment within 15 days', 4, 8, 2, '7.50', '4387.50', '', '', '', 'Pending', '', 106, 37, 488, '16px', ''),
(11, '0.00', 42, 'Rajasthan State Highway 9, \r\nSripati Nagar, Dabok, Udaipur-313201\r\nRajasthan \r\n', '-', NULL, 1, '28767.50', '0.00', 0, '0.00', '28767.50', '5.50', 2, '1582.21', '0.00', '', '0.00', 'Hand Delivery ', '30349.71', '30349.71', '2017-04-11', 25, 'Pulled From Sales-Order', 32, 'STL', 11, '17-18', 'BE-3102', '7420001469/MES ', '2017-03-29', 'Direct for payment within 30 days', 4, 8, 29, '7.50', '2332.50', '', '', '', 'Pending', '', 106, 37, 488, '16px', ''),
(12, '0.00', 18, 'Chanderia Smelter Complex (CPP)\r\nPO Putholi\r\nDt. Chittorgarh', '-', NULL, 1, '6955.00', '0.00', 0, '0.00', '6955.00', '5.50', 2, '382.52', '0.00', '', '0.00', 'Freight "PAID DOOR DELIVERY" basis', '7337.52', '7337.52', '2017-04-11', 25, 'Pulled From Sales-Order', 15, 'STL', 12, '17-18', 'BE-3079', '4100086596', '2017-01-20', 'Direct for payment within 30 days', 11, 8, 7, '0.00', '0.00', '', '', '', 'Pending', '', 106, 37, 488, '16px', ''),
(13, '0.00', 1, 'Dariba Smelter Complex\r\nRajpura Dariba Mines\r\nDist.: Rajsamand (Raj.)\r\nPin no- 313211', '-', NULL, 1, '98034.00', '0.00', 0, '0.00', '98034.00', '5.50', 2, '5391.87', '7784.00', 'Add: reimbursement of Excise duty, so paid vide invoice No. 107204 dt. 22.03.2017 of M/s SPX Flow Technology (India) Private Limited, Ahemdabad', '0.00', '', '103425.87', '103425.87', '2017-04-11', 25, 'Pulled From Sales-Order', 13, 'STL', 13, '17-18', 'BE-3146', '2000037157/4100085926', '2016-12-13', 'Direct for payment within 30 days', 11, 8, 16, '0.00', '0.00', '', '', '', 'Pending', '', 106, 37, 488, '16px', ''),
(14, '0.00', 72, 'SP-4/3, RIICO Industrial Area,\r\nVill.: Keshwana, Teh.: KOTPUTLI-303108,\r\nDistt: Jaipur (Raj.) ', '13553 dt. 20.03.2017', NULL, 1, '7500.00', '0.00', 0, '0.00', '7500.00', '5.50', 2, '412.50', '0.00', '', '0.00', 'Freight "TO-PAY'' basis', '7912.50', '7912.50', '2017-04-11', 25, 'Pulled From Sales-Order', 37, 'STL', 14, '17-18', 'BE-3299', 'Verbal confirmation by Mr. Naveen Kumar ', '2017-03-15', 'Direct for payment within 07 days', 15, 8, 1, '0.00', '0.00', '', '', '', 'Pending', '', 106, 37, 488, '16px', ''),
(15, '0.00', 129, 'SP3-10 to 11, RIICO Industrial Area, Teh.: Kotputli, Keshwana Rajpoot, Distt: Jaipur (Raj.)', '-', NULL, 1, '12350.00', '0.00', 0, '0.00', '12350.00', '5.50', 2, '679.25', '0.00', '', '0.00', 'Freight "TO-PAY" basis', '13029.25', '13029.25', '2017-04-11', 25, 'Pulled From Sales-Order', 36, 'STL', 15, '17-18', 'BE-2945', '471/16-17 ', '2016-07-23', 'Direct for payment against documents recevie', 15, 8, 1, '5.00', '650.00', '', '', '', 'Pending', '', 106, 37, 488, '16px', ''),
(16, '0.00', 53, 'Udaisagar Road,\r\nUdaipur-313003', 'Hand delivery', NULL, 1, '24500.00', '0.00', 0, '0.00', '24500.00', '5.50', 2, '1347.50', '0.00', '', '0.00', '', '25847.50', '25847.50', '2017-04-11', 25, 'Pulled From Sales-Order', 38, 'STL', 16, '17-18', 'BE-3342', '4501500290', '2017-04-04', 'Direct for payment within 15 days', 15, 8, 29, '0.00', '0.00', '', '', '', 'Pending', '', 106, 37, 488, '16px', ''),
(17, '0.00', 10, 'Sutlej Textiles and Industries Limited\r\nUnit-Rajasthan Textile Mills, \r\nPachpahar Road Bhawanimandi-326502 Distt: Jhalawar', '-', NULL, 1, '17478.44', '0.00', 0, '0.00', '17478.44', '5.50', 2, '961.31', '778.44', 'Add:Reimbursement of Excise duty, so paid vide Invoice No. 7 dt. 08.04.2017 of M/s Mechneers India Pvt. Ltd., Udaipur', '0.00', 'Freight "TO-PAY" bais', '18439.75', '18439.75', '2017-04-12', 25, 'Pulled From Sales-Order', 40, 'STL', 17, '17-18', 'BE-3346', '4515002929', '2016-12-16', 'Direct for payment against delivery.', 15, 8, 15, '0.00', '0.00', '', '', '', 'Pending', '', 106, 37, 488, '16px', ''),
(18, '0.00', 8, 'Unit Of - DCM Shriram Industries Limited\r\nShriram Nagar, Kota-324004', '-', NULL, 1, '38063.75', '0.00', 0, '0.00', '38063.75', '14.50', 1, '5519.24', '0.00', '', '0.00', 'Freight "TO-PAY" bais', '43582.99', '43582.99', '2017-04-12', 25, 'Pulled From Sales-Order', 42, 'STL', 18, '17-18', 'BE-2932', 'OSC/4800001336', '2017-02-28', '100% payment against delivery (COD)', 15, 8, 15, '7.50', '3086.25', '', '', '', 'Pending', '', 106, 37, 487, '16px', ''),
(19, '0.00', 15, '(Unit of J.K. Cement Ltd.)\r\nKailash nagar \r\nNimbahera - 312617', '10111359 dt. 10.04.2017', NULL, 1, '52012.13', '0.00', 0, '0.00', '52012.13', '5.50', 2, '2860.67', '892.13', 'Add:Reimbursement of Exicse duty, so paid vide Invoice No. 4085V/17  dt. 23.03.2017 of M/s Remi Elektrotechnik Limited, Vasai', '0.00', 'Freight "TO-PAY" basis', '54872.80', '54872.80', '2017-04-12', 25, 'Pulled From Sales-Order', 43, 'STL', 19, '17-18', 'BE-3363', '4100095291/6420', '2017-03-14', 'Direct for payment within 30 days', 15, 8, 7, '10.00', '5680.00', '', '', '', 'Pending', '', 106, 37, 488, '16px', ''),
(20, '0.00', 84, 'SPC-162, MIA,\r\n Alwar -301030\r\n', '-', NULL, 1, '65146.25', '0.00', 0, '0.00', '65146.25', '5.50', 2, '3583.04', '0.00', '', '0.00', '"FREIGHT PAID DOOR DELIVERY" basis', '68729.29', '68729.29', '2017-04-12', 25, 'Pulled From Sales-Order', 44, 'STL', 20, '17-18', 'BE-3355', '4501475075', '2017-01-16', 'Direct for payment 100% after delivery.', 15, 8, 3, '5.00', '3428.75', '', '', '', 'Pending', '', 106, 37, 488, '16px', ''),
(21, '0.00', 18, 'Chanderia Smelter Complex (CPP)\r\nPO Putholi\r\nDt. Chittorgarh', '-', NULL, 1, '109434.00', '0.00', 0, '0.00', '109434.00', '5.50', 2, '6018.87', '11434.00', 'Add: Reimbursement of Excise duty, so paid vide Invoice No. 100042 dt. 06.04.2017 of M/s SPX Flow Technology Pvt. Ltd., Ahemdabad for Rs. 8803.00/- and Invoice No. 3886V/17 dt. 08.03.2017 of M/s Remi Elektrotechnik Limited, Vasai for Rs. 2631.00/-', '0.00', 'Freight "PAID" basis', '115452.87', '115452.87', '2017-04-12', 25, 'Pulled From Sales-Order', 15, 'STL', 21, '17-18', 'BE-3079', '4100086596', '2017-01-20', 'Direct for payment within 30 days', 11, 8, 7, '0.00', '0.00', '', '', '', 'Pending', '', 106, 37, 488, '16px', ''),
(22, '0.00', 10, 'Sutlej Textiles and Industries Limited\r\nUnit-Rajasthan Textile Mills, \r\nPachpahar Road Bhawanimandi-326502 Distt: Jhalawar', '-', NULL, 1, '49331.00', '0.00', 0, '0.00', '49331.00', '5.50', 2, '2713.20', '4931.00', 'Add: Reimbursement of Excise duty, so paid vide Invoice No. 100041 dt. 06.04.2017 of M/s SPX Flow Technology (India) Pvt. Ltd.,Ahemdabad', '0.00', 'Freight "TO-PAY" basis', '52044.21', '52044.21', '2017-04-12', 25, 'Pulled From Sales-Order', 45, 'STL', 22, '17-18', 'BE-3346', '4515002954', '2017-01-05', 'Direct for payment within 30 days', 15, 8, 15, '0.00', '0.00', '', '', '', 'Pending', '', 106, 37, 488, '16px', ''),
(23, '0.00', 10, 'Sutlej Textiles and Industries Limited\r\nUnit-Rajasthan Textile Mills, \r\nPachpahar Road Bhawanimandi-326502 Distt: Jhalawar', '-', NULL, 1, '45426.88', '0.00', 0, '0.00', '45426.88', '5.50', 2, '2498.48', '1026.88', 'Add: Reimbursement of Excise duty, so paid vide Invoice No. 879  dt. 24.02.2017 of M/s Mechneers India, Udaipur', '0.00', 'Freight "TO-PAY" basis', '47925.36', '47925.36', '2017-04-12', 25, 'Pulled From Sales-Order', 45, 'STL', 23, '17-18', 'BE-3346', '4515002954', '2017-01-05', 'Direct for payment against delivery', 15, 8, 15, '0.00', '0.00', '', '', '', 'Pending', '', 106, 37, 488, '16px', ''),
(24, '0.00', 66, 'RSWM Limited,\r\n(Unit- Mandpam)\r\nPB No. 13\r\nBhilwara-311001', '10111373 dt. 11.04.2017', NULL, 1, '10867.50', '0.00', 0, '0.00', '10867.50', '5.50', 2, '597.71', '0.00', '', '0.00', 'Freight "TO-PAY" basis', '11465.21', '11465.21', '2017-04-12', 25, 'Pulled From Sales-Order', 16, 'STL', 24, '17-18', 'BE-3320', 'SPA/151601392', '2017-01-21', 'Direct for payment within 30 days', 15, 8, 7, '12.50', '1552.50', '', '', '', 'Pending', '', 106, 37, 488, '16px', ''),
(25, '0.00', 122, 'Dakan Kotra,\r\n12 Km Miles Stone,\r\nUdaipur-Banswara Road,\r\nDistt- Udaipur,\r\n313001 (Raj.)', '-', NULL, 1, '25564.50', '0.00', 0, '0.00', '25564.50', '5.50', 2, '1406.05', '0.00', '', '0.00', 'Hand Delivery', '26970.55', '26970.55', '2017-04-12', 25, 'Pulled From Sales-Order', 46, 'STL', 25, '17-18', 'BE-3350', 'E-mail confirmation by Mr. Mahendra Taya ', '2016-12-09', 'Direct for payment against delivery', 11, 8, 29, '5.00', '1345.50', '', '', '', 'Pending', '', 106, 37, 488, '16px', ''),
(26, '0.00', 101, 'NH-12, Ramganj Balaji, \r\nBundi-323001 (Raj)', '-', NULL, 1, '11259.40', '0.00', 0, '0.00', '11259.40', '5.50', 2, '619.27', '0.00', '', '0.00', 'Freight "TO-PAY" basis', '11878.67', '11878.67', '2017-04-12', 25, 'Pulled From Sales-Order', 34, 'STL', 26, '17-18', 'BE-2603', 'P/1718/44', '2017-04-06', 'Direct for payment within 30 days. ', 15, 8, 15, '0.00', '0.00', '', '', '', 'Pending', '', 106, 37, 488, '16px', ''),
(27, '0.00', 95, 'Hydro -I ,Unit II\r\nChanderai Lead Zinc Smelter,\r\nChittorgarh-312021', '10111374 dt. 11.04.2017', NULL, 1, '84376.00', '0.00', 0, '0.00', '84376.00', '5.50', 2, '4640.68', '9376.00', 'Add: Reimbursement of Excise duty, so paid vide Invoice No. 100043 dt. 06.04.2017 of M/s SPX Flow Technology Pvt. Ltd., Ahemdabad', '0.00', 'Freight "PAID" basis', '89016.68', '89016.68', '2017-04-13', 25, 'Pulled From Sales-Order', 49, 'STL', 27, '17-18', 'BE-2900', '2000038191/4100086683', '2017-01-25', 'Direct for payment within 30 days', 11, 8, 7, '0.00', '0.00', '', '', '', 'Pending', '', 106, 37, 488, '16px', ''),
(28, '0.00', 30, 'Village -Khapradig ,Teh :-Simga\r\nBhatapara ,Baloda Bazar Raipur -493332\r\nChattisgarh', 'N6000423111 dated 11.04.2017', NULL, 1, '191637.00', '0.00', 0, '0.00', '191637.00', '2.00', 4, '3832.74', '16250.00', 'Add: Reimbursement of Excise duty, so paid vide Invoice No. 0101602706 dt. 30.03.2017 of M/s Tushaco Pumps Pvt. Ltd., Nani Daman', '0.00', 'Freight "PAID" basis', '195469.74', '195469.74', '2017-04-13', 25, 'Pulled From Sales-Order', 9, 'STL', 28, '17-18', 'BE-3241', '418360', '2017-03-04', 'Direct for payment within 30 days', 11, 8, 27, '0.00', '0.00', '', 'E49A110417884615', '', 'Pending', '', 106, 37, 490, '16px', ''),
(29, '0.00', 17, 'Rajpura Dariba Mines\r\nDariba Smelter Complex \r\nP.O. Dariba Mines\r\nRajsamand', '-', NULL, 1, '106926.30', '0.00', 0, '0.00', '106926.30', '14.50', 1, '15504.31', '0.00', '', '0.00', '-', '122430.61', '122430.61', '2017-04-14', 25, 'Pulled From Sales-Order', 51, 'STL', 29, '17-18', 'BE-3253', '2000039196/4100087355', '2017-03-09', 'Direct for payment within 30 days', 11, 8, 29, '0.00', '0.00', '', '', '', 'Pending', '', 106, 37, 487, '16px', ''),
(30, '0.00', 86, '<pre class="cake-error"><a href="javascript:void(0);" onclick="document.getElementById(''cakeErr58f069130cb4f-trace'').style.display = (document.getElementById(''cakeErr58f069130cb4f-trace'').style.display == ''none'' ? '''' : ''none'');"><b>Notice</b> (8)</a>: Trying to get property of non-object [<b>APP/Controller/CustomersController.php</b>, line <b>222</b>]<div id="cakeErr58f069130cb4f-trace" class="cake-stack-trace" style="display: none;"><a href="javascript:void(0);" onclick="document.getElementById(''cakeErr58f069130cb4f-code'').style.display = (document.getElementById(''cakeErr58f069130cb4f-code'').style.display == ''none'' ? '''' : ''none'')">Code</a> <a href="javascript:void(0);" onclick="document.getElementById(''cakeErr58f069130cb4f-context'').style.display = (document.getElementById(''cakeErr58f069130cb4f-context'').style.display == ''none'' ? '''' : ''none'')">Context</a><pre id="cakeErr58f069130cb4f-code" class="cake-code-dump" style="display: none;"><code><span style="color: #000000"><span style="color: #0000BB">&nbsp;&nbsp;&nbsp;&nbsp;&nbsp;&nbsp;&nbsp;&nbsp;</span><span style="color: #007700">}</span></span></code>\r\n<span class="code-highlight"><code><span style="color: #000000"><span style="color: #0000BB">&nbsp;&nbsp;&nbsp;&nbsp;&nbsp;&nbsp;&nbsp;&nbsp;$defaultAddress&nbsp;</span><span style="color: #007700">=&nbsp;</span><span style="color: #0000BB">$this</span><span style="color: #007700">-&gt;</span><span style="color: #0000BB">Customers</span><span style="color: #007700">-&gt;</span><span style="color: #0000BB">CustomerAddress</span><span style="color: #007700">-&gt;</span><span style="color: #0000BB">find</span><span style="color: #007700">(</span><span style="color: #DD0000">''all''</span><span style="color: #007700">)-&gt;</span><span style="color: #0000BB">where</span><span style="color: #007700">([</span><span style="color: #DD0000">''customer_id''&nbsp;</span><span style="color: #007700">=&gt;&nbsp;</span><span style="color: #0000BB">$id</span><span style="color: #007700">,</span><span style="color: #DD0000">''default_address''&nbsp;</span><span style="color: #007700">=&gt;&nbsp;</span><span style="color: #0000BB">1</span><span style="color: #007700">])-&gt;</span><span style="color: #0000BB">first</span><span style="color: #007700">();</span></span></code></span>\r\n<code><span style="color: #000000"><span style="color: #0000BB">&nbsp;&nbsp;&nbsp;&nbsp;&nbsp;&nbsp;&nbsp;&nbsp;</span><span style="color: #007700">echo&nbsp;</span><span style="color: #0000BB">$defaultAddress</span><span style="color: #007700">-&gt;</span><span style="color: #0000BB">address</span><span style="color: #007700">;</span></span></code></pre><pre id="cakeErr58f069130cb4f-context" class="cake-context" style="display: none;">$id = &#039;86&#039;\r\n$defaultAddress = null</pre><pre class="stack-trace">App\\Controller\\CustomersController::defaultAddress() - APP/Controller/CustomersController.php, line 222\r\nCake\\Controller\\Controller::invokeAction() - CORE/src/Controller/Controller.php, line 435\r\nCake\\Routing\\Dispatcher::_invoke() - CORE/src/Routing/Dispatcher.php, line 115\r\nCake\\Routing\\Dispatcher::dispatch() - CORE/src/Routing/Dispatcher.php, line 88\r\n[main] - ROOT/webroot/index.php, line 37</pre></div></pre>', '-', NULL, 1, '2700.00', '0.00', 0, '0.00', '2700.00', '5.50', 2, '148.50', '0.00', '', '0.00', '"FREIGHT PAID DOOR DELIVERY" basis', '2848.50', '2848.50', '2017-04-14', 25, 'Pulled From Sales-Order', 52, 'STL', 30, '17-18', 'BE-3331', '16PODO0686', '2017-03-31', 'Direct for payment 100% within 07 days', 15, 8, 6, '0.00', '0.00', '', '', '', 'Pending', '', 106, 37, 488, '16px', ''),
(31, '0.00', 121, 'Plot No. SPL-2B, \r\nTapukara Industrial Area,\r\nBhiwadi Alwar Road, Tapukara, Distt-Alwar\r\n301707 (Raj.)', '-', NULL, 1, '17760.00', '0.00', 0, '0.00', '17760.00', '5.50', 2, '976.80', '0.00', '', '0.00', '"FREIGHT TO-PAY DOOR DELIVERY" basis', '18736.80', '18736.80', '2017-04-14', 25, 'Pulled From Sales-Order', 53, 'STL', 31, '17-18', 'BE-2875', 'LOC/16-01467', '2017-03-01', 'Direct for payment within 30 days', 15, 8, 3, '0.00', '0.00', '', '', '', 'Pending', '', 106, 37, 488, '16px', ''),
(32, '0.00', 22, 'Unit-Birla White\r\nRajashree Nagar, Kharia Khangar\r\nVillage :-Kharia Khangar\r\nDist. Jodhpur 342606', '-', NULL, 1, '27040.00', '0.00', 0, '0.00', '27040.00', '14.50', 1, '3920.80', '2200.00', 'Add: Reimbursement of Excise duty, so paid vide Invoice No. 0101602632 dt. 21.03.2017 of M/s Tushaco Pumps Pvt. Ltd., Nani Daman', '0.00', '"FREIGHT PAID DOOR DELIVERY" basis', '30960.80', '30960.80', '2017-04-14', 25, 'Pulled From Sales-Order', 55, 'STL', 32, '17-18', 'BE-2510', 'BW/BWJ/6202006775', '2017-02-14', 'Direct for payment within 30 days after receipt of material', 11, 8, 6, '10.00', '2760.00', '', '', '', 'Pending', '', 106, 37, 487, '16px', '"FREIGHT PAID DOOR DELIVERY" basis'),
(33, '0.00', 31, '( A Unit of Shree Cement Ltd )\r\nJind Road\r\nKhukhrana,Assan Kalan\r\nPanipat Haryana-132103', '305-482664 dated 30.03.2017', NULL, 1, '58166.00', '0.00', 0, '0.00', '58166.00', '2.00', 4, '1163.32', '3006.00', 'Add: Reimbursement of Excise duty, so paid vide Invoice No. 880  dt. 29.03.2017 of M/s Darling Pumps Pvt. Ltd., Indore', '0.00', 'Freight "PAID" basis', '59329.32', '59329.32', '2017-04-17', 25, 'Pulled From Sales-Order', 4, 'STL', 33, '17-18', 'BE-3240', '422190', '2017-03-22', 'Direct for payment within 30 days', 11, 8, 1, '20.00', '13790.00', '', '', '', 'Pending', '', 106, 37, 490, '16px', 'Freight "PAID" basis'),
(34, '0.00', 130, '<pre class="pr">App\\Model\\Entity\\CustomerAddres Object\r\n(\r\n    [id] => 362\r\n    [customer_id] => 130\r\n    [address] => SK Mines\r\nRajpura Dariba \r\n    [district_id] => 4\r\n    [telephone] => \r\n    [mobile] => \r\n    [transporter_id] => 0\r\n    [default_address] => 1\r\n    [[new]] => \r\n    [[accessible]] => Array\r\n        (\r\n            [*] => 1\r\n        )\r\n\r\n    [[dirty]] => Array\r\n        (\r\n        )\r\n\r\n    [[original]] => Array\r\n        (\r\n        )\r\n\r\n    [[virtual]] => Array\r\n        (\r\n        )\r\n\r\n    [[errors]] => Array\r\n        (\r\n        )\r\n\r\n    [[invalid]] => Array\r\n        (\r\n        )\r\n\r\n    [[repository]] => CustomerAddress\r\n)</pre>', '-', NULL, 0, '41000.00', '0.00', 0, '0.00', '41000.00', '5.50', 2, '2255.00', '0.00', '', '0.00', 'By Own Vehicle', '43255.00', '43255.00', '2017-04-17', 27, 'Pulled From Sales-Order', 60, 'FMSL', 1, '17-18', 'BE-3341', 'E-mail confirmation by Mr. Narendra Kumar on', '2017-03-30', 'Direct for payment advance', 11, 8, 29, '0.00', '0.00', '', '', '', 'Pending', '', 317, 311, 505, '16px', 'Hand Delivery'),
(35, '0.00', 81, 'B-25-26, RIICO Housing Colony\r\nRoad No. 1-D, V.K.I. Area, Jaipur-302013', '-', NULL, 1, '90992.00', '0.00', 0, '0.00', '90992.00', '5.50', 2, '5004.56', '0.00', '', '0.00', 'Freight "TO-PAY" basis', '95996.56', '95996.56', '2017-04-17', 27, 'Pulled From Sales-Order', 12, 'FMSL', 2, '17-18', 'BE-3258', 'Email confirmation by Mr. Vinod Sharma', '2017-03-16', 'Direct for payment within 07 days', 15, 8, 1, '6.00', '5808.00', '', '', '', 'Pending', '', 317, 311, 505, '16px', 'Freight "TO-PAY" basis'),
(36, '0.00', 94, '206, MTN, Neemach Kheda Main Road, Neenach Mata Scheme, Dewali, UDAIPUR-313001 (Raj.)', '-', NULL, 1, '29700.00', '0.00', 0, '0.00', '29700.00', '5.50', 2, '1633.50', '0.00', '', '0.00', 'Hand delivery', '31333.50', '31333.50', '2017-04-17', 27, 'Pulled From Sales-Order', 11, 'FMSL', 3, '17-18', 'BE-3065', 'email confirmation by Mr. Ali Hussain', '2017-03-22', 'Direct', 7, 8, 29, '0.00', '0.00', '', '', '', 'Pending', '', 317, 311, 505, '16px', 'Hand delivery'),
(37, '0.00', 67, '1003,Magnum Tower, 2nd Cross Lane, Swami Samarth Nagar,\r\n Andheri (W)-400053,\r\nMumbai(Maharashtra)', '4474 dated 07.04.2017', NULL, 1, '56510.00', '0.00', 0, '0.00', '56510.00', '5.50', 2, '3108.05', '0.00', '', '0.00', 'Freight "TO-PAY" basis', '59618.05', '59618.05', '2017-04-17', 27, 'Pulled From Sales-Order', 63, 'FMSL', 4, '17-18', 'BE-3351', 'HSEM/M/PMP/MR/722/16-17', '2016-11-07', 'Full payment received by NEFT ', 11, 8, 10, '0.00', '0.00', '', '-', '', 'Pending', '', 317, 311, 505, '16px', 'Freight "TO-PAY" basis'),
(38, '0.00', 127, 'E-1 RIICO Industrial Area,\r\nLalsot\r\nDausa -303511', '213 dated 06.04.2017', NULL, 1, '21500.00', '0.00', 0, '0.00', '21500.00', '5.50', 2, '1182.50', '0.00', '', '0.00', 'Freight "TO-PAY" basis', '22682.50', '22682.50', '2017-04-17', 27, 'Pulled From Sales-Order', 62, 'FMSL', 5, '17-18', 'BE-32471', 'Verbal order by Mr. Deppak', '2016-11-06', 'Full payment recevied by NEFT', 15, 8, 32, '0.00', '0.00', '', '', '', 'Pending', '', 317, 311, 505, '16px', 'Freight "TO-PAY" basis'),
(39, '0.00', 127, 'E-1 RIICO Industrial Area,\r\nLalsot\r\nDausa -303511', '-', NULL, 1, '8750.00', '0.00', 0, '0.00', '8750.00', '5.50', 2, '481.25', '0.00', '', '0.00', 'Hand Delivery', '9231.25', '9231.25', '2017-04-17', 27, 'Pulled From Sales-Order', 64, 'FMSL', 6, '17-18', 'BE-32471', 'Verbal order by Mr. Deepak on', '2017-04-06', 'Full payment received by NEFT', 15, 8, 29, '0.00', '0.00', '', '', '', 'Pending', '', 317, 311, 505, '16px', 'Hand Delivery'),
(40, '0.00', 26, 'Unit-Kotputli Cement Works\r\nVillage - Mohanpura\r\nTeh - Kotputli\r\nDist. jaipur-303108', '-', NULL, 1, '7250.00', '0.00', 0, '0.00', '7250.00', '5.50', 2, '398.75', '0.00', '', '100.00', '"FREIGHT PAID DOOR DELIVERY" basis', '7748.75', '7748.75', '2017-04-21', 25, 'Pulled From Sales-Order', 56, 'STL', 34, '17-18', 'BE-2814', 'GK/GKG/7100537993', '2017-04-08', 'Direct for payment within 30 days after receipt of material.', 15, 8, 6, '0.00', '0.00', '', '', '', 'Pending', '', 106, 37, 488, '16px', '"FREIGHT PAID DOOR DELIVERY" basis'),
(41, '0.00', 134, 'Mayur Nagar,\r\nLodha-327001\r\nBanswara (Raj.)', '-', NULL, 1, '4750.00', '0.00', 0, '0.00', '4750.00', '14.50', 1, '688.75', '0.00', '', '0.00', 'Freight "TO-PAY" basis', '5438.75', '5438.75', '2017-04-21', 25, 'Pulled From Sales-Order', 33, 'STL', 35, '17-18', 'BE-2598', 'SPA/31700011', '2017-04-03', 'Direct for payment within 30 days', 11, 8, 12, '0.00', '0.00', '', '', '', 'Pending', '', 106, 37, 487, '16px', 'Freight "TO-PAY" basis'),
(42, '0.00', 5, '(Formerly Indo Zinc Ltd)\r\n(A Subsidiary of The India Cements Ltd)\r\nPost Wajwana\r\nBanswara -327025', '-', NULL, 1, '2304.00', '0.00', 0, '0.00', '2304.00', '5.50', 2, '126.72', '0.00', '', '150.00', 'Re-imburesment of freight charge ', '2580.72', '2580.72', '2017-04-22', 25, 'Pulled From Sales-Order', 65, 'STL', 36, '17-18', 'BE-2977', 'PO /BSW / 66', '2017-04-18', 'Direct for payment within 30 days', 11, 8, 6, '10.00', '256.00', '', '', '', 'Pending', '', 106, 37, 488, '16px', '"FREIGHT PAID DOOR DELIVERY" basis');

-- --------------------------------------------------------

--
-- Table structure for table `invoice_bookings`
--

CREATE TABLE IF NOT EXISTS `invoice_bookings` (
  `id` int(10) NOT NULL AUTO_INCREMENT,
  `grn_id` int(10) NOT NULL,
  `invoice_no` varchar(100) NOT NULL,
  `created_on` date NOT NULL,
  `company_id` int(10) NOT NULL,
  `created_by` int(10) NOT NULL,
  `ib1` varchar(10) NOT NULL,
  `ib2` int(10) NOT NULL,
  `ib3` varchar(10) NOT NULL,
  `ib4` varchar(10) NOT NULL,
  `total` decimal(15,2) NOT NULL,
  `due_payment` decimal(15,2) NOT NULL,
  `vendor_id` int(11) NOT NULL,
  `supplier_date` date NOT NULL,
  `purchase_ledger_account` int(10) NOT NULL,
  `cst_vat` varchar(10) NOT NULL,
  PRIMARY KEY (`id`)
) ENGINE=InnoDB DEFAULT CHARSET=latin1 AUTO_INCREMENT=1 ;

-- --------------------------------------------------------

--
-- Table structure for table `invoice_booking_rows`
--

CREATE TABLE IF NOT EXISTS `invoice_booking_rows` (
  `id` int(11) NOT NULL AUTO_INCREMENT,
  `invoice_booking_id` int(11) NOT NULL,
  `item_id` int(11) NOT NULL,
  `unit_rate_from_po` decimal(15,2) NOT NULL,
  `discount_per` tinyint(1) NOT NULL,
  `discount` decimal(15,2) NOT NULL,
  `pnf_per` tinyint(1) NOT NULL,
  `pnf` decimal(15,2) NOT NULL,
  `excise_duty_per` tinyint(1) NOT NULL,
  `excise_duty` decimal(15,2) NOT NULL,
  `sale_tax_per` tinyint(1) NOT NULL,
  `sale_tax` decimal(15,2) NOT NULL,
  `misc_per` tinyint(1) NOT NULL,
  `misc` decimal(15,2) NOT NULL,
  `quantity` int(11) NOT NULL,
  `rate` decimal(20,5) NOT NULL,
  `amount` decimal(15,4) NOT NULL,
  `description` varchar(500) NOT NULL,
  PRIMARY KEY (`id`)
) ENGINE=InnoDB DEFAULT CHARSET=latin1 AUTO_INCREMENT=1 ;

-- --------------------------------------------------------

--
-- Table structure for table `invoice_rows`
--

CREATE TABLE IF NOT EXISTS `invoice_rows` (
  `id` int(10) NOT NULL AUTO_INCREMENT,
  `invoice_id` int(10) NOT NULL,
  `item_id` int(10) NOT NULL,
  `description` text NOT NULL,
  `quantity` int(5) NOT NULL,
  `rate` decimal(15,2) NOT NULL,
  `amount` decimal(15,2) NOT NULL,
  `height` int(3) NOT NULL,
  `inventory_voucher_status` varchar(10) NOT NULL DEFAULT 'Pending',
  `item_serial_number` varchar(100) NOT NULL,
  `inventory_voucher_applicable` varchar(10) NOT NULL,
  PRIMARY KEY (`id`)
) ENGINE=InnoDB  DEFAULT CHARSET=latin1 AUTO_INCREMENT=112 ;

--
-- Dumping data for table `invoice_rows`
--

INSERT INTO `invoice_rows` (`id`, `invoice_id`, `item_id`, `description`, `quantity`, `rate`, `amount`, `height`, `inventory_voucher_status`, `item_serial_number`, `inventory_voucher_applicable`) VALUES
(25, 2, 953, '<p>Your item code&nbsp;&nbsp; &nbsp; :&nbsp;&nbsp;&nbsp;&nbsp;&nbsp; &nbsp; 766141775030</p><p><span style="font-weight: bold; text-decoration: underline;">Spares for "JOHNSON" Pump</span></p><p><span style="line-height: 1.42857143;">Name of Spares&nbsp;</span><span style="line-height: 1.42857143;">&nbsp;&nbsp;&nbsp;&nbsp;</span><span style="line-height: 1.42857143;">&nbsp;&nbsp;&nbsp;&nbsp;</span><span style="line-height: 1.42857143;">&nbsp; &nbsp; :</span><span style="line-height: 1.42857143;">&nbsp;&nbsp;&nbsp;&nbsp;</span><span style="line-height: 1.42857143;">&nbsp;&nbsp;&nbsp;&nbsp;</span><span style="line-height: 1.42857143;">&nbsp;&nbsp;&nbsp;&nbsp;</span><span style="line-height: 1.42857143;">&nbsp; &nbsp; Shaft Sleeve</span></p><p>&nbsp;&nbsp;&nbsp;&nbsp;&nbsp;&nbsp;&nbsp;&nbsp;&nbsp;&nbsp;&nbsp;&nbsp;&nbsp;&nbsp;&nbsp;&nbsp;&nbsp;&nbsp;&nbsp;&nbsp;&nbsp;&nbsp;&nbsp;&nbsp;&nbsp;&nbsp;&nbsp;&nbsp;&nbsp;&nbsp;&nbsp;&nbsp;&nbsp;&nbsp;&nbsp;&nbsp;&nbsp;&nbsp;&nbsp;&nbsp;&nbsp;&nbsp;&nbsp;&nbsp;&nbsp;&nbsp;&nbsp;&nbsp;&nbsp;&nbsp;&nbsp;&nbsp;&nbsp;&nbsp;&nbsp;&nbsp;&nbsp;&nbsp;&nbsp;&nbsp;&nbsp;For Pump Model CCR 50-200 R6 S2 L6 &nbsp;&nbsp;<span style="line-height: 1.42857143;"><br></span><span style="line-height: 1.42857143;">Part No.&nbsp;&nbsp;&nbsp;&nbsp;&nbsp;&nbsp;&nbsp;&nbsp;&nbsp;&nbsp;&nbsp;&nbsp;&nbsp;&nbsp;&nbsp;&nbsp;&nbsp;&nbsp;&nbsp;&nbsp;&nbsp;&nbsp;&nbsp;&nbsp;&nbsp; &nbsp;: &nbsp; &nbsp; &nbsp; &nbsp; &nbsp; &nbsp; &nbsp; &nbsp; 1100 &nbsp; &nbsp; &nbsp; &nbsp;&nbsp;&nbsp; &nbsp;</span></p><p>&nbsp;&nbsp;&nbsp;&nbsp;&nbsp;&nbsp;&nbsp;&nbsp;&nbsp;&nbsp;&nbsp;&nbsp;&nbsp;&nbsp;&nbsp;&nbsp;&nbsp;&nbsp;&nbsp;&nbsp;&nbsp;&nbsp;&nbsp;&nbsp;&nbsp;&nbsp;&nbsp;&nbsp;&nbsp;&nbsp;&nbsp;&nbsp;&nbsp;&nbsp;&nbsp;&nbsp;&nbsp;&nbsp;&nbsp;&nbsp;&nbsp;&nbsp;&nbsp;&nbsp;&nbsp;&nbsp;&nbsp;&nbsp;&nbsp;&nbsp;&nbsp;&nbsp;&nbsp;&nbsp;&nbsp;&nbsp;&nbsp;&nbsp;&nbsp;&nbsp;<span style="line-height: 1.42857143;"><br></span>&nbsp;&nbsp;&nbsp;&nbsp;&nbsp;&nbsp;&nbsp;&nbsp;&nbsp;&nbsp;&nbsp;&nbsp;&nbsp;&nbsp;&nbsp;&nbsp;&nbsp;&nbsp;</p><p><span style="line-height: 1.42857143;"><br></span></p><p><span style="line-height: 1.42857143;"><br></span></p><p><span style="line-height: 1.42857143;"><br></span></p><p><span style="line-height: 1.42857143;"><br></span></p><p><span style="line-height: 1.42857143;"><br></span></p><p><span style="line-height: 1.42857143;"><br></span></p>', 2, '3250.00', '6500.00', 0, 'Pending', '', ''),
(26, 3, 976, '<p>Your item code&nbsp;&nbsp;&nbsp;&nbsp;&nbsp;&nbsp;&nbsp;&nbsp;&nbsp;&nbsp;&nbsp;&nbsp;&nbsp; &nbsp;: &nbsp; &nbsp; &nbsp; &nbsp; &nbsp; &nbsp; &nbsp; &nbsp; &nbsp; &nbsp;CMM009908</p><p><span style="font-weight: bold; text-decoration: underline;">"JOHNSON" Gear Pump</span>&nbsp;</p><p>Model&nbsp;&nbsp;&nbsp;&nbsp;&nbsp;&nbsp;&nbsp;&nbsp;&nbsp;&nbsp;&nbsp;&nbsp;&nbsp;&nbsp;&nbsp;&nbsp;&nbsp;&nbsp;&nbsp;&nbsp;&nbsp; &nbsp;:TGL 047 2 V</p><p>Recom Power &nbsp; &nbsp; &nbsp; &nbsp; : w/1440 RPM</p><p>Sr. No. &nbsp; &nbsp; &nbsp; &nbsp; &nbsp; &nbsp; &nbsp; &nbsp; &nbsp; &nbsp; &nbsp;: C111639001</p><p></p><p></p><p></p>', 1, '26500.00', '26500.00', 0, 'Pending', '', ''),
(27, 4, 903, '<p>Your item code&nbsp; &nbsp; :&nbsp; &nbsp; 1000004583</p><p>Part No.&nbsp;&nbsp;&nbsp;&nbsp;&nbsp;&nbsp;&nbsp;&nbsp;&nbsp;&nbsp;&nbsp;&nbsp;&nbsp; &nbsp; :&nbsp; &nbsp; 1036314</p><p><span style="font-weight: bold; text-decoration: underline;">"ANTICO" Chemical Process Pump Set</span></p><p>Model : &nbsp;NZRP 25 160 (Impeller Dia-170 mm)</p><p>Head : 40 Mtrs.</p><p>Flow &nbsp;:1 00 LPM</p><p>Sealing : Mechanical Seal</p><p>Suc*Dis. : &nbsp;40*25 mm</p><p>with "BBL" 5 HP/2900 RPM Motor, Coupling, Coupling Guard, Fasteners dully assembled on MS BasrFrame</p><p>Pump Sr. No. : &nbsp;NZRPTB17033010</p><p>Motor : N1628962</p>', 1, '44700.00', '44700.00', 0, 'Pending', '', ''),
(28, 5, 927, '<p><span style="font-weight: bold; text-decoration: underline;">"JOHNSON" Pump Sets</span></p><p>Model : CCR 32 160 R6A M2 L6</p><p>Capacity : 12 m3/hr</p><p>Head : 24 Mtrs.</p><p>Sealing : Mechanical Seal</p><p>with "REMI" 5 HP/2900 RPM Motor, Coupling L-95, Coupling Guard, Fasteners dully assembled on MS Baseframe</p><p>Pump Sr. No.:&nbsp;B111272034</p><p>Motor SR. No.: 16/12/1999</p><p><br></p><p><br></p><p><br></p><p><br></p><p><br></p><p><br></p><p><br></p><p><br></p><p><br></p><p><br></p><p><br></p><p><br></p><p><br></p><p><br></p><p><br></p><p><br></p><p><br></p><p><br></p>', 1, '99000.00', '99000.00', 0, 'Pending', '', ''),
(29, 6, 881, '<p>Your item code&nbsp;&nbsp;&nbsp;&nbsp;&nbsp;&nbsp;&nbsp;&nbsp;&nbsp; &nbsp; :&nbsp;&nbsp;&nbsp;&nbsp;&nbsp;&nbsp;&nbsp;&nbsp;&nbsp; &nbsp; FILTELEM1177</p><p><span style="font-weight: bold; text-decoration: underline;">"MECHFILL" Basket Type Filter Element</span></p><p>Model&nbsp;&nbsp;&nbsp;&nbsp;&nbsp;&nbsp;&nbsp;&nbsp;&nbsp;&nbsp;&nbsp;&nbsp;&nbsp; &nbsp; :&nbsp;&nbsp;&nbsp;&nbsp;&nbsp;&nbsp;&nbsp;&nbsp;&nbsp;&nbsp;&nbsp;&nbsp;&nbsp; &nbsp; Filter Element</p><p>Micron&nbsp;&nbsp;&nbsp;&nbsp;&nbsp;&nbsp;&nbsp;&nbsp;&nbsp;&nbsp;&nbsp;&nbsp;&nbsp; :&nbsp;&nbsp;&nbsp;&nbsp;&nbsp;&nbsp;&nbsp;&nbsp;&nbsp;&nbsp;&nbsp;&nbsp;&nbsp; &nbsp; 80 Micron</p>', 4, '3450.00', '13800.00', 0, 'Pending', '', ''),
(30, 7, 923, '<p>Your item code&nbsp;&nbsp;&nbsp;&nbsp;&nbsp;&nbsp;&nbsp;&nbsp;&nbsp; &nbsp; :&nbsp;&nbsp;&nbsp;&nbsp;&nbsp;&nbsp;&nbsp;&nbsp;&nbsp;&nbsp;&nbsp;&nbsp;&nbsp; &nbsp; PUMPOILS0017</p><p><span style="font-weight: bold; text-decoration: underline;">"TUSHACO" Gear Pump Sets</span></p><p>Model&nbsp;&nbsp;&nbsp;&nbsp;&nbsp;&nbsp;&nbsp;&nbsp;&nbsp; &nbsp; :&nbsp;&nbsp;&nbsp;&nbsp;&nbsp;&nbsp;&nbsp;&nbsp;&nbsp;&nbsp;&nbsp;&nbsp;&nbsp; &nbsp; RT 40</p><p>Capacity&nbsp;&nbsp;&nbsp;&nbsp;&nbsp; &nbsp; :&nbsp;&nbsp;&nbsp;&nbsp;&nbsp;&nbsp;&nbsp;&nbsp;&nbsp;&nbsp;&nbsp;&nbsp;&nbsp; &nbsp; 40 LPM</p><p>Head&nbsp;&nbsp;&nbsp;&nbsp;&nbsp;&nbsp;&nbsp;&nbsp;&nbsp;&nbsp;&nbsp;&nbsp;&nbsp; &nbsp;:&nbsp;&nbsp;&nbsp;&nbsp;&nbsp;&nbsp;&nbsp;&nbsp;&nbsp;&nbsp;&nbsp;&nbsp;&nbsp; &nbsp; 8 Kg/cm2</p><p>with "CGL" 1 HP/1500 RPM Motor, Coupling L-70, Coupling Guard, Fasteners Dully assembled on MS Baseframe</p><p>Pump Sr. No,&nbsp; &nbsp; :&nbsp;&nbsp;&nbsp;&nbsp;&nbsp;&nbsp;&nbsp;&nbsp;&nbsp; &nbsp; 1594996/2771, 2769</p><p>Motor Sr. No.&nbsp; &nbsp; :&nbsp;&nbsp;&nbsp;&nbsp;&nbsp;&nbsp;&nbsp;&nbsp;&nbsp; &nbsp; PGH-43216, 43244</p><p><br></p><p><br></p><p><br></p><p><br></p>', 2, '17750.00', '35500.00', 0, 'Pending', '', ''),
(31, 8, 767, '<p><span style="font-weight: bold;">Your item code&nbsp;&nbsp;&nbsp;&nbsp;&nbsp;&nbsp;&nbsp;&nbsp;&nbsp; &nbsp; :&nbsp;&nbsp;&nbsp;&nbsp;&nbsp;&nbsp;&nbsp;&nbsp;&nbsp; &nbsp; RMPII00033966</span></p><p><span style="font-weight: bold; text-decoration: underline;">Spares for "JOHNSON" Pump</span></p><p>Name of Spares&nbsp;&nbsp;&nbsp;&nbsp;&nbsp;&nbsp;&nbsp;&nbsp;&nbsp; &nbsp; :&nbsp;&nbsp;&nbsp;&nbsp;&nbsp;&nbsp;&nbsp;&nbsp;&nbsp;&nbsp;&nbsp;&nbsp;&nbsp; &nbsp; Shaft</p><p>&nbsp;&nbsp;&nbsp;&nbsp;&nbsp;&nbsp;&nbsp;&nbsp;&nbsp;&nbsp;&nbsp;&nbsp;&nbsp;&nbsp;&nbsp;&nbsp;&nbsp;&nbsp;&nbsp;&nbsp;&nbsp;&nbsp;&nbsp;&nbsp;&nbsp;&nbsp;&nbsp;&nbsp;&nbsp;&nbsp;&nbsp;&nbsp;&nbsp;&nbsp;&nbsp;&nbsp;&nbsp;&nbsp;&nbsp;&nbsp;&nbsp;&nbsp;&nbsp;&nbsp;&nbsp;&nbsp;&nbsp;&nbsp;&nbsp;&nbsp;&nbsp;&nbsp;&nbsp;&nbsp;&nbsp;&nbsp;&nbsp; &nbsp; For Pump Model KGEN 11-4 G1<br></p>', 2, '704.00', '1408.00', 0, 'Pending', '', ''),
(32, 9, 803, '<p>Your item code&nbsp;&nbsp;&nbsp;&nbsp;&nbsp; &nbsp; :&nbsp;&nbsp;&nbsp;&nbsp;&nbsp; &nbsp; RMPII00040946</p><p><span style="font-weight: bold; text-decoration: underline;">"JOHNSON" Centrifugal Pump Sets</span></p><p>Model&nbsp;&nbsp;&nbsp;&nbsp;&nbsp;&nbsp;&nbsp;&nbsp;&nbsp; &nbsp; :&nbsp;&nbsp;&nbsp;&nbsp;&nbsp;&nbsp;&nbsp;&nbsp;&nbsp;&nbsp;&nbsp;&nbsp;&nbsp; &nbsp; KGEN 12-5 G1</p><p>Capacity&nbsp;&nbsp;&nbsp;&nbsp;&nbsp; &nbsp; :&nbsp;&nbsp;&nbsp;&nbsp;&nbsp;&nbsp;&nbsp;&nbsp;&nbsp;&nbsp;&nbsp;&nbsp;&nbsp; &nbsp; 8 M3/hr</p><p>Head&nbsp;&nbsp;&nbsp;&nbsp;&nbsp;&nbsp;&nbsp;&nbsp;&nbsp;&nbsp;&nbsp;&nbsp;&nbsp; &nbsp; :&nbsp;&nbsp;&nbsp;&nbsp;&nbsp;&nbsp;&nbsp;&nbsp;&nbsp;&nbsp;&nbsp;&nbsp;&nbsp; &nbsp; 20 Mtrs.</p><p>with "BBL" 3 HP/2900 RPM Motor, Coupling L-95, Coupling Guard, Fasteners dully assembled on MS Baseframe</p><p>Pump Sr. No.&nbsp; &nbsp; : &nbsp; &nbsp; &nbsp; &nbsp; &nbsp; &nbsp; &nbsp;B111398049, 050</p><p>Motor Sr. No.&nbsp; &nbsp; :&nbsp;&nbsp;&nbsp;&nbsp;&nbsp;&nbsp;&nbsp;&nbsp;&nbsp; &nbsp; K1631977, N1700893</p>', 2, '25000.00', '50000.00', 0, 'Pending', '', ''),
(33, 10, 930, '<p><span style="font-weight: bold; text-decoration: underline;">"JOHNSON" Pump Set</span></p><p>Pump Model : CCR 40 160</p><p>Head: 30 Meters</p><p>Flow: 30 M3/Hr</p><p><span style="line-height: 1.42857143;">Sealing: Gland Packing</span><br></p><p><span style="line-height: 1.42857143;">Power: 7.5 HP/2900 RPM</span><br></p><p><span style="line-height: 1.42857143;">Suc*Dis Size: 50 x 32 MM / P H : 7</span><br></p><p><span style="line-height: 1.42857143;">Price for pump with REMI / BBL Make STD. Foot mounted motor, 7.5 HP/2900 rpm</span><br></p><p>&nbsp;Coupling L-95, Coupling Guard MS Base Frame</p><p>Pump Sr. No.: Z111241009</p><p>Motor Sr. No. : 16/07/D/1584</p><p><br></p><p><br></p><p><br></p><p><br></p><p><br></p><p><br></p><p><br></p><p><br></p><p><br></p><p><br></p>', 1, '58500.00', '58500.00', 0, 'Pending', '', ''),
(34, 11, 645, '<p>Your item code : A0703126776</p><p><span style="font-weight: bold; text-decoration: underline;">"DARLING" Submersible Pump Set</span></p><p>Model&nbsp; &nbsp; :&nbsp; &nbsp; WW 101</p><p>Sr. No.:&nbsp; &nbsp; :&nbsp; &nbsp;WD-160569</p><p>with 5 Mtrs. Cable &amp; Control Penal</p><p><br></p><p><br></p><p><br></p><p><br></p><p><br></p>', 1, '31100.00', '31100.00', 0, 'Pending', '', ''),
(35, 12, 951, '<p><span style="font-weight: bold; text-decoration: underline;">Spares for "JOHNSON" Pump</span>&nbsp;</p><p>Model&nbsp;&nbsp;&nbsp;&nbsp;&nbsp; &nbsp; :&nbsp;&nbsp;&nbsp;&nbsp;&nbsp; &nbsp; CCR 50-200 R6A S2 L6</p><p><span style="font-weight: bold;">Item code&nbsp;&nbsp;&nbsp;&nbsp;&nbsp;&nbsp;&nbsp;&nbsp;&nbsp; &nbsp; Part No.&nbsp;&nbsp;&nbsp;&nbsp;&nbsp;&nbsp;&nbsp;&nbsp;&nbsp; &nbsp; Description</span></p><p>766141589020&nbsp;&nbsp;&nbsp;&nbsp;&nbsp;&nbsp;&nbsp;&nbsp;&nbsp; &nbsp; 2650&nbsp;&nbsp;&nbsp;&nbsp;&nbsp;&nbsp;&nbsp;&nbsp;&nbsp; &nbsp; Lock Nut&nbsp; &nbsp;&nbsp;&nbsp;&nbsp;&nbsp;&nbsp;</p>', 2, '227.50', '455.00', 0, 'Pending', '', ''),
(36, 12, 953, '<p>766141775030&nbsp;&nbsp;&nbsp;&nbsp;&nbsp;&nbsp;&nbsp;&nbsp;&nbsp; &nbsp; 1100&nbsp;&nbsp;&nbsp;&nbsp;&nbsp;&nbsp;&nbsp;&nbsp;&nbsp; &nbsp; Shaft Sleeve&nbsp;&nbsp;&nbsp;&nbsp;&nbsp;&nbsp;&nbsp;&nbsp;&nbsp;&nbsp;&nbsp;&nbsp;</p>', 2, '3250.00', '6500.00', 0, 'Pending', '', ''),
(37, 13, 941, '<p>Your item code&nbsp; &nbsp; :&nbsp; &nbsp; 766168027010</p><p><span style="font-weight: bold; text-decoration: underline;">"JOHNSON" Centrifugal Pump Set</span></p><p>Model&nbsp;&nbsp;&nbsp;&nbsp;&nbsp; &nbsp; :&nbsp;&nbsp;&nbsp;&nbsp;&nbsp; &nbsp; CCR 125-315 R1A S2 L3 (Impeller Dia-284 mm)</p><p>Head&nbsp;&nbsp;&nbsp;&nbsp;&nbsp;&nbsp;&nbsp;&nbsp;&nbsp; :&nbsp;&nbsp;&nbsp;&nbsp;&nbsp; &nbsp; 20 Mtrs.</p><p>Flow&nbsp;&nbsp;&nbsp;&nbsp;&nbsp;&nbsp;&nbsp;&nbsp;&nbsp; &nbsp; :&nbsp;&nbsp;&nbsp;&nbsp;&nbsp; &nbsp; 225 m3/hr</p><p>Recomd Power&nbsp;&nbsp;&nbsp;&nbsp;&nbsp; &nbsp; :&nbsp;&nbsp;&nbsp;&nbsp;&nbsp; &nbsp; 30 HP/1500 RPM</p><p>with MS Base Frame, Coupling T7C1PB, Fasteners etc.</p><p>Pump Sr. No.&nbsp;&nbsp;&nbsp;&nbsp;&nbsp;&nbsp; &nbsp;&nbsp;&nbsp;&nbsp;&nbsp; : &nbsp; &nbsp;C111627001</p><p><br></p><p><br></p><p><br></p><p><br></p><p><br></p><p><br></p><p><br></p><p><br></p><p><br></p><p><br></p><p><br></p><p><br></p>', 1, '90250.00', '90250.00', 0, 'Pending', '', ''),
(38, 14, 645, '<p><span style="font-weight: bold; text-decoration: underline;">"DARLING" Submersible Pump</span></p><p>Model&nbsp; &nbsp; :&nbsp; &nbsp; WW 101</p><p>Recd. Power&nbsp; &nbsp; :&nbsp; &nbsp; 1 HP/2900 RPM</p><p>Sr. No.&nbsp;&nbsp;&nbsp;&nbsp;&nbsp;&nbsp;&nbsp;&nbsp;&nbsp;&nbsp;&nbsp;&nbsp;&nbsp; &nbsp; :&nbsp; &nbsp; WD 160569</p><p><br></p><p><br></p><p><br></p><p><br></p><p><br></p><p><br></p><p><br></p><p><br></p><p><br></p><p><br></p><p><br></p>', 1, '7500.00', '7500.00', 0, 'Pending', '', ''),
(39, 15, 1189, '<p><span style="font-weight: bold; text-decoration: underline;">Spares for "JOHNSON" Pump</span></p><p>Name of Spares : Impeller</p><p>&nbsp;&nbsp;&nbsp;&nbsp;&nbsp;&nbsp;&nbsp;&nbsp;&nbsp;&nbsp;&nbsp;&nbsp;&nbsp;&nbsp;&nbsp;&nbsp;&nbsp;&nbsp;&nbsp;&nbsp;&nbsp;&nbsp;&nbsp;&nbsp;&nbsp;&nbsp;&nbsp;&nbsp;&nbsp;&nbsp;&nbsp;&nbsp;&nbsp; For Pump Model CCR 50-200 R6A S2 L6</p><p> </p><p><br></p><p><br></p><p><br></p><p><br></p><p><br></p><p><br></p><p><br></p><p><br></p><p><br></p><p><br></p><p><br></p><p><br></p><p><br></p><p><br></p><p>&nbsp;<br></p>', 2, '6500.00', '13000.00', 0, 'Pending', '', ''),
(40, 16, 988, '<p><span style="font-weight: bold; text-decoration: underline;">"JOHNSON" Centrifugal Pump Set</span></p><p>Model&nbsp; &nbsp; :&nbsp; &nbsp; CBR 25 125 R4</p><p>Capacity&nbsp; &nbsp; :&nbsp; &nbsp; 3 m3/hr</p><p>Head&nbsp; &nbsp; :&nbsp; &nbsp; 15 Mtrs.</p><p>Suc*dis.&nbsp; &nbsp; :&nbsp; &nbsp; 32*25 mm</p><p>Sealing&nbsp; &nbsp; :&nbsp; &nbsp; Mechanical Seal</p><p>Complete Moterised unit</p><p>Sr. No.&nbsp; &nbsp; :&nbsp; &nbsp; C111625002</p>', 1, '24500.00', '24500.00', 0, 'Pending', '', ''),
(41, 17, 803, '<p><p></p><span style="font-weight: bold; text-decoration: underline;">"JOHNSON" Pump Set</span></p><p>Model&nbsp;&nbsp;&nbsp;&nbsp;&nbsp;&nbsp; &nbsp; :&nbsp;&nbsp;&nbsp;&nbsp;&nbsp;&nbsp; &nbsp; KGEN 12 5 G1</p><p>Head&nbsp;&nbsp;&nbsp;&nbsp;&nbsp; &nbsp; :&nbsp;&nbsp;&nbsp;&nbsp;&nbsp; &nbsp; 19 Mtrs.</p><p>Flow&nbsp;&nbsp;&nbsp;&nbsp;&nbsp; &nbsp; :&nbsp;&nbsp;&nbsp;&nbsp;&nbsp; &nbsp; 30 m3/hr</p><p>Sealing&nbsp;&nbsp;&nbsp;&nbsp;&nbsp; &nbsp; :&nbsp;&nbsp;&nbsp;&nbsp;&nbsp; &nbsp;Mechanical Seal&nbsp;</p><p>with "BBL" IE3 3 HP/2900 Motor, Coupling L-95, Coupling Guard, Fasteners dully assembled on MS Baseframe</p><p>Pump Sr. No. :C111625002</p><p>Motor Sr. No. :&nbsp;N1719022<br><br><br><p></p></p>', 1, '16700.00', '16700.00', 0, 'Pending', '', ''),
(42, 18, 933, '<p><span style="font-weight: bold;">Your item code : 4000007378</span></p><p><span style="font-weight: bold; text-decoration: underline;">"POSITIVE" Dosing Pump</span></p><p>Model&nbsp; &nbsp; :&nbsp; &nbsp; DD 03</p><p>Flow&nbsp; &nbsp; :&nbsp; &nbsp; 16 LPH</p><p>Pressure&nbsp; &nbsp; :&nbsp; &nbsp; 2 kg/cm2</p><p><br></p><p><br></p><p><br></p><p><br></p><p><br></p><p><br></p>', 1, '41150.00', '41150.00', 0, 'Pending', '', ''),
(43, 19, 1112, '<p><span style="font-weight: bold;">Your item code : 530888 1000110592</span></p><p><span style="font-weight: bold; text-decoration: underline;">"JOHNSON" Centrifugal Pump Set</span></p><p>Model&nbsp; &nbsp; :&nbsp; &nbsp; CCR 25-160 R6 S2 L3</p><p>Head&nbsp; &nbsp; :&nbsp; &nbsp; 44 Mtrs.</p><p>Capacity&nbsp; &nbsp; :&nbsp; &nbsp; 3.7 m3/hr</p><p>Suc* Dis.&nbsp; &nbsp; :&nbsp; &nbsp; 25*25 mm</p><p>Sealing&nbsp;&nbsp; &nbsp; :&nbsp; &nbsp; Mechanical Seal</p><p>with "REMI" 5 HP/2900 RPM Motor, Coupling L-95, Coupling Guard, Fasteners dully assembled on MS Baseframe </p><p>Pump Sr. No.: C111659005</p><p>Motor Sr. No. : 17/03/D/1155</p><p><br></p><p><br></p><p><br></p><p>&nbsp;</p><p><br></p>', 1, '56800.00', '56800.00', 0, 'Pending', '', ''),
(44, 20, 1112, '<p><span style="font-weight: bold;">Your item code : 160000040</span></p><p><span style="font-weight: bold; text-decoration: underline;">"JOHNSON" Centrifugal Pump Set</span></p><p>Model&nbsp; &nbsp; :&nbsp; &nbsp; CCR 25 160 R6 M2 L3</p><p>Head&nbsp; &nbsp; :&nbsp; &nbsp; 40 Mtrs.</p><p>Capacity&nbsp; &nbsp; :&nbsp; &nbsp; 2.4 m3/hr</p><p>Sealing&nbsp; &nbsp; :&nbsp; &nbsp; Mechanical Seal</p><p>Suc* Dis.&nbsp; &nbsp; :&nbsp; &nbsp; 25*25 mm</p><p>with "BBL" 5 HP/2900 RPM Flame Proof Motor, Coupling L-95, Coupling Guard, Fasteners dully assembled on MS Baseframe&nbsp;</p><p>Pump Sr. No.: C111659006</p><p>Motor Sr. No: M1701163</p>', 1, '68575.00', '68575.00', 0, 'Pending', '', ''),
(45, 21, 1159, 'Your item code :&nbsp;766141027010<div><b><u>"JOHNSON" Pump Set</u></b><br></div><div>Model : CCR 50 200 R6A S2 L6</div><div>Head : 38 Mtrs.</div><div>Flow :60 m3/hr</div><div>with "REMI" 15 HP/2900 RPM Motor, Coupling L-110, Coupling Guard&nbsp;Fasteners dully assembled on MS Baseframe<br></div><div>Pump Sr. No.:&nbsp;C111658001</div><div>Motor Sr. No.:&nbsp;16/12/D/1696</div>', 1, '98000.00', '98000.00', 0, 'Pending', '', ''),
(46, 22, 1197, '<p><span style="font-weight: bold;">Your item code :&nbsp;MACHINERY</span></p><p><span style="font-weight: bold; text-decoration: underline;">"JOHNSON" Pump Sets</span></p><p>&nbsp;Model : CCR 32 125</p><p>Head : 25 Mtrs.</p><p>Flow : 20 m3/hr</p><p>Sealing : Gland Packing&nbsp;</p><p>with "BBL" IE3 5 HP/2900 RPM Motor, Coupling L-95,&nbsp;Coupling Guard, Fasteners, Control Penal, dully assembled&nbsp;&nbsp;on MS Baseframe</p><p>Pump Sr. No. :D111008001,&nbsp;</p><p>Motor Sr. No. :N1627290</p>', 1, '44400.00', '44400.00', 0, 'Pending', '', ''),
(47, 23, 1197, '<p><span style="font-weight: bold;">Your item code :&nbsp;MACHINERY</span></p><p><span style="font-weight: bold; text-decoration: underline;">"JOHNSON" Pump Sets</span></p><p>&nbsp;Model : CCR 32 125</p><p>Head : 25 Mtrs.</p><p>Flow : 20 m3/hr</p><p>Sealing : Gland Packing&nbsp;</p><p>with "BBL" IE3 5 HP/2900 RPM Motor, Coupling L-95,&nbsp;Coupling Guard, Fasteners, Control Penal, dully assembled&nbsp;&nbsp;on MS Baseframe</p><p>Pump Sr. No. :D111008001,&nbsp;D111008002</p><p>Motor Sr. No. :N1627290</p>', 1, '44400.00', '44400.00', 0, 'Pending', '', ''),
(48, 24, 963, '<p><span style="font-weight: bold; text-decoration: underline;">Spares for "JOHNSON" Pump</span>&nbsp;</p><p>Model&nbsp;&nbsp;&nbsp;&nbsp;&nbsp;&nbsp;&nbsp;&nbsp;&nbsp; &nbsp; :&nbsp;&nbsp;&nbsp;&nbsp;&nbsp;&nbsp;&nbsp;&nbsp;&nbsp; &nbsp; CN 25 160 G1 S2 L3</p><p><span style="font-weight: bold;">Item code&nbsp;&nbsp;&nbsp;&nbsp;&nbsp;&nbsp;&nbsp;&nbsp;&nbsp; &nbsp; Part No.&nbsp;&nbsp;&nbsp;&nbsp;&nbsp;&nbsp;&nbsp;&nbsp;&nbsp;&nbsp;&nbsp;&nbsp;&nbsp; &nbsp; Description</span></p><p>ENELOTHE0136&nbsp; &nbsp; 120&nbsp;&nbsp;&nbsp;&nbsp;&nbsp;&nbsp;&nbsp;&nbsp;&nbsp;&nbsp;&nbsp;&nbsp;&nbsp;&nbsp;&nbsp;&nbsp;&nbsp;&nbsp;&nbsp;&nbsp;&nbsp;&nbsp;&nbsp;&nbsp;&nbsp;&nbsp;&nbsp;&nbsp;&nbsp; &nbsp; Impeller</p>', 2, '6210.00', '12420.00', 0, 'Pending', '', ''),
(49, 25, 1204, '<p><span style="font-weight: bold; text-decoration: underline;">"JOHNSON" Pump Set</span></p><p>Model : CB 32 160 G1 S2 L3 (Impeller Dia-149 mm)</p><p>Head : 27 Mtrs.</p><p>Capacity : 200 LPM</p><p>Sealing : Mechanical Seal</p><p>with "BB" 3 HP/2900 RPM Flange Mounted Motor,</p><p>Pump Sr. No. : B111399018</p><p>Motor Sr. No. : U1701072</p>', 1, '26910.00', '26910.00', 0, 'Pending', '', ''),
(50, 26, 755, '<p><span style="font-weight: bold; text-decoration: underline;">Spares for "JOHNSON" Pumps Model KGEN 11-3 &amp; 11-4</span></p><p><span style="font-weight: bold;">Part No.&nbsp;&nbsp;&nbsp;&nbsp;&nbsp;&nbsp;&nbsp;&nbsp;&nbsp; &nbsp; Description</span></p><p>PMCSL167&nbsp;&nbsp;&nbsp;&nbsp;&nbsp; &nbsp; &nbsp;&nbsp;&nbsp;&nbsp;Mechancial Seal</p>', 2, '1311.00', '2622.00', 0, 'Pending', '', ''),
(51, 26, 757, '<p>PPMPS256&nbsp;&nbsp;&nbsp;&nbsp;&nbsp; &nbsp; Suction Cover</p>', 1, '665.00', '665.00', 0, 'Pending', '', ''),
(52, 26, 752, '<p>PPMPS257&nbsp;&nbsp;&nbsp;&nbsp;&nbsp; &nbsp; Intermediate Cover</p>', 2, '845.50', '1691.00', 0, 'Pending', '', ''),
(53, 26, 770, '<p>PPMPS317&nbsp;&nbsp;&nbsp;&nbsp;&nbsp; &nbsp; Impeller</p>', 1, '617.50', '617.50', 0, 'Pending', '', ''),
(54, 26, 792, '<p>PPMPS352&nbsp;&nbsp;&nbsp;&nbsp;&nbsp; &nbsp; Suction Casing</p>', 1, '4818.40', '4818.40', 0, 'Pending', '', ''),
(55, 26, 767, '<p>PPMPS369/ 1050&nbsp;&nbsp;&nbsp;&nbsp;&nbsp; &nbsp; Pump Shaft</p>', 1, '845.50', '845.50', 0, 'Pending', '', ''),
(56, 27, 1169, '<p><span style="font-weight: bold;">Your item code : 760520027300</span>&nbsp;</p><p><span style="font-weight: bold; text-decoration: underline;">"JOHNSON" Centrifugal Pump</span></p><p>Model : CCR 40-200 R6L M2 L3</p><p>Head : 55 Mtrs.</p><p>Flow : 25 m3/hr</p><p>Sr. No. : C111657001</p><p><br></p><p><br></p><p><br></p><p><br></p><p><br></p><p><br></p><p><br></p>', 1, '75000.00', '75000.00', 0, 'Pending', '', ''),
(58, 28, 606, '<p><span style="font-weight: bold;">Your Item Code : PUMPOILS0016</span></p><p><span style="font-weight: bold; text-decoration: underline;">TUSHACO Three Screw Pump</span></p><p>Pump Model: T3ST 45/42</p><p>Capacity : 120 LPM</p><p>Pressure : 40 Kg/cm2</p>', 1, '175387.00', '175387.00', 0, 'Pending', '', ''),
(59, 29, 978, '<p><span style="font-weight: bold; text-decoration: underline;">Spares for "ANTICO" Pump</span></p><p><span style="font-weight: bold;">Model&nbsp; &nbsp; :&nbsp; &nbsp; EXP 160 CT</span></p><p><span style="font-weight: bold;">Item code&nbsp;&nbsp;&nbsp;&nbsp;&nbsp;&nbsp;&nbsp;&nbsp;&nbsp;&nbsp;&nbsp;&nbsp;&nbsp;&nbsp; &nbsp; Part No.&nbsp;&nbsp;&nbsp;&nbsp;&nbsp; &nbsp; Description</span></p><p>760842711010&nbsp;&nbsp;&nbsp;&nbsp;&nbsp;&nbsp;&nbsp;&nbsp;&nbsp; &nbsp; 73900040&nbsp;&nbsp;&nbsp;&nbsp;&nbsp; &nbsp; Stationary Ring</p>', 3, '5624.00', '16872.00', 0, 'Pending', '', ''),
(60, 29, 979, '<p>760842863010&nbsp;&nbsp;&nbsp;&nbsp;&nbsp;&nbsp;&nbsp;&nbsp;&nbsp; &nbsp; 73500041&nbsp;&nbsp;&nbsp;&nbsp;&nbsp;&nbsp;&nbsp;&nbsp;&nbsp; &nbsp; Rotary Part</p>', 2, '5989.40', '11978.80', 0, 'Pending', '', ''),
(61, 29, 830, '<p>760842210010&nbsp;&nbsp;&nbsp;&nbsp;&nbsp;&nbsp;&nbsp;&nbsp;&nbsp; &nbsp; 70800001&nbsp;&nbsp;&nbsp;&nbsp;&nbsp;&nbsp;&nbsp;&nbsp;&nbsp; &nbsp; Deflector</p>', 2, '136.90', '273.80', 0, 'Pending', '', ''),
(62, 29, 835, '<p>760842300010&nbsp;&nbsp;&nbsp;&nbsp;&nbsp;&nbsp;&nbsp;&nbsp;&nbsp; &nbsp; 70410010&nbsp;&nbsp;&nbsp;&nbsp;&nbsp;&nbsp;&nbsp;&nbsp;&nbsp; &nbsp; Adapter Flange</p>', 2, '342.25', '684.50', 0, 'Pending', '', ''),
(63, 29, 1174, '<p>760842300020&nbsp;&nbsp;&nbsp;&nbsp;&nbsp;&nbsp;&nbsp;&nbsp;&nbsp; &nbsp; 70422921&nbsp;&nbsp;&nbsp;&nbsp;&nbsp;&nbsp;&nbsp;&nbsp;&nbsp; Locating Flange &nbsp;</p>', 4, '1625.70', '6502.80', 0, 'Pending', '', ''),
(64, 29, 1160, '<p>760842640010&nbsp;&nbsp;&nbsp;&nbsp;&nbsp;&nbsp;&nbsp;&nbsp;&nbsp; &nbsp; 70211602&nbsp;&nbsp;&nbsp;&nbsp;&nbsp;&nbsp;&nbsp;&nbsp;&nbsp; &nbsp; Back Plate</p>', 4, '2909.10', '11636.40', 0, 'Pending', '', ''),
(65, 29, 1211, '<p>760842752010&nbsp;&nbsp;&nbsp;&nbsp;&nbsp;&nbsp;&nbsp;&nbsp;&nbsp; &nbsp; 75210506&nbsp;&nbsp;&nbsp;&nbsp;&nbsp;&nbsp;&nbsp;&nbsp;&nbsp; &nbsp; Shaft</p>', 2, '6845.00', '13690.00', 0, 'Pending', '', ''),
(66, 29, 674, '<p><br></p>', 4, '7215.00', '28860.00', 0, 'Pending', '', ''),
(67, 29, 1213, '<p><br></p>', 2, '2909.10', '5818.20', 0, 'Pending', '', ''),
(68, 29, 1215, '<p><br></p>', 2, '5304.90', '10609.80', 0, 'Pending', '', ''),
(69, 30, 762, '<p>Your item code : 0310</p><p><span style="font-weight: bold; text-decoration-line: underline;">Spares for "JOHNSON" Pump</span></p><p>Name of Spares : Valve Assembly&nbsp;</p><p>&nbsp;&nbsp;&nbsp;&nbsp;&nbsp;&nbsp;&nbsp;&nbsp;&nbsp;&nbsp;&nbsp;&nbsp;&nbsp;&nbsp;&nbsp;&nbsp;&nbsp;&nbsp;&nbsp;&nbsp;&nbsp;&nbsp;&nbsp;&nbsp;&nbsp;&nbsp;&nbsp;&nbsp;&nbsp;&nbsp;&nbsp;&nbsp;&nbsp;&nbsp;&nbsp;&nbsp;&nbsp; &nbsp; For Pump Model KGEN 11-3 G1<br>&nbsp;</p>', 5, '540.00', '2700.00', 0, 'Pending', '', ''),
(70, 31, 677, '<p>Your item code : REP-P&amp;M-3457</p><p><span style="font-weight: bold; text-decoration: underline;">"JOHNSON" Pumps</span></p><p>Model : KGEN 11-3 G1</p><p>Sr. No. : C111152006, C111152009</p>', 2, '8880.00', '17760.00', 130, 'Pending', '', ''),
(72, 1, 1051, '<p><span style="font-weight: bold; text-decoration: underline;">Spares for "DARLING" DREDER Pumps</span></p><p>Model&nbsp;&nbsp;&nbsp;&nbsp;&nbsp;&nbsp;&nbsp;&nbsp;&nbsp;&nbsp;&nbsp;&nbsp;&nbsp; &nbsp; :&nbsp;&nbsp;&nbsp;&nbsp;&nbsp;&nbsp;&nbsp;&nbsp;&nbsp;&nbsp;&nbsp;&nbsp;&nbsp; &nbsp; 4 DRR 40J/32</p><p><span style="font-weight: bold;">Item code&nbsp;&nbsp;&nbsp;&nbsp;&nbsp;&nbsp; &nbsp; &nbsp;&nbsp;&nbsp;&nbsp;Part No.&nbsp;&nbsp;&nbsp;&nbsp;&nbsp;&nbsp;&nbsp;&nbsp;&nbsp;&nbsp;&nbsp;&nbsp;&nbsp; &nbsp; Description</span></p><p>1511080002&nbsp;&nbsp;&nbsp;&nbsp;&nbsp; &nbsp; &nbsp;&nbsp;&nbsp;&nbsp;02&nbsp;&nbsp;&nbsp;&nbsp;&nbsp;&nbsp;&nbsp;&nbsp;&nbsp;&nbsp;&nbsp;&nbsp;&nbsp;&nbsp;&nbsp;&nbsp;&nbsp;&nbsp;&nbsp;&nbsp;&nbsp;&nbsp;&nbsp;&nbsp;&nbsp;&nbsp;&nbsp;&nbsp;&nbsp;&nbsp;&nbsp;&nbsp;&nbsp; &nbsp; Bottom End Shield</p>', 1, '39270.00', '39270.00', 0, 'Pending', '', ''),
(73, 1, 1052, '<p>1511080003&nbsp;&nbsp;&nbsp;&nbsp;&nbsp;&nbsp;&nbsp;&nbsp;&nbsp; &nbsp; 03&nbsp;&nbsp;&nbsp;&nbsp;&nbsp;&nbsp;&nbsp;&nbsp;&nbsp;&nbsp;&nbsp;&nbsp;&nbsp;&nbsp;&nbsp;&nbsp;&nbsp;&nbsp;&nbsp;&nbsp;&nbsp;&nbsp;&nbsp;&nbsp;&nbsp;&nbsp;&nbsp;&nbsp;&nbsp;&nbsp;&nbsp;&nbsp;&nbsp; &nbsp; Top End Shield</p>', 1, '31345.00', '31345.00', 0, 'Pending', '', ''),
(74, 1, 1053, '<p>1511080004&nbsp;&nbsp;&nbsp;&nbsp;&nbsp;&nbsp;&nbsp;&nbsp;&nbsp; &nbsp; 04&nbsp;&nbsp;&nbsp;&nbsp;&nbsp;&nbsp;&nbsp;&nbsp;&nbsp;&nbsp;&nbsp;&nbsp;&nbsp;&nbsp;&nbsp;&nbsp;&nbsp;&nbsp;&nbsp;&nbsp;&nbsp;&nbsp;&nbsp;&nbsp;&nbsp;&nbsp;&nbsp;&nbsp;&nbsp;&nbsp;&nbsp;&nbsp;&nbsp; &nbsp; Suction Stand</p>', 1, '46217.00', '46217.00', 0, 'Pending', '', ''),
(75, 1, 1054, '<p>1511080005&nbsp;&nbsp;&nbsp;&nbsp;&nbsp;&nbsp;&nbsp;&nbsp;&nbsp; &nbsp; 06&nbsp;&nbsp;&nbsp;&nbsp;&nbsp;&nbsp;&nbsp;&nbsp;&nbsp;&nbsp;&nbsp;&nbsp;&nbsp;&nbsp;&nbsp;&nbsp;&nbsp;&nbsp;&nbsp;&nbsp;&nbsp;&nbsp;&nbsp;&nbsp;&nbsp;&nbsp;&nbsp;&nbsp;&nbsp;&nbsp;&nbsp;&nbsp;&nbsp; &nbsp; Casing Cover Plate&nbsp;&nbsp;&nbsp;&nbsp;&nbsp;&nbsp;&nbsp;&nbsp;&nbsp;&nbsp;&nbsp;&nbsp;&nbsp;&nbsp;&nbsp;&nbsp;</p>', 1, '12393.00', '12393.00', 0, 'Pending', '', ''),
(76, 1, 1055, '<p>1511080006&nbsp;&nbsp;&nbsp;&nbsp;&nbsp;&nbsp;&nbsp;&nbsp;&nbsp;&nbsp;&nbsp;&nbsp;&nbsp;&nbsp;&nbsp;&nbsp;&nbsp;&nbsp;&nbsp;&nbsp;&nbsp;&nbsp;&nbsp;&nbsp;&nbsp;&nbsp;&nbsp;&nbsp;&nbsp;&nbsp;&nbsp;&nbsp;&nbsp;&nbsp;&nbsp;&nbsp;&nbsp;&nbsp;&nbsp;&nbsp;&nbsp;&nbsp;&nbsp;&nbsp;&nbsp;&nbsp;&nbsp;&nbsp;&nbsp; &nbsp; Spacer SS410</p>', 2, '7842.00', '15684.00', 0, 'Pending', '', ''),
(77, 1, 1056, '<p>1511080007&nbsp;&nbsp;&nbsp;&nbsp;&nbsp;&nbsp;&nbsp;&nbsp;&nbsp;&nbsp;&nbsp;&nbsp;&nbsp; &nbsp; 07&nbsp;&nbsp;&nbsp;&nbsp;&nbsp;&nbsp;&nbsp;&nbsp;&nbsp;&nbsp;&nbsp;&nbsp;&nbsp;&nbsp;&nbsp;&nbsp;&nbsp;&nbsp;&nbsp;&nbsp;&nbsp;&nbsp;&nbsp;&nbsp;&nbsp; &nbsp; Adjusting Plate</p>', 1, '10093.00', '10093.00', 0, 'Pending', '', ''),
(78, 1, 1057, '<p>1511080008&nbsp;&nbsp;&nbsp;&nbsp;&nbsp;&nbsp;&nbsp;&nbsp;&nbsp; &nbsp; 08&nbsp;&nbsp;&nbsp;&nbsp;&nbsp;&nbsp;&nbsp;&nbsp;&nbsp;&nbsp;&nbsp;&nbsp;&nbsp;&nbsp;&nbsp;&nbsp;&nbsp;&nbsp;&nbsp;&nbsp;&nbsp;&nbsp;&nbsp;&nbsp;&nbsp; &nbsp; Impeller</p>', 1, '198155.00', '198155.00', 0, 'Pending', '', ''),
(79, 1, 1058, '<p>1511080009&nbsp;&nbsp;&nbsp;&nbsp;&nbsp;&nbsp;&nbsp;&nbsp;&nbsp; &nbsp; 10&nbsp;&nbsp;&nbsp;&nbsp;&nbsp;&nbsp;&nbsp;&nbsp;&nbsp;&nbsp;&nbsp;&nbsp;&nbsp;&nbsp;&nbsp;&nbsp;&nbsp; &nbsp; Cable Gland</p>', 1, '1438.00', '1438.00', 0, 'Pending', '', ''),
(80, 1, 1059, '<p>1511080010&nbsp;&nbsp;&nbsp;&nbsp;&nbsp;&nbsp;&nbsp;&nbsp;&nbsp; &nbsp; 11&nbsp;&nbsp;&nbsp;&nbsp;&nbsp;&nbsp;&nbsp;&nbsp;&nbsp;&nbsp;&nbsp;&nbsp;&nbsp;&nbsp;&nbsp;&nbsp;&nbsp; &nbsp; Neckring for Impeller</p>', 1, '10408.00', '10408.00', 0, 'Pending', '', ''),
(81, 1, 1060, '<p>1511080011&nbsp;&nbsp;&nbsp;&nbsp;&nbsp; &nbsp; 11A&nbsp;&nbsp;&nbsp;&nbsp;&nbsp;&nbsp;&nbsp;&nbsp;&nbsp; &nbsp; Bearing Cover</p>', 1, '1873.00', '1873.00', 0, 'Pending', '', ''),
(82, 1, 1061, '<p>1511080012&nbsp;&nbsp;&nbsp;&nbsp;&nbsp;&nbsp;&nbsp;&nbsp;&nbsp;&nbsp;&nbsp;&nbsp;&nbsp; &nbsp; 12/22&nbsp;&nbsp;&nbsp;&nbsp;&nbsp;&nbsp;&nbsp;&nbsp;&nbsp; &nbsp; Rotor Fited Shaft</p>', 1, '184485.00', '184485.00', 0, 'Pending', '', ''),
(83, 1, 1062, '<p>1511080013&nbsp;&nbsp;&nbsp;&nbsp;&nbsp;&nbsp;&nbsp;&nbsp;&nbsp; &nbsp; 12A&nbsp;&nbsp;&nbsp;&nbsp;&nbsp;&nbsp;&nbsp;&nbsp;&nbsp;&nbsp;&nbsp;&nbsp;&nbsp; &nbsp; Spacer for Agitator</p>', 4, '8492.00', '33968.00', 0, 'Pending', '', ''),
(84, 1, 1063, '<p>1511080014&nbsp;&nbsp;&nbsp;&nbsp;&nbsp;&nbsp;&nbsp;&nbsp;&nbsp;&nbsp;&nbsp;&nbsp;&nbsp; &nbsp; 13&nbsp;&nbsp;&nbsp;&nbsp;&nbsp;&nbsp;&nbsp;&nbsp;&nbsp;&nbsp;&nbsp;&nbsp;&nbsp;&nbsp;&nbsp;&nbsp;&nbsp; &nbsp; Key for Imepller &amp; Agitator</p>', 4, '210.00', '840.00', 0, 'Pending', '', ''),
(85, 1, 1064, '<p>1511080015&nbsp;&nbsp;&nbsp;&nbsp;&nbsp;&nbsp;&nbsp;&nbsp;&nbsp; &nbsp; 14&nbsp;&nbsp;&nbsp;&nbsp;&nbsp;&nbsp;&nbsp;&nbsp;&nbsp;&nbsp;&nbsp;&nbsp;&nbsp;&nbsp;&nbsp;&nbsp;&nbsp; &nbsp; Mechanical Seal for Pump<br></p>', 1, '40084.00', '40084.00', 0, 'Pending', '', ''),
(86, 1, 1065, '<p>1511080016&nbsp;&nbsp;&nbsp;&nbsp;&nbsp;&nbsp;&nbsp;&nbsp;&nbsp; &nbsp; 15&nbsp;&nbsp;&nbsp;&nbsp;&nbsp;&nbsp;&nbsp;&nbsp;&nbsp;&nbsp;&nbsp;&nbsp;&nbsp; &nbsp; Mechanical Seal for Motor<br></p>', 1, '24176.00', '24176.00', 0, 'Pending', '', ''),
(87, 1, 1066, '<p>1511080017&nbsp;&nbsp;&nbsp;&nbsp;&nbsp;&nbsp;&nbsp;&nbsp;&nbsp; &nbsp; 18&nbsp;&nbsp;&nbsp;&nbsp;&nbsp;&nbsp;&nbsp;&nbsp;&nbsp;&nbsp;&nbsp;&nbsp;&nbsp;&nbsp;&nbsp;&nbsp;&nbsp; &nbsp;Lock Nut for Agitator&nbsp;<br></p>', 4, '1203.00', '4812.00', 0, 'Pending', '', ''),
(88, 1, 1067, '<p>1511080018&nbsp;&nbsp;&nbsp;&nbsp;&nbsp;&nbsp;&nbsp;&nbsp;&nbsp; &nbsp; 23A&nbsp;&nbsp;&nbsp;&nbsp;&nbsp;&nbsp;&nbsp;&nbsp;&nbsp; &nbsp; Thermostat 80 Deg C<br></p>', 2, '1120.00', '2240.00', 0, 'Pending', '', ''),
(89, 1, 1068, '<p>1511080019&nbsp;&nbsp;&nbsp;&nbsp;&nbsp;&nbsp;&nbsp;&nbsp;&nbsp;&nbsp;&nbsp;&nbsp;&nbsp; &nbsp; 24 &amp; 24A&nbsp;&nbsp;&nbsp;&nbsp;&nbsp;&nbsp;&nbsp;&nbsp;&nbsp; &nbsp; Rubber Grommet<br></p>', 2, '315.00', '630.00', 0, 'Pending', '', ''),
(90, 1, 1069, '<p>1511080020&nbsp;&nbsp;&nbsp;&nbsp;&nbsp;&nbsp;&nbsp;&nbsp;&nbsp; &nbsp; 41 &amp; 26,27&nbsp;&nbsp;&nbsp;&nbsp;&nbsp;&nbsp;&nbsp;&nbsp;&nbsp; &nbsp; Gasket @ O Ring Set<br></p>', 2, '5321.00', '10642.00', 0, 'Pending', '', ''),
(91, 1, 1070, '<p>1511080021&nbsp;&nbsp;&nbsp;&nbsp;&nbsp;&nbsp;&nbsp;&nbsp;&nbsp; &nbsp; 27A&nbsp;&nbsp;&nbsp;&nbsp;&nbsp;&nbsp;&nbsp;&nbsp;&nbsp;&nbsp;&nbsp;&nbsp;&nbsp;&nbsp;&nbsp;&nbsp;&nbsp; &nbsp; Probe for Moisture Sensor<br></p>', 2, '525.00', '1050.00', 0, 'Pending', '', ''),
(92, 1, 1071, '<p>1511080022&nbsp;&nbsp;&nbsp;&nbsp;&nbsp;&nbsp;&nbsp;&nbsp;&nbsp; &nbsp; 28&nbsp;&nbsp;&nbsp;&nbsp;&nbsp;&nbsp;&nbsp;&nbsp;&nbsp;&nbsp;&nbsp;&nbsp;&nbsp; &nbsp; Oil Plug<br></p>', 4, '325.00', '1300.00', 0, 'Pending', '', ''),
(93, 1, 1072, '<p>1511080023&nbsp;&nbsp;&nbsp;&nbsp;&nbsp; &nbsp; 31&nbsp;&nbsp;&nbsp;&nbsp;&nbsp;&nbsp;&nbsp;&nbsp;&nbsp;&nbsp;&nbsp;&nbsp;&nbsp; &nbsp;Eye Bolt<br></p>', 2, '735.00', '1470.00', 0, 'Pending', '', ''),
(94, 1, 1073, '<p>1511080025&nbsp;&nbsp;&nbsp;&nbsp;&nbsp;&nbsp;&nbsp;&nbsp;&nbsp;&nbsp;&nbsp;&nbsp;&nbsp; &nbsp; 40&nbsp;&nbsp;&nbsp;&nbsp;&nbsp;&nbsp;&nbsp;&nbsp;&nbsp; &nbsp;Agitator&nbsp;&nbsp;&nbsp;&nbsp;&nbsp;<br></p>', 1, '40928.00', '40928.00', 0, 'Pending', '', ''),
(95, 1, 1074, '<p>1511080025&nbsp;&nbsp;&nbsp;&nbsp;&nbsp;&nbsp;&nbsp;&nbsp;&nbsp;&nbsp;&nbsp;&nbsp;&nbsp;&nbsp;&nbsp;&nbsp;&nbsp;&nbsp;&nbsp;&nbsp;&nbsp;&nbsp;&nbsp;&nbsp;&nbsp;&nbsp;&nbsp;&nbsp;&nbsp;&nbsp;&nbsp;&nbsp;&nbsp; &nbsp;Control Panel&nbsp;<br></p>', 2, '80450.00', '160900.00', 0, 'Pending', '', ''),
(97, 32, 1219, '<p><span style="font-weight: bold;">Your item code : 23151600Z680</span></p><p><span style="font-weight: bold; text-decoration: underline;">Spare for "ALLWEILER" Pump</span></p><p>Name of Spare : Mechanical Seal</p><p>&nbsp;&nbsp;&nbsp;&nbsp;&nbsp;&nbsp;&nbsp;&nbsp;&nbsp;&nbsp;&nbsp;&nbsp;&nbsp;&nbsp;&nbsp;&nbsp;&nbsp;&nbsp;&nbsp;&nbsp;&nbsp;&nbsp;&nbsp;&nbsp;&nbsp;&nbsp;&nbsp;&nbsp;&nbsp; &nbsp;For Pump Model T3ST 70/46<br></p>', 1, '27600.00', '27600.00', 150, 'Pending', '', ''),
(99, 33, 935, '<p><span style="font-weight: bold;">Your Item Code: PUMPOTHR0371</span></p><p><span style="font-weight: bold; text-decoration: underline;">"DARLING" Submersible Pumps</span></p><p>Pump Model : LJ 15 LN</p><p>Head : 10 Meters</p><p>Flow : 375 LPM</p><p>Power: 1.5 HP / 2980 RPM 3 Phase</p><p>Outlet : 50 MM</p><p>Pump with 10 Meters Cables</p><p>Sr. No.: JC-173498, JC-173499</p>', 2, '34475.00', '68950.00', 0, 'Pending', '', ''),
(100, 34, 1226, '<p><span style="font-weight: bold; text-decoration: underline;">Spares for "DARLING" Pump</span></p><p>Model&nbsp; &nbsp; :&nbsp; &nbsp; T 2003 H</p>', 1, '41000.00', '41000.00', 0, 'Pending', '', ''),
(101, 35, 938, '<p><span style="font-weight: bold; text-decoration: underline;">"JOHNSON" Pump Sets</span></p><p>Model&nbsp;&nbsp;&nbsp;&nbsp;&nbsp; &nbsp; :&nbsp;&nbsp;&nbsp;&nbsp;&nbsp; &nbsp; CN 40 160 G1 S2 L3</p><p>Head&nbsp;&nbsp;&nbsp;&nbsp;&nbsp;&nbsp;&nbsp;&nbsp;&nbsp; :&nbsp;&nbsp;&nbsp;&nbsp;&nbsp; &nbsp; 25 Mtrs.</p><p>Flow&nbsp;&nbsp;&nbsp;&nbsp;&nbsp;&nbsp;&nbsp;&nbsp;&nbsp; &nbsp; :&nbsp;&nbsp;&nbsp;&nbsp;&nbsp; &nbsp; 30 m3/hr</p><p>Recco. Power&nbsp;&nbsp;&nbsp;&nbsp;&nbsp; &nbsp; :&nbsp;&nbsp;&nbsp;&nbsp;&nbsp; &nbsp; 5 HP/2900 RPM</p><p>with, Coupling L-95, Coupling Guard, Fasteners dully assembled on MS Baseframe</p><p>Pump Sr. No.&nbsp;&nbsp;&nbsp;&nbsp;&nbsp; &nbsp; :&nbsp;&nbsp;&nbsp;&nbsp;&nbsp; &nbsp; C111072003, 005</p>', 2, '19500.00', '39000.00', 0, 'Pending', '', ''),
(102, 35, 812, '<p>Model&nbsp;&nbsp;&nbsp;&nbsp;&nbsp;&nbsp;&nbsp;&nbsp;&nbsp;&nbsp;&nbsp;&nbsp;&nbsp;&nbsp;&nbsp;&nbsp;&nbsp;&nbsp;&nbsp;&nbsp;&nbsp; &nbsp; :&nbsp;&nbsp;&nbsp;&nbsp;&nbsp;&nbsp;&nbsp;&nbsp;&nbsp;&nbsp;&nbsp;&nbsp;&nbsp;&nbsp;&nbsp;&nbsp;&nbsp;&nbsp;&nbsp;&nbsp;&nbsp; &nbsp; CN 50 160 G1 M2 L3</p><p>Head&nbsp;&nbsp;&nbsp;&nbsp;&nbsp;&nbsp;&nbsp;&nbsp;&nbsp;&nbsp;&nbsp;&nbsp;&nbsp;&nbsp;&nbsp;&nbsp;&nbsp;&nbsp;&nbsp;&nbsp;&nbsp;&nbsp;&nbsp;&nbsp;&nbsp;:&nbsp;&nbsp;&nbsp;&nbsp;&nbsp;&nbsp;&nbsp;&nbsp;&nbsp;&nbsp;&nbsp;&nbsp;&nbsp;&nbsp;&nbsp;&nbsp;&nbsp;&nbsp;&nbsp;&nbsp;&nbsp; &nbsp; 2 Mtrs.</p><p>Flow&nbsp;&nbsp;&nbsp;&nbsp;&nbsp;&nbsp;&nbsp;&nbsp;&nbsp;&nbsp;&nbsp;&nbsp;&nbsp;&nbsp;&nbsp;&nbsp;&nbsp;&nbsp;&nbsp;&nbsp;&nbsp;&nbsp;&nbsp;&nbsp;&nbsp; :&nbsp;&nbsp;&nbsp;&nbsp;&nbsp;&nbsp;&nbsp;&nbsp;&nbsp;&nbsp;&nbsp;&nbsp;&nbsp;&nbsp;&nbsp;&nbsp;&nbsp;&nbsp;&nbsp;&nbsp;&nbsp; &nbsp; 16 M3/hr</p><p></p><p>Suc* Dis.&nbsp;&nbsp;&nbsp;&nbsp;&nbsp;&nbsp;&nbsp;&nbsp;&nbsp;&nbsp;&nbsp;&nbsp;&nbsp;&nbsp;&nbsp;&nbsp;&nbsp; :&nbsp;&nbsp;&nbsp;&nbsp;&nbsp;&nbsp;&nbsp;&nbsp;&nbsp;&nbsp;&nbsp;&nbsp;&nbsp;&nbsp;&nbsp;&nbsp;&nbsp;&nbsp;&nbsp;&nbsp;&nbsp; &nbsp; 65*60 mm</p><p>with Coupling L-95, Coupling Guard, Fasteners dully assembled on Ms Baseframe</p><p>Pump Sr. No.&nbsp;&nbsp;&nbsp;&nbsp;&nbsp;&nbsp;&nbsp;&nbsp;&nbsp; :&nbsp;&nbsp;&nbsp;&nbsp;&nbsp;&nbsp;&nbsp;&nbsp;&nbsp;&nbsp;&nbsp;&nbsp;&nbsp;&nbsp;&nbsp;&nbsp;&nbsp;&nbsp;&nbsp;&nbsp;&nbsp; &nbsp; C111625007, 008</p><p></p><p></p><p></p>', 2, '28900.00', '57800.00', 0, 'Pending', '', ''),
(103, 36, 683, '<p><span style="font-weight: bold; text-decoration-line: underline;">"JOHNSON" Pumps</span></p><p>Model : KGEN 12b-5 G1</p><p>Sr. No.: B111388021, B111388031, B111398023</p>', 3, '9900.00', '29700.00', 0, 'Pending', '', ''),
(104, 37, 943, '<p><span style="font-weight: bold; text-decoration-line: underline;">Spares for "JOHNSON" Pump</span></p><p>Model : CN 80-200</p><p>Bearing Housing</p>', 2, '4590.00', '9180.00', 0, 'Pending', '', ''),
(105, 37, 944, '<p>Impeller (Bronze)</p>', 4, '10070.00', '40280.00', 0, 'Pending', '', ''),
(106, 37, 942, '<p>Pump Shaft</p>', 1, '7050.00', '7050.00', 0, 'Pending', '', ''),
(107, 38, 687, '<p><span style="font-weight: bold; text-decoration-line: underline;">"JOHNSON" Pump</span></p><p>Model : KGEN 15 6 G1</p><p>Sr. No. : C111659016</p>', 1, '21500.00', '21500.00', 0, 'Pending', '', ''),
(108, 39, 1226, '<p><span style="font-weight: bold; text-decoration: underline;">Spares for "JOHNSON" Pump</span></p><p>Model&nbsp; &nbsp; :&nbsp; &nbsp; KGEN 15 6 G1</p><p>Consisting Spares</p><p>Oil Seal</p><p>Shaft</p><p>Bearing Set</p><p>Mechanical Seal</p>', 1, '8750.00', '8750.00', 0, 'Pending', '', ''),
(109, 40, 756, '<p>Your item code : 40151503K267</p><p><span style="font-weight: bold; text-decoration: underline;">Spares for "JOHNSON" Pump</span></p><p>Name of Spares : Mechanical Seal</p><p>&nbsp;&nbsp;&nbsp;&nbsp;&nbsp;&nbsp;&nbsp;&nbsp;&nbsp;&nbsp;&nbsp;&nbsp;&nbsp;&nbsp;&nbsp;&nbsp;&nbsp;&nbsp;&nbsp;&nbsp;&nbsp;&nbsp;&nbsp;&nbsp;&nbsp;&nbsp;&nbsp;&nbsp;&nbsp;&nbsp;&nbsp;&nbsp;&nbsp; &nbsp;For Pump Model KGEN 12-6 G1</p><p>Part No. : 0380&nbsp;<br></p><p><span style="font-weight: bold; text-decoration: underline;"><br></span></p>', 5, '1450.00', '7250.00', 0, 'Pending', '', ''),
(110, 41, 872, '<p><span style="font-weight: bold;">Your item code : GBOLOILG0032</span></p><p><span style="font-weight: bold;">SILICON OIL (100 ml Bottle)</span></p><p><br></p><p><br></p><p><br></p><p><br></p><p><br></p><p><br></p><p><br></p><p><br></p><p><br></p><p><br></p><p><br></p><p><br></p><p><br></p><p><br></p><p><br></p><p><br></p><p><br></p>', 50, '95.00', '4750.00', 0, 'Pending', '', ''),
(111, 42, 1225, '<p><span style="font-weight: bold; text-decoration: underline;">Spares for "JOHNSON" Pump</span></p><p>Name of Spares &nbsp; : &nbsp; Split Gland</p><p>&nbsp;&nbsp;&nbsp;&nbsp;&nbsp;&nbsp;&nbsp;&nbsp;&nbsp;&nbsp;&nbsp;&nbsp;&nbsp;&nbsp;&nbsp;&nbsp;&nbsp;&nbsp;&nbsp;&nbsp;&nbsp;&nbsp;&nbsp;&nbsp;&nbsp;&nbsp;&nbsp;&nbsp;&nbsp;&nbsp;&nbsp;&nbsp;&nbsp; &nbsp; &nbsp;&nbsp;For Johnson Pump Model CN 100 400 G1 S2 L3</p><p>Part No. &nbsp; &nbsp;&nbsp;&nbsp;&nbsp;&nbsp;&nbsp;&nbsp;&nbsp;&nbsp;&nbsp;&nbsp;&nbsp;&nbsp;&nbsp;: &nbsp; &nbsp;1140&nbsp;</p><p><br></p><p><br></p><p><br></p><p><br></p><p><br></p><p><br></p><p><br></p><p><br></p><p><br></p><p><br></p><p><br></p><p><br></p><p><br></p>', 2, '1280.00', '2560.00', 0, 'Pending', '', '');

-- --------------------------------------------------------

--
-- Table structure for table `items`
--

CREATE TABLE IF NOT EXISTS `items` (
  `id` int(10) NOT NULL AUTO_INCREMENT,
  `name` varchar(255) NOT NULL,
  `alias` varchar(50) NOT NULL,
  `item_category_id` int(10) NOT NULL,
  `item_group_id` int(10) NOT NULL,
  `item_sub_group_id` varchar(100) NOT NULL,
  `unit_id` int(11) NOT NULL,
  `ob_quantity` int(5) NOT NULL,
  `ob_rate` decimal(14,8) NOT NULL,
  `ob_value` decimal(20,8) NOT NULL,
  `freeze` tinyint(1) NOT NULL,
  `serial_number_enable` int(1) NOT NULL,
  `source` varchar(30) NOT NULL,
  `minimum_quantity` int(10) NOT NULL,
  `maximum_quantity` int(10) NOT NULL,
  `dynamic_cost` decimal(10,2) NOT NULL,
  `minimum_selling_price_factor` decimal(4,2) NOT NULL,
  PRIMARY KEY (`id`)
) ENGINE=InnoDB  DEFAULT CHARSET=latin1 AUTO_INCREMENT=1231 ;

--
-- Dumping data for table `items`
--

INSERT INTO `items` (`id`, `name`, `alias`, `item_category_id`, `item_group_id`, `item_sub_group_id`, `unit_id`, `ob_quantity`, `ob_rate`, `ob_value`, `freeze`, `serial_number_enable`, `source`, `minimum_quantity`, `maximum_quantity`, `dynamic_cost`, `minimum_selling_price_factor`) VALUES
(556, '0.5 HP / 1500 RPM REMI', 'A', 3, 8, '5', 1, 0, '0.00000000', '0.00000000', 0, 0, 'Purchessed', 0, 0, '0.00', '0.00'),
(557, '1 HP / 1500 RPM REMI', '', 3, 8, '5', 1, 0, '0.00000000', '0.00000000', 0, 0, 'Purchessed', 0, 0, '0.00', '0.00'),
(558, '1.50 HP / 1500 RPM REMI', '', 3, 8, '5', 1, 0, '0.00000000', '0.00000000', 0, 0, 'Purchessed', 0, 0, '0.00', '0.00'),
(559, '2 HP / 1500 RPM REMI', '2 HP / 1500 RPM REMI', 3, 8, '5', 1, 1, '0.00000000', '0.00000000', 0, 1, 'Purchessed', 0, 0, '0.00', '0.00'),
(560, '3 HP / 1500 RPM REMI', '', 3, 8, '5', 1, 0, '0.00000000', '0.00000000', 0, 0, 'Purchessed', 0, 0, '0.00', '0.00'),
(561, '5 HP / 1500 RPM REMI', '', 3, 8, '5', 1, 0, '0.00000000', '0.00000000', 0, 0, 'Purchessed', 0, 0, '0.00', '0.00'),
(562, '7.50 HP / 1500 RPM REMI', '', 3, 8, '5', 1, 0, '0.00000000', '0.00000000', 0, 0, 'Purchessed', 0, 0, '0.00', '0.00'),
(563, '10 HP / 1500 RPM REMI', '', 3, 8, '5', 1, 0, '0.00000000', '0.00000000', 0, 0, 'Purchessed', 0, 0, '0.00', '0.00'),
(564, '12.50 HP / 1500 RPM REMI', '', 3, 8, '5', 1, 0, '0.00000000', '0.00000000', 0, 0, 'Purchessed', 0, 0, '0.00', '0.00'),
(565, '20 HP / 1500 RPM REMI', '', 3, 8, '5', 1, 0, '0.00000000', '0.00000000', 0, 0, 'Purchessed', 0, 0, '0.00', '0.00'),
(566, '1 HP / 3000 RPM REMI', '1 HP / 3000 RPM REMI', 3, 8, '5', 1, 1, '0.00000000', '0.00000000', 0, 1, 'Purchessed', 1, 1, '0.00', '0.00'),
(567, '1.50 HP / 3000 RPM REMI', '', 3, 8, '5', 1, 0, '0.00000000', '0.00000000', 0, 0, 'Purchessed', 0, 0, '0.00', '0.00'),
(568, '2 HP / 3000 RPM REMI', '', 3, 8, '5', 1, 0, '0.00000000', '0.00000000', 0, 0, 'Purchessed', 0, 0, '0.00', '0.00'),
(569, '3 HP / 3000 RPM REMI', '3 HP / 3000 RPM REMI', 3, 8, '5', 1, 1, '0.00000000', '0.00000000', 0, 1, 'Purchessed', 1, 1, '0.00', '0.00'),
(570, '5 HP / 3000 RPM REMI', '5 HP / 3000 RPM REMI', 3, 8, '5', 1, 1, '0.00000000', '0.00000000', 0, 1, 'Purchessed', 1, 1, '0.00', '0.00'),
(572, '10 HP / 3000 RPM REMI', '', 3, 8, '5', 1, 0, '0.00000000', '0.00000000', 0, 0, 'Purchessed', 0, 0, '0.00', '0.00'),
(573, '12.50 HP / 3000 RPM REMI', '', 3, 8, '5', 1, 0, '0.00000000', '0.00000000', 0, 0, 'Purchessed', 0, 0, '0.00', '0.00'),
(574, '20 HP / 3000 RPM REMI', '', 3, 8, '5', 1, 0, '0.00000000', '0.00000000', 0, 0, 'Purchessed', 0, 0, '0.00', '0.00'),
(575, '15 HP / 3000 RPM REMI', '15 HP / 3000 RPM REMI', 3, 8, '5', 1, 1, '0.00000000', '0.00000000', 0, 1, 'Purchessed', 0, 0, '0.00', '0.00'),
(576, '2 HP / 32 RPM Geared Motor', '', 3, 8, '7', 1, 0, '0.00000000', '0.00000000', 0, 0, 'Purchessed', 0, 0, '0.00', '0.00'),
(577, '1 HP / 1500 RPM BBL', '', 3, 7, '4', 1, 0, '0.00000000', '0.00000000', 0, 0, 'Purchessed', 0, 0, '2242.40', '0.00'),
(578, '1.50 HP / 1500 RPM BBL', '', 3, 7, '4', 1, 0, '0.00000000', '0.00000000', 0, 0, 'Purchessed', 0, 0, '0.00', '0.00'),
(579, '2 HP / 1500 RPM BBL', '', 3, 7, '4', 1, 0, '0.00000000', '0.00000000', 0, 0, 'Purchessed', 0, 0, '0.00', '0.00'),
(580, '3 HP / 1500 RPM BBL', '', 3, 7, '4', 1, 0, '0.00000000', '0.00000000', 0, 0, 'Purchessed', 0, 0, '0.00', '0.00'),
(581, '5 HP / 1500 RPM BBL', '', 3, 7, '4', 1, 0, '0.00000000', '0.00000000', 0, 0, 'Purchessed', 0, 0, '0.00', '0.00'),
(582, '7.50 HP / 1500 RPM BBL', '', 3, 7, '4', 1, 0, '0.00000000', '0.00000000', 0, 0, 'Purchessed', 0, 0, '0.00', '0.00'),
(583, '10 HP / 1500 RPM BBL', '10 HP / 1500 RPM BBL', 3, 7, '4', 1, 1, '0.00000000', '0.00000000', 0, 1, 'Purchessed', 0, 0, '0.00', '0.00'),
(584, '12.50 HP / 1500 RPM BBL', '', 3, 7, '4', 1, 0, '0.00000000', '0.00000000', 0, 0, 'Purchessed', 0, 0, '0.00', '0.00'),
(585, '20 HP / 1500 RPM BBL', '', 3, 7, '4', 1, 0, '0.00000000', '0.00000000', 0, 0, 'Purchessed', 0, 0, '0.00', '0.00'),
(586, '1 HP / 3000 RPM BBL', '', 3, 7, '4', 1, 0, '0.00000000', '0.00000000', 0, 0, 'Purchessed', 0, 0, '0.00', '0.00'),
(587, '1.50 HP / 3000 RPM BBL', '', 3, 7, '4', 1, 0, '0.00000000', '0.00000000', 0, 0, 'Purchessed', 0, 0, '0.00', '0.00'),
(588, '2 HP / 3000 RPM BBL', '', 3, 7, '4', 1, 0, '0.00000000', '0.00000000', 0, 0, 'Purchessed', 0, 0, '0.00', '0.00'),
(589, '3 HP / 3000 RPM BBL', '3 HP / 3000 RPM BBL', 3, 7, '4', 1, 3, '0.00000000', '0.00000000', 0, 1, 'Purchessed', 0, 0, '0.00', '0.00'),
(590, '5 HP / 3000 RPM BBL', '5 HP / 3000 RPM BBL', 3, 7, '4', 1, 2, '0.00000000', '0.00000000', 0, 1, 'Purchessed', 0, 0, '0.00', '0.00'),
(591, '7.50 HP / 3000 RPM BBL', '', 3, 7, '4', 1, 0, '0.00000000', '0.00000000', 0, 0, 'Purchessed', 0, 0, '0.00', '0.00'),
(592, '10 HP / 3000 RPM BBL', '', 3, 7, '4', 1, 0, '0.00000000', '0.00000000', 0, 0, 'Purchessed', 0, 0, '0.00', '0.00'),
(593, '12.50 HP / 3000 RPM BBL', '', 3, 7, '4', 1, 0, '0.00000000', '0.00000000', 0, 0, 'Purchessed', 0, 0, '0.00', '0.00'),
(594, '20 HP / 3000 RPM BBL', '', 3, 7, '4', 1, 0, '0.00000000', '0.00000000', 0, 0, 'Purchessed', 0, 0, '0.00', '0.00'),
(595, '15 HP / 3000 RPM BBL', '', 3, 7, '4', 1, 0, '0.00000000', '0.00000000', 0, 0, 'Purchessed', 0, 0, '0.00', '0.00'),
(596, '3 HP / 3000 RPM FLP CGL', '', 3, 14, '57', 1, 0, '0.00000000', '0.00000000', 0, 0, 'Purchessed', 0, 0, '0.00', '0.00'),
(597, '60 HP / 1500 RPM BBL', '60 HP / 1500 RPM BBL', 3, 7, '4', 1, 1, '0.00000000', '0.00000000', 0, 1, 'Purchessed', 0, 0, '0.00', '0.00'),
(598, '1 HP / 1500 RPM CGL Single Phase', '', 3, 14, '58', 1, 0, '0.00000000', '0.00000000', 0, 0, 'Purchessed', 0, 0, '0.00', '0.00'),
(599, 'RT 15 Gear Pump', '', 1, 22, '20', 1, 0, '0.00000000', '0.00000000', 0, 0, 'Purchessed', 0, 0, '0.00', '0.00'),
(600, 'RT 40 Gear Pump', 'RT 40 Gear Pump', 1, 2, '7', 1, 3, '4044.77333333', '12134.32000000', 0, 1, 'Purchessed', 1, 1, '4044.77', '1.10'),
(601, 'RT 80 Gear Pump', 'RT 80 Gear Pump', 1, 2, '7', 1, 7, '5224.04285714', '36568.00000000', 0, 1, 'Purchessed', 1, 1, '5224.04', '1.10'),
(602, 'RT 125/32 Gear Pump', '', 1, 22, '20', 1, 0, '0.00000000', '0.00000000', 0, 0, 'Purchessed', 0, 0, '0.00', '0.00'),
(603, 'RT 125/50 Gear Pump', '', 1, 22, '20', 1, 0, '0.00000000', '0.00000000', 0, 0, 'Purchessed', 0, 0, '0.00', '0.00'),
(604, 'RT 20 Gear Pump', 'RT 20 Gear Pump', 1, 2, '7', 1, 10, '3249.14200000', '32491.00000000', 0, 1, 'Purchessed', 1, 1, '3249.14', '1.10'),
(605, 'R 20 DG Gear Pump', '', 1, 22, '20', 1, 0, '0.00000000', '0.00000000', 0, 0, 'Purchessed', 0, 0, '0.00', '0.00'),
(606, 'T3 S 45 Pump', 'T3 S 45 Pump', 1, 2, '8', 1, 0, '0.00000000', '0.00000000', 0, 0, 'Purchessed', 0, 0, '0.00', '0.00'),
(607, 'T3 S 38 Pump', 'T3 S 38 Pump', 1, 2, '8', 1, 0, '0.00000000', '0.00000000', 0, 0, 'Purchessed', 0, 0, '0.00', '0.00'),
(608, 'T3 S 52 Pump', 'T3 S 52 Pump', 1, 2, '8', 1, 0, '0.00000000', '0.00000000', 0, 0, 'Purchessed', 0, 0, '122400.00', '0.00'),
(609, 'T3 S 60 Pump', 'T3 S 60 Pump', 1, 2, '8', 1, 0, '0.00000000', '0.00000000', 0, 0, 'Purchessed', 0, 0, '0.00', '0.00'),
(610, 'T3 S 80 Pump', 'T3 S 80 Pump', 1, 2, '8', 1, 0, '0.00000000', '0.00000000', 0, 0, 'Purchessed', 0, 0, '0.00', '0.00'),
(611, 'T3 S 90 Pump', 'T3 S 90 Pump', 1, 2, '8', 1, 0, '0.00000000', '0.00000000', 0, 0, 'Purchessed', 0, 0, '0.00', '0.00'),
(612, 'Mechanical Seal T3 S 45', 'Mechanical Seal T3 S 45', 6, 15, '17', 1, 0, '0.00000000', '0.00000000', 0, 0, 'Purchessed', 0, 0, '0.00', '0.00'),
(613, 'Mechanical Seal T3 S 38', '', 6, 15, '17', 1, 0, '0.00000000', '0.00000000', 0, 0, 'Purchessed', 0, 0, '0.00', '0.00'),
(614, 'Mechanical Seal T3 S 52', '', 6, 15, '17', 1, 0, '0.00000000', '0.00000000', 0, 0, 'Purchessed', 0, 0, '0.00', '0.00'),
(615, 'Mechanical Seal T3 S 60', '', 6, 15, '17', 1, 0, '0.00000000', '0.00000000', 0, 0, 'Purchessed', 0, 0, '0.00', '0.00'),
(616, 'Mechanical Seal T3 S 80', '', 6, 15, '17', 1, 0, '0.00000000', '0.00000000', 0, 0, 'Purchessed', 0, 0, '0.00', '0.00'),
(617, 'Mechanical Seal T3 S 90', '', 6, 15, '17', 1, 0, '0.00000000', '0.00000000', 0, 0, 'Purchessed', 0, 0, '0.00', '0.00'),
(618, 'T3 SFP 40/38', 'T3 SFP 40/38', 1, 2, '8', 1, 0, '0.00000000', '0.00000000', 0, 0, 'Purchessed', 0, 0, '0.00', '0.00'),
(619, 'T3 SFP 40/46', 'T3 SFP 40/46', 1, 2, '8', 1, 0, '0.00000000', '0.00000000', 0, 0, 'Purchessed', 0, 0, '0.00', '0.00'),
(620, 'T3 SFP 20/46', 'T3 SFP 20/46', 1, 2, '8', 1, 0, '0.00000000', '0.00000000', 0, 0, 'Purchessed', 0, 0, '0.00', '0.00'),
(621, 'Mechanical Seal T3 SFP', 'Mechanical Seal T3 SFP', 6, 15, '17', 1, 0, '0.00000000', '0.00000000', 0, 0, 'Purchessed', 0, 0, '0.00', '0.00'),
(622, 'T1 S 25.1', '', 1, 22, '10', 1, 0, '0.00000000', '0.00000000', 0, 0, 'Purchessed', 0, 0, '0.00', '0.00'),
(623, 'T1 S 50.1', '', 1, 22, '10', 1, 0, '0.00000000', '0.00000000', 0, 0, 'Purchessed', 0, 0, '0.00', '0.00'),
(624, 'T1 S 380.1', '', 1, 22, '10', 1, 0, '0.00000000', '0.00000000', 0, 0, 'Purchessed', 0, 0, '0.00', '0.00'),
(625, 'T3 SA 38/46 JOP', 'T3 SA 38/46 JOP', 1, 2, '8', 1, 0, '0.00000000', '0.00000000', 0, 0, 'Purchessed', 0, 0, '0.00', '0.00'),
(626, 'IMO Pump', '', 1, 22, '8', 1, 0, '0.00000000', '0.00000000', 0, 0, 'Purchessed', 0, 0, '0.00', '0.00'),
(627, 'R 50 SL ', '', 1, 22, '56', 1, 0, '0.00000000', '0.00000000', 0, 0, 'Purchessed', 0, 0, '0.00', '0.00'),
(628, 'R 100 SL ', '', 1, 22, '56', 1, 0, '0.00000000', '0.00000000', 0, 0, 'Purchessed', 0, 0, '0.00', '0.00'),
(629, 'TRF 660 Pump', '', 1, 22, '8', 1, 0, '0.00000000', '0.00000000', 0, 0, 'Purchessed', 0, 0, '0.00', '0.00'),
(630, 'TRF 1700 Pump', '', 1, 22, '8', 1, 0, '0.00000000', '0.00000000', 0, 0, 'Purchessed', 0, 0, '0.00', '0.00'),
(631, 'TRF 2500 Pump', '', 1, 22, '8', 1, 0, '0.00000000', '0.00000000', 0, 0, 'Purchessed', 0, 0, '0.00', '0.00'),
(632, 'TRF 1300 Pump', '', 1, 22, '8', 1, 0, '0.00000000', '0.00000000', 0, 0, 'Purchessed', 0, 0, '0.00', '0.00'),
(633, 'TRF 660 Sealkit', '', 6, 15, '17', 3, 0, '0.00000000', '0.00000000', 0, 0, 'Purchessed', 0, 0, '0.00', '0.00'),
(634, 'TRF 1700 Sealkit', '', 6, 15, '17', 3, 0, '0.00000000', '0.00000000', 0, 0, 'Purchessed', 0, 0, '0.00', '0.00'),
(635, 'TRF 2500 Sealkit', '', 6, 15, '17', 3, 0, '0.00000000', '0.00000000', 0, 0, 'Purchessed', 0, 0, '0.00', '0.00'),
(636, 'TRF 1300 Sealkit', '', 6, 15, '17', 3, 0, '0.00000000', '0.00000000', 0, 0, 'Purchessed', 0, 0, '0.00', '0.00'),
(637, 'T 2003 H Pump', '', 1, 4, '53', 1, 0, '0.00000000', '0.00000000', 0, 0, 'Purchessed', 0, 0, '0.00', '0.00'),
(638, 'T 2504 Pump', '', 1, 4, '53', 1, 0, '0.00000000', '0.00000000', 0, 0, 'Purchessed', 0, 0, '0.00', '0.00'),
(639, 'T 1503 H Pump', '', 1, 4, '53', 1, 0, '0.00000000', '0.00000000', 0, 0, 'Purchessed', 0, 0, '0.00', '0.00'),
(640, 'J 102 SP', '', 1, 4, '53', 1, 0, '0.00000000', '0.00000000', 0, 0, 'Purchessed', 0, 0, '0.00', '0.00'),
(641, 'J 103', '', 1, 4, '53', 1, 0, '0.00000000', '0.00000000', 0, 0, 'Purchessed', 0, 0, '0.00', '0.00'),
(642, 'J 52', '', 1, 4, '53', 1, 0, '0.00000000', '0.00000000', 0, 0, 'Purchessed', 0, 0, '0.00', '0.00'),
(643, 'J 32', '', 1, 4, '53', 1, 0, '0.00000000', '0.00000000', 0, 0, 'Purchessed', 0, 0, '0.00', '0.00'),
(644, 'J 33', '', 1, 4, '53', 1, 0, '0.00000000', '0.00000000', 0, 0, 'Purchessed', 0, 0, '0.00', '0.00'),
(645, 'WW 101 With Control Panel', 'WW 101 With Control Panel', 1, 4, '52', 1, 1, '12364.74000000', '12365.00000000', 0, 1, 'Purchessed', 1, 1, '12364.74', '1.10'),
(646, 'WW 151', '', 1, 4, '52', 1, 0, '0.00000000', '0.00000000', 0, 0, 'Purchessed', 0, 0, '0.00', '0.00'),
(647, 'WV 01 L/40', '', 1, 4, '52', 1, 0, '0.00000000', '0.00000000', 0, 0, 'Purchessed', 0, 0, '0.00', '0.00'),
(648, 'HE 130 CT', 'HE 130 CT', 1, 5, '60', 1, 1, '18074.00000000', '18074.00000000', 0, 1, 'Purchessed', 1, 1, '18074.00', '1.10'),
(649, 'NSRP 50 Pump Semi Open Impeller', '', 1, 5, '60', 1, 0, '0.00000000', '0.00000000', 0, 0, 'Purchessed', 0, 0, '0.00', '0.00'),
(650, 'NSRP 50 Pump Closed Impeller', '', 1, 5, '60', 1, 0, '0.00000000', '0.00000000', 0, 0, 'Purchessed', 0, 0, '0.00', '0.00'),
(651, 'NZ 25 125 Pump Closed Impeller', '', 1, 5, '59', 1, 0, '0.00000000', '0.00000000', 0, 0, 'Purchessed', 0, 0, '0.00', '0.00'),
(652, 'NZ 32 125 Pump Closed Impeller', '', 1, 5, '59', 1, 0, '0.00000000', '0.00000000', 0, 0, 'Purchessed', 0, 0, '0.00', '0.00'),
(653, 'NZ 50 125 Pump Closed Impeller', '', 1, 5, '59', 1, 0, '0.00000000', '0.00000000', 0, 0, 'Purchessed', 0, 0, '0.00', '0.00'),
(654, 'NZ 25 160 Pump Closed Impeller', '', 1, 5, '59', 1, 0, '0.00000000', '0.00000000', 0, 0, 'Purchessed', 0, 0, '0.00', '0.00'),
(655, 'NZ 32 160 Pump Closed Impeller', '', 1, 5, '59', 1, 0, '0.00000000', '0.00000000', 0, 0, 'Purchessed', 0, 0, '0.00', '0.00'),
(656, 'NZ 50 160 Pump Closed Impeller', '', 1, 5, '59', 1, 0, '0.00000000', '0.00000000', 0, 0, 'Purchessed', 0, 0, '0.00', '0.00'),
(657, 'NZ 25 160 Pump Closed Impeller', '', 1, 5, '59', 1, 0, '0.00000000', '0.00000000', 0, 0, 'Purchessed', 0, 0, '0.00', '0.00'),
(658, 'NZ 50 200 Pump Closed Impeller', '', 1, 5, '59', 1, 0, '0.00000000', '0.00000000', 0, 0, 'Purchessed', 0, 0, '0.00', '0.00'),
(659, 'NZ 25 125 Pump Semi Open Impeller', '', 1, 5, '59', 1, 0, '0.00000000', '0.00000000', 0, 0, 'Purchessed', 0, 0, '0.00', '0.00'),
(660, 'NZ 32 125 Pump Semi Open Impeller', '', 1, 5, '59', 1, 0, '0.00000000', '0.00000000', 0, 0, 'Purchessed', 0, 0, '0.00', '0.00'),
(661, 'NZ 50 125 Pump Semi Open Impeller', '', 1, 5, '59', 1, 0, '0.00000000', '0.00000000', 0, 0, 'Purchessed', 0, 0, '0.00', '0.00'),
(663, 'NZ 32 160 Pump Semi Open Impeller', '', 1, 5, '59', 1, 0, '0.00000000', '0.00000000', 0, 0, 'Purchessed', 0, 0, '0.00', '0.00'),
(664, 'NZ 50 160 Pump Semi Open Impeller', '', 1, 5, '59', 1, 0, '0.00000000', '0.00000000', 0, 0, 'Purchessed', 0, 0, '0.00', '0.00'),
(665, 'NZ 25 160 Pump Semi Open Impeller', '', 1, 5, '59', 1, 0, '0.00000000', '0.00000000', 0, 0, 'Purchessed', 0, 0, '0.00', '0.00'),
(666, 'NZ 50 200 Pump Semi Open Impeller', '', 1, 5, '59', 1, 0, '0.00000000', '0.00000000', 0, 0, 'Purchessed', 0, 0, '0.00', '0.00'),
(667, 'Mechanical seal 1" Antico', '', 6, 17, '33', 1, 0, '0.00000000', '0.00000000', 0, 0, 'Purchessed', 2, 3, '0.00', '0.00'),
(668, 'Mechanical seal 1.125" Antico', '', 6, 17, '33', 1, 0, '0.00000000', '0.00000000', 0, 0, 'Purchessed', 2, 3, '0.00', '0.00'),
(669, 'Mechanical Seal 1.375" Antico', 'Mechanical Seal 1.375" Antico', 6, 17, '16', 3, 4, '2907.00000000', '11628.00000000', 0, 0, 'Purchessed', 1, 1, '2907.00', '1.10'),
(670, 'Mechanical Seal 1.625" Antico', 'Mechanical Seal 1.625" Antico', 6, 17, '15', 1, 3, '8262.00000000', '24786.00000000', 0, 0, 'Purchessed', 1, 1, '8262.00', '1.10'),
(671, 'Mechanical seal 1.875" Antico', '', 6, 17, '15', 1, 0, '0.00000000', '0.00000000', 0, 0, 'Purchessed', 2, 3, '0.00', '0.00'),
(672, 'Shaft Sleeve Ceramic 1" Antico', '', 6, 17, '33', 1, 0, '0.00000000', '0.00000000', 0, 0, 'Purchessed', 2, 3, '0.00', '0.00'),
(673, 'Shaft Sleeve Ceramic 1.125" Antico', '', 6, 17, '33', 1, 0, '0.00000000', '0.00000000', 0, 0, 'Purchessed', 2, 3, '0.00', '0.00'),
(674, 'Shaft Sleeve Ceramic 1.375" Antico', '', 6, 17, '16', 1, 0, '0.00000000', '0.00000000', 0, 0, 'Purchessed', 2, 3, '0.00', '0.00'),
(675, 'Shaft Sleeve Ceramic 1.625" ', 'Shaft Sleeve Ceramic 1.625" Antico', 6, 17, '15', 1, 4, '2926.00000000', '11704.00000000', 0, 0, 'Purchessed/Manufactured', 1, 1, '2926.00', '1.10'),
(676, 'Shaft Sleeve Ceramic 1.875" Antico', '', 6, 17, '15', 1, 0, '0.00000000', '0.00000000', 0, 0, 'Purchessed', 2, 3, '0.00', '0.00'),
(677, 'KGEN 11 3 G1', 'KGEN 11 3 G1', 1, 1, '21', 1, 0, '0.00000000', '0.00000000', 0, 0, 'Purchessed', 10, 10, '0.00', '0.00'),
(678, 'KGEN 11 3 G6', '', 1, 1, '21', 1, 0, '0.00000000', '0.00000000', 0, 0, 'Purchessed', 10, 10, '0.00', '0.00'),
(679, 'KGEN 11 4 G1', 'KGEN 11 4 G1', 1, 1, '21', 1, 0, '0.00000000', '0.00000000', 0, 0, 'Purchessed', 10, 10, '0.00', '0.00'),
(680, 'KGEN 11 4 G6', '', 1, 1, '21', 1, 0, '0.00000000', '0.00000000', 0, 0, 'Purchessed', 10, 10, '0.00', '0.00'),
(681, 'KGEN 12 5 G1', 'KGEN 12 5 G1', 1, 1, '21', 1, 10, '7498.00000000', '74982.70000000', 0, 1, 'Purchessed', 1, 1, '7498.27', '1.10'),
(682, 'KGEN 12 5 G6', 'KGEN 12 5 G6', 1, 1, '21', 1, 4, '9566.00000000', '38264.00000000', 0, 1, 'Purchessed', 1, 1, '9566.00', '1.10'),
(683, 'KGEN 12b 5 G1', 'KGEN 12b 5 G1', 1, 1, '21', 1, 0, '0.00000000', '0.00000000', 0, 1, 'Purchessed', 0, 0, '0.00', '0.00'),
(684, 'KGEN 16 3 G1', 'KGEN 16 3 G1', 1, 1, '21', 1, 3, '7156.00000000', '21469.50000000', 0, 1, 'Purchessed', 1, 1, '7156.50', '1.10'),
(685, 'KGEN 16 6 G1', 'KGEN 16 6 G1', 1, 1, '21', 1, 12, '10412.00000000', '124945.08000000', 0, 1, 'Purchessed', 1, 1, '10412.09', '1.10'),
(686, 'KGEN 14 8 G1', 'KGEN 14 8 G1', 1, 1, '21', 1, 10, '11155.00000000', '111550.00000000', 0, 1, 'Purchessed', 1, 1, '111155.00', '0.00'),
(687, 'KGEN 15 6 G1', '', 1, 1, '21', 1, 0, '0.00000000', '0.00000000', 0, 0, 'Purchessed', 10, 10, '0.00', '0.00'),
(688, 'KGEN 25N 10 G1', 'KGEN 25N 10 G1', 1, 1, '21', 1, 1, '52895.67000000', '52895.67000000', 0, 1, 'Purchessed', 1, 1, '52894.67', '1.10'),
(689, 'KGEN 25N 10 G6', 'KGEN 25N 10 G6', 1, 1, '21', 1, 2, '47314.00000000', '94628.00000000', 0, 1, 'Purchessed', 1, 1, '47314.00', '1.10'),
(690, 'KGEN 21 8 G1', 'KGEN 21 8 G1', 1, 1, '21', 1, 2, '29777.00000000', '59554.80000000', 0, 1, 'Purchessed', 1, 1, '29777.40', '1.10'),
(691, 'KGEN 15 6 G6', '', 1, 1, '21', 1, 0, '0.00000000', '0.00000000', 0, 0, 'Purchessed', 3, 3, '0.00', '0.00'),
(692, 'KGEN 12 6 G1', '', 1, 1, '21', 1, 0, '0.00000000', '0.00000000', 0, 0, 'Purchessed', 10, 10, '0.00', '0.00'),
(693, 'CN 25 125 G1 S2 L3', 'CN 25 125 G1 S2 L3', 1, 1, '1', 1, 1, '7160.00000000', '7160.00000000', 0, 1, 'Purchessed', 1, 1, '7160.00', '1.10'),
(694, 'CN 25 160 G1 S2 L3', 'CN 25 160 G1 S2 L3', 1, 1, '1', 1, 0, '0.00000000', '0.00000000', 0, 0, 'Purchessed', 0, 0, '0.00', '0.00'),
(695, 'CN 32 160 G1 S2 L3', 'CN 32 160 G1 S2 L3', 1, 1, '1', 1, 4, '9348.00000000', '37393.72000000', 0, 1, 'Purchessed', 1, 1, '9348.43', '1.10'),
(696, 'CN 40 160 G1 S2 L3', '', 1, 1, '1', 1, 0, '0.00000000', '0.00000000', 0, 0, 'Purchessed', 1, 1, '0.00', '0.00'),
(697, 'CN 50 160 G1 S2 L3', '', 1, 1, '1', 1, 0, '0.00000000', '0.00000000', 0, 0, 'Purchessed', 1, 1, '0.00', '0.00'),
(698, 'CN 65 160 G1 S2 L3', 'CN 65 160 G1 S2 L3', 1, 1, '1', 1, 2, '13554.00000000', '27108.24000000', 0, 1, 'Purchessed', 1, 1, '13554.12', '1.10'),
(699, 'CN 80 160 G1 S2 L3', 'CN 80 160 G1 S2 L3', 1, 1, '1', 1, 1, '11400.00000000', '11400.00000000', 0, 1, 'Purchessed', 1, 1, '11400.00', '1.10'),
(700, 'CN 100 160 G1 S2 L3', '', 1, 1, '1', 1, 0, '0.00000000', '0.00000000', 0, 0, 'Purchessed', 0, 0, '0.00', '0.00'),
(701, 'CN 32 160 G1 S2 L1', '', 1, 1, '1', 1, 0, '0.00000000', '0.00000000', 0, 0, 'Purchessed', 3, 3, '0.00', '0.00'),
(702, 'CN 40 160 G1 S2 L1', 'CN 40 160 G1 S2 L1', 1, 1, '1', 1, 1, '8367.00000000', '8367.50000000', 0, 1, 'Purchessed', 1, 1, '8367.50', '1.10'),
(703, 'CN 50 160 G1 S2 L1', 'CN 50 160 G1 S2 L1', 1, 1, '1', 1, 1, '9245.00000000', '9245.00000000', 0, 1, 'Purchessed', 1, 1, '9245.00', '1.10'),
(704, 'CB 32 160 G1', 'CB 32 160 G1', 1, 1, '61', 1, 1, '5610.00000000', '5610.00000000', 0, 1, 'Purchessed', 1, 1, '5610.00', '1.10'),
(705, 'CB 40 160 G1', 'CB 40 160 G1', 1, 1, '61', 1, 1, '8318.00000000', '8318.00000000', 0, 1, 'Purchessed', 1, 1, '8318.00', '1.10'),
(706, 'CB 40 200 G1', 'CB 40 200 G1', 1, 1, '61', 1, 1, '9190.00000000', '9190.00000000', 0, 1, 'Purchessed', 1, 1, '9190.00', '1.10'),
(707, 'CB 80 200 G1', '', 1, 1, '61', 1, 0, '0.00000000', '0.00000000', 0, 0, 'Purchessed', 1, 1, '0.00', '0.00'),
(708, 'CB 200 200 G1', 'CB 200 200 G1', 1, 1, '61', 1, 2, '22380.00000000', '44760.00000000', 0, 1, 'Purchessed', 1, 1, '22380.00', '1.10'),
(709, 'CN 32 200 G1 S2 L3', 'CN 32 200 G1 S2 L3', 1, 1, '1', 1, 3, '11172.00000000', '33518.64000000', 0, 1, 'Purchessed', 1, 1, '11172.88', '1.10'),
(710, 'CN 32 125 G1 S2 L1', '', 1, 1, '1', 1, 0, '0.00000000', '0.00000000', 0, 0, 'Purchessed', 0, 0, '0.00', '0.00'),
(711, 'CN 40 125 G1 S2 L1', '', 1, 1, '1', 1, 0, '0.00000000', '0.00000000', 0, 0, 'Purchessed', 0, 0, '0.00', '0.00'),
(712, 'CN 50 125 G1 S2 L1', '', 1, 1, '1', 1, 0, '0.00000000', '0.00000000', 0, 0, 'Purchessed', 0, 0, '0.00', '0.00'),
(713, 'CN 65 125 G1 S2 L1', '', 1, 1, '1', 1, 0, '0.00000000', '0.00000000', 0, 0, 'Purchessed', 0, 0, '0.00', '0.00'),
(714, 'CN 40 200 G1 S2 L3', 'CN 40 200 G1 S2 L3', 1, 1, '1', 1, 1, '11369.00000000', '11369.42000000', 0, 1, 'Purchessed', 1, 1, '11369.42', '1.10'),
(715, 'CN 50 200 G1 S2 L3', 'CN 50 200 G1 S2 L3', 1, 1, '1', 1, 3, '12959.00000000', '38877.59000000', 0, 1, 'Purchessed', 1, 1, '12959.86', '1.10'),
(716, 'CN 65 200 G1 S2 L3', 'CN 65 200 G1 S2 L3', 1, 1, '1', 1, 2, '13887.00000000', '27774.80000000', 0, 1, 'Purchessed', 1, 1, '13887.40', '1.10'),
(717, 'CN 80 200 G1 S2 L3', 'CN 80 200 G1 S2 L3', 1, 1, '1', 1, 1, '16400.00000000', '16400.00000000', 0, 1, 'Purchessed', 1, 1, '16400.00', '1.10'),
(718, 'CN 100 200 G1 S2 L3', '', 1, 1, '1', 1, 0, '0.00000000', '0.00000000', 0, 0, 'Purchessed', 0, 0, '0.00', '0.00'),
(719, 'CN 40 250 G1 S2 L3', 'CN 40 250 G1 S2 L3', 1, 1, '1', 1, 1, '13500.00000000', '13500.00000000', 0, 1, 'Purchessed', 1, 1, '13500.00', '1.10'),
(720, 'CN 50 250 G1 S2 L3', 'CN 50 250 G1 S2 L3', 1, 1, '1', 1, 1, '13586.00000000', '13586.17000000', 0, 1, 'Purchessed', 1, 1, '13586.17', '1.10'),
(721, 'CN 200 200 G1 S2 L3', 'CN 200 200 G1 S2 L3', 1, 1, '1', 1, 1, '29804.00000000', '29804.00000000', 0, 1, 'Purchessed', 1, 1, '29804.00', '1.10'),
(722, 'CN 125 315 G1 S2 L3', 'CN 125 315 G1 S2 L3', 1, 1, '1', 1, 1, '26701.00000000', '26701.50000000', 0, 1, 'Purchessed', 1, 1, '26701.50', '1.10'),
(723, 'CN 100 315 G1 S2 L3', 'CN 100 315 G1 S2 L3', 1, 1, '1', 1, 1, '25200.00000000', '25200.00000000', 0, 1, 'Purchessed', 1, 1, '25200.00', '1.10'),
(724, 'CCR 32 200 R6 S2 L3', 'CCR 32 200 R6 S2 L3', 1, 1, '2', 1, 2, '28844.00000000', '57688.00000000', 0, 1, 'Purchessed', 1, 1, '28844.00', '1.10'),
(725, 'CCR 32 250 R6 M2 L3', 'CCR 32 250 R6 M2 L3', 1, 1, '2', 1, 1, '67000.00000000', '67000.00000000', 0, 1, 'Purchessed', 1, 1, '67000.00', '1.10'),
(726, 'CCR 40 200 R6 S2 L3', '', 1, 1, '2', 1, 0, '0.00000000', '0.00000000', 0, 0, 'Purchessed', 2, 2, '0.00', '0.00'),
(727, 'CCR 50 200 R6 S2 L3', 'CCR 50 200 R6 S2 L3', 1, 1, '2', 1, 2, '34244.00000000', '68488.00000000', 0, 1, 'Purchessed', 1, 1, '34244.00', '1.10'),
(728, 'CCR 65 200 R6 S2 L3', '', 1, 1, '2', 1, 0, '0.00000000', '0.00000000', 0, 0, 'Purchessed', 0, 0, '0.00', '0.00'),
(729, 'CCR 25 125 R6 S2 L3', '', 1, 1, '2', 1, 0, '0.00000000', '0.00000000', 0, 0, 'Purchessed', 2, 2, '0.00', '0.00'),
(730, 'CCR 25 160 R6 S2 L3', '', 1, 1, '2', 1, 0, '0.00000000', '0.00000000', 0, 0, 'Purchessed', 1, 1, '0.00', '0.00'),
(731, 'CCR 32 160 R6 S2 L3', '', 1, 1, '2', 1, 0, '0.00000000', '0.00000000', 0, 0, 'Purchessed', 2, 2, '0.00', '0.00'),
(732, 'CCR 40 160 R6 S2 L3', 'CCR 40 160 R6 S2 L3', 1, 1, '2', 1, 1, '63029.00000000', '63029.00000000', 0, 1, 'Purchessed', 1, 1, '63029.00', '1.10'),
(733, 'CCR 50 160 R6 S2 L3', '', 1, 1, '2', 1, 0, '0.00000000', '0.00000000', 0, 0, 'Purchessed', 1, 1, '0.00', '0.00'),
(734, 'CCR 65 160 R6 S2 L3', 'CCR 65 160 R6 S2 L3', 1, 1, '2', 1, 1, '58404.00000000', '58404.00000000', 0, 1, 'Purchessed', 1, 1, '58404.00', '1.10'),
(735, 'CCR 32 125 R6 S2 L3', '', 1, 1, '2', 1, 0, '0.00000000', '0.00000000', 0, 0, 'Purchessed', 0, 0, '0.00', '0.00'),
(736, 'CCR 65 160 R1 S2 L3', '', 1, 1, '2', 1, 0, '0.00000000', '0.00000000', 0, 0, 'Purchessed', 0, 0, '0.00', '0.00'),
(737, 'CCR 50 200 R6A S2 L6', '', 1, 1, '2', 1, 0, '0.00000000', '0.00000000', 0, 0, 'Purchessed', 0, 0, '0.00', '0.00'),
(738, 'CCR 32 160 R6A M2 L6', 'CCR 32 160 R6A M2 L6', 1, 1, '2', 1, 1, '53347.00000000', '53347.00000000', 0, 1, 'Purchessed', 1, 1, '53347.00', '1.10'),
(739, 'MCH / MCV 12', '', 1, 1, '3', 1, 0, '0.00000000', '0.00000000', 0, 0, 'Purchessed', 0, 0, '0.00', '0.00'),
(740, 'MCH / MCV 16', '', 1, 1, '3', 1, 0, '0.00000000', '0.00000000', 0, 0, 'Purchessed', 0, 0, '0.00', '0.00'),
(741, 'MCH / MCV 20', '', 1, 1, '3', 1, 0, '0.00000000', '0.00000000', 0, 0, 'Purchessed', 0, 0, '0.00', '0.00'),
(742, 'MCH / MCV 12 with Motor', '', 7, 26, '3', 3, 0, '0.00000000', '0.00000000', 0, 0, 'Purchessed/Manufactured', 0, 0, '0.00', '0.00'),
(743, 'MCH / MCV 14 with Motor', '', 7, 26, '3', 3, 0, '0.00000000', '0.00000000', 0, 0, 'Purchessed/Manufactured', 0, 0, '0.00', '0.00'),
(744, 'MCH / MCV 16 with Motor', '', 7, 26, '3', 3, 0, '0.00000000', '0.00000000', 0, 0, 'Purchessed/Manufactured', 0, 0, '0.00', '0.00'),
(745, 'MCH / MCV 20 with Motor', '', 7, 26, '3', 3, 0, '0.00000000', '0.00000000', 0, 0, 'Purchessed/Manufactured', 0, 0, '0.00', '0.00'),
(746, 'Bearing Housing KGEN 11 3 To 11 4', 'Bearing Housing KGEN 11 3 To 11 4', 6, 16, '11', 1, 0, '0.00000000', '0.00000000', 0, 0, 'Purchessed', 5, 5, '0.00', '0.00'),
(747, 'Bearing Housing KGEN 12 5 To 16 6', 'Bearing Housing KGEN 12 5 To 16 6', 6, 16, '11', 1, 6, '1292.00000000', '7752.00000000', 0, 0, 'Purchessed', 1, 1, '1292.00', '1.10'),
(748, 'Bearing Cover KGEN 11 3 To 11 4', 'Bearing Cover KGEN 11 3 To 11 4', 6, 16, '11', 1, 9, '30.00000000', '270.00000000', 0, 0, 'Purchessed', 1, 1, '30.00', '1.10'),
(749, 'Bearing Cover KGEN 12 5 To 16 6', 'Bearing Cover KGEN 12 5 To 16 6', 6, 16, '11', 1, 4, '51.00000000', '204.00000000', 0, 0, 'Purchessed', 1, 1, '51.00', '1.10'),
(750, 'Oil Seal KGEN 11 3 To 11 4', 'Oil Seal KGEN 11 3 To 11 4', 6, 16, '11', 1, 7, '16.00000000', '112.00000000', 0, 0, 'Purchessed', 1, 1, '16.00', '1.10'),
(751, 'Oil Seal KGEN 12 5 To 16 6', 'Oil Seal KGEN 12 5 To 16 6', 6, 16, '11', 1, 12, '22.00000000', '264.00000000', 0, 0, 'Purchessed', 1, 1, '22.00', '1.10'),
(752, 'Intermediate Cover KGEN 11 3 To 11 4', 'Intermediate Cover KGEN 11 3 To 11 4', 6, 16, '11', 1, 6, '348.58333333', '2091.50000000', 0, 0, 'Purchessed', 1, 1, '348.58', '1.10'),
(753, 'Intermediate Cover KGEN 12 5 To 16 6', 'Intermediate Cover KGEN 12 5 To 16 6', 6, 16, '11', 1, 0, '0.00000000', '0.00000000', 0, 0, 'Purchessed', 3, 3, '0.00', '0.00'),
(754, 'Intermediate Cover KGEN 25n 10', 'Intermediate Cover KGEN 25n 10', 6, 16, '11', 1, 1, '1806.00000000', '1806.00000000', 0, 0, 'Purchessed', 1, 1, '1806.00', '1.10'),
(755, 'Mechanical Seal KGEN 11 3 To 11 4', 'Mechanical Seal KGEN 11 3 To 11 4', 6, 16, '11', 1, 0, '0.00000000', '0.00000000', 0, 0, 'Purchessed', 0, 0, '0.00', '0.00'),
(756, 'Mechanical Seal KGEN 12 5 To 16 6', 'Mechanical Seal KGEN 12 5 To 16 6', 6, 16, '11', 1, 2, '721.57000000', '1443.00000000', 0, 0, 'Purchessed', 10, 10, '721.57', '1.10'),
(757, 'Suction Cover KGEN 11 3', 'Suction Cover KGEN 11 3 ', 6, 16, '11', 1, 5, '314.00000000', '1570.00000000', 0, 0, 'Purchessed', 1, 1, '314.00', '1.10'),
(758, 'Suction Cover KGEN 12 5 & 12b 5', 'Suction Cover KGEN 12 5 & 12b 5', 6, 16, '11', 1, 6, '430.34000000', '2582.04000000', 0, 0, 'Purchessed', 1, 1, '430.34', '1.10'),
(759, 'Suction Cover KGEN 12 6, 15 6 & 16 6', '', 6, 16, '21', 1, 0, '0.00000000', '0.00000000', 0, 0, 'Purchessed', 2, 2, '0.00', '0.00'),
(760, 'Suction Cover KGEN 14 8', 'Suction Cover KGEN 14 8', 6, 16, '11', 1, 1, '1140.00000000', '1140.00000000', 0, 0, 'Purchessed', 1, 1, '1140.00', '1.10'),
(761, 'Window Cover KGEN 12 5 To 16 6', 'Window Cover KGEN 12 5 To 16 6', 6, 16, '11', 1, 1, '500.00000000', '500.00000000', 0, 0, 'Purchessed', 1, 1, '500.00', '1.10'),
(762, 'Valve Assembly KGEN 11 3', '', 6, 16, '21', 1, 0, '0.00000000', '0.00000000', 0, 0, 'Purchessed', 5, 5, '0.00', '0.00'),
(763, 'Valve Assembly KGEN 11 4', 'Valve Assembly KGEN 11 4', 6, 16, '11', 1, 13, '130.40000000', '1695.20000000', 0, 0, 'Purchessed', 1, 1, '130.40', '1.10'),
(764, 'Valve Assembly KGEN 12 5 & 12b 5', 'Valve Assembly KGEN 12 5 & 12b 5', 6, 16, '11', 1, 10, '186.96900000', '1869.69000000', 0, 0, 'Purchessed', 1, 1, '186.97', '1.10'),
(765, 'Valve Assembly KGEN 12 6, 15 6 & 16 6', '', 6, 16, '21', 1, 0, '0.00000000', '0.00000000', 0, 0, 'Purchessed', 5, 5, '0.00', '0.00'),
(766, 'Valve Assembly KGEN 14 8', 'Valve Assembly KGEN 14 8', 6, 16, '11', 1, 8, '590.67500000', '4725.40000000', 0, 0, 'Purchessed', 1, 1, '590.68', '1.10'),
(767, 'Shaft KGEN 11 3 to 11 4', '', 6, 16, '21', 1, 0, '0.00000000', '0.00000000', 0, 0, 'Purchessed/Manufactured', 2, 2, '0.00', '0.00'),
(768, 'Shaft KGEN 12 5 to 16 6', '', 6, 16, '21', 1, 0, '0.00000000', '0.00000000', 0, 0, 'Purchessed/Manufactured', 2, 2, '0.00', '0.00'),
(769, 'Shaft KGEN 25n 10', '', 6, 16, '21', 1, 0, '0.00000000', '0.00000000', 0, 0, 'Purchessed/Manufactured', 1, 1, '0.00', '0.00'),
(770, 'CI Impeller KGEN 11 3', 'CI Impeller KGEN 11 3', 6, 16, '11', 1, 10, '408.52700000', '4085.27000000', 0, 0, 'Purchessed', 1, 1, '408.53', '1.10'),
(771, 'CI Impeller KGEN 11 4', 'CI Impeller KGEN 11 4', 6, 16, '11', 1, 0, '0.00000000', '0.00000000', 0, 0, 'Purchessed', 0, 0, '0.00', '0.00'),
(772, 'CI Impeller KGEN 12 5', 'CI Impeller KGEN 12 5', 6, 16, '11', 1, 17, '567.17647059', '9642.00000000', 0, 0, 'Purchessed', 1, 1, '567.18', '1.10'),
(773, 'CI Impeller KGEN 12b 5', 'CI Impeller KGEN 12b 5', 6, 16, '11', 1, 1, '549.37000000', '549.37000000', 0, 0, 'Purchessed', 1, 1, '549.37', '1.10'),
(774, 'CI Impeller KGEN 12 6', 'CI Impeller KGEN 12 6', 6, 16, '11', 1, 7, '540.00000000', '3780.00000000', 0, 0, 'Purchessed', 1, 1, '540.00', '1.10'),
(775, 'CI Impeller KGEN 15 6', 'CI Impeller KGEN 15 6', 6, 16, '11', 1, 0, '0.00000000', '0.00000000', 0, 0, 'Purchessed', 5, 5, '0.00', '0.00'),
(776, 'CI Impeller KGEN 14 8', 'CI Impeller KGEN 14 8', 6, 16, '11', 1, 5, '606.30400000', '3031.52000000', 0, 0, 'Purchessed', 1, 1, '606.30', '1.10'),
(777, 'CI Impeller KGEN 16 6', 'CI Impeller KGEN 16 6', 6, 16, '11', 1, 0, '0.00000000', '0.00000000', 0, 0, 'Purchessed', 5, 5, '0.00', '0.00'),
(778, 'CI Impeller KGEN 16 3', 'CI Impeller KGEN 16 3', 6, 16, '11', 1, 4, '854.00000000', '3416.00000000', 0, 0, 'Purchessed', 1, 1, '854.00', '1.10'),
(779, 'CI Impeller KGEN 21 8', 'CI Impeller KGEN 21 8', 6, 16, '11', 1, 0, '0.00000000', '0.00000000', 0, 0, 'Purchessed', 0, 0, '0.00', '0.00'),
(780, 'CI Impeller KGEN 25n 10', 'CI Impeller KGEN 25n 10', 6, 16, '11', 1, 1, '1581.00000000', '1581.00000000', 0, 0, 'Purchessed', 1, 1, '1581.00', '1.10'),
(781, 'SS Impeller KGEN 11 3', '', 6, 16, '21', 1, 0, '0.00000000', '0.00000000', 0, 0, 'Purchessed', 2, 2, '0.00', '0.00'),
(782, 'SS Impeller KGEN 11 4', 'SS Impeller KGEN 11 4', 6, 16, '11', 1, 0, '0.00000000', '0.00000000', 0, 0, 'Purchessed', 2, 2, '0.00', '0.00'),
(783, 'SS Impeller KGEN 12 5', '', 6, 16, '21', 1, 0, '0.00000000', '0.00000000', 0, 0, 'Purchessed', 2, 2, '0.00', '0.00'),
(784, 'SS Impeller KGEN 12b 5', '', 6, 16, '21', 1, 0, '0.00000000', '0.00000000', 0, 0, 'Purchessed', 2, 2, '0.00', '0.00'),
(785, 'SS Impeller KGEN 12 6', '', 6, 16, '21', 1, 0, '0.00000000', '0.00000000', 0, 0, 'Purchessed', 2, 2, '0.00', '0.00'),
(786, 'SS Impeller KGEN 15 6', '', 6, 16, '21', 1, 0, '0.00000000', '0.00000000', 0, 0, 'Purchessed', 2, 2, '0.00', '0.00'),
(787, 'SS Impeller KGEN 14 8', '', 6, 16, '21', 1, 0, '0.00000000', '0.00000000', 0, 0, 'Purchessed', 2, 2, '0.00', '0.00'),
(788, 'SS Impeller KGEN 16 6', '', 6, 16, '21', 1, 0, '0.00000000', '0.00000000', 0, 0, 'Purchessed', 2, 2, '0.00', '0.00'),
(789, 'SS Impeller KGEN 16 3', '', 6, 16, '21', 1, 0, '0.00000000', '0.00000000', 0, 0, 'Purchessed', 0, 0, '0.00', '0.00'),
(790, 'SS Impeller KGEN 21 8', '', 6, 16, '21', 1, 0, '0.00000000', '0.00000000', 0, 0, 'Purchessed', 0, 0, '0.00', '0.00'),
(791, 'SS Impeller KGEN 25n 10', '', 6, 16, '21', 1, 0, '0.00000000', '0.00000000', 0, 0, 'Purchessed', 1, 1, '0.00', '0.00'),
(792, 'Pump Casing KGEN 11 3', '', 6, 16, '21', 1, 0, '0.00000000', '0.00000000', 0, 0, 'Purchessed', 0, 0, '0.00', '0.00'),
(793, 'Pump Casing KGEN 11 4', '', 6, 16, '21', 1, 0, '0.00000000', '0.00000000', 0, 0, 'Purchessed', 0, 0, '0.00', '0.00'),
(794, 'Pump Casing KGEN 12 5', '', 6, 16, '21', 1, 0, '0.00000000', '0.00000000', 0, 0, 'Purchessed', 0, 0, '0.00', '0.00'),
(795, 'Pump Casing KGEN 12b 5', '', 6, 16, '21', 1, 0, '0.00000000', '0.00000000', 0, 0, 'Purchessed', 0, 0, '0.00', '0.00'),
(796, 'Pump Casing KGEN 12 6', '', 6, 16, '21', 1, 0, '0.00000000', '0.00000000', 0, 0, 'Purchessed', 0, 0, '0.00', '0.00'),
(797, 'Pump Casing KGEN 15 6', '', 6, 16, '21', 1, 0, '0.00000000', '0.00000000', 0, 0, 'Purchessed', 0, 0, '0.00', '0.00'),
(798, 'Pump Casing KGEN 14 8', '', 6, 16, '21', 1, 0, '0.00000000', '0.00000000', 0, 0, 'Purchessed', 0, 0, '0.00', '0.00'),
(799, 'Pump Casing KGEN 16 6', '', 6, 16, '21', 1, 0, '0.00000000', '0.00000000', 0, 0, 'Purchessed', 0, 0, '0.00', '0.00'),
(800, 'KGEN 11 3 with Motor', '', 7, 26, '30', 3, 0, '0.00000000', '0.00000000', 0, 0, 'Purchessed/Manufactured', 0, 0, '0.00', '0.00'),
(801, 'KGEN 11 4 with Motor', '', 7, 26, '30', 3, 0, '0.00000000', '0.00000000', 0, 0, 'Purchessed/Manufactured', 0, 0, '0.00', '0.00'),
(802, 'KGEN 12 6 with Motor', '', 7, 26, '30', 3, 0, '0.00000000', '0.00000000', 0, 0, 'Purchessed/Manufactured', 0, 0, '0.00', '0.00'),
(803, 'KGEN 12 5 with Motor', '', 7, 26, '30', 3, 0, '0.00000000', '0.00000000', 0, 0, 'Purchessed/Manufactured', 0, 0, '0.00', '0.00'),
(804, 'KGEN 12b 5 with Motor', '', 7, 26, '30', 3, 0, '0.00000000', '0.00000000', 0, 0, 'Purchessed/Manufactured', 0, 0, '0.00', '0.00'),
(805, 'KGEN 16 3 with Motor', '', 7, 26, '30', 3, 0, '0.00000000', '0.00000000', 0, 0, 'Purchessed/Manufactured', 0, 0, '0.00', '0.00'),
(806, 'KGEN 16 6 with Motor', '', 7, 26, '30', 3, 0, '0.00000000', '0.00000000', 0, 0, 'Purchessed/Manufactured', 0, 0, '0.00', '0.00'),
(807, 'KGEN 14 8 with Motor', '', 7, 26, '30', 3, 0, '0.00000000', '0.00000000', 0, 0, 'Purchessed/Manufactured', 0, 0, '0.00', '0.00'),
(808, 'KGEN 15 6 with Motor', '', 7, 26, '30', 3, 0, '0.00000000', '0.00000000', 0, 0, 'Purchessed/Manufactured', 0, 0, '0.00', '0.00'),
(809, 'KGEN 25n 10 with Motor', '', 7, 26, '30', 3, 0, '0.00000000', '0.00000000', 0, 0, 'Purchessed/Manufactured', 0, 0, '0.00', '0.00'),
(810, 'CN 32 160 with Motor', '', 7, 26, '62', 3, 0, '0.00000000', '0.00000000', 0, 0, 'Purchessed/Manufactured', 0, 0, '0.00', '0.00'),
(811, 'CN 40 200 with Motor', '', 7, 26, '62', 3, 0, '0.00000000', '0.00000000', 0, 0, 'Purchessed/Manufactured', 0, 0, '0.00', '0.00'),
(812, 'CN 50 160 With Motor', 'CN 50 160 With Motor', 7, 26, '62', 3, 0, '0.00000000', '0.00000000', 0, 0, 'Manufactured', 0, 0, '0.00', '0.00'),
(813, 'CI Impeller CN 200 200', '', 6, 16, '13', 1, 0, '0.00000000', '0.00000000', 0, 0, 'Purchessed', 1, 1, '0.00', '0.00'),
(814, 'CI Impeller CN 80 200', '', 6, 16, '13', 1, 0, '0.00000000', '0.00000000', 0, 0, 'Purchessed', 1, 1, '0.00', '0.00'),
(815, 'CI Impeller CN 65c 200', '', 6, 16, '13', 1, 0, '0.00000000', '0.00000000', 0, 0, 'Purchessed', 0, 0, '0.00', '0.00'),
(816, 'CI Impeller CN 100 400', 'CI Impeller CN 100 400', 6, 16, '13', 1, 1, '6445.85000000', '6445.85000000', 0, 0, 'Purchessed', 1, 1, '6445.85', '1.10'),
(817, 'CI Impeller CN 125 250', 'CI Impeller CN 125 250', 6, 16, '13', 1, 1, '6149.07000000', '6149.00000000', 0, 0, 'Purchessed', 1, 1, '6149.07', '1.10'),
(818, 'CI Impeller CN 40 160', 'CI Impeller CN 40 160', 6, 16, '13', 1, 3, '2294.03333333', '6882.10000000', 0, 0, 'Purchessed', 1, 1, '2294.03', '1.10'),
(819, 'CI Impeller CN 40 200', 'CI Impeller CN 40 200', 6, 16, '13', 1, 1, '2331.50000000', '2331.50000000', 0, 0, 'Purchessed', 1, 1, '2331.50', '1.10'),
(820, 'CI Impeller CN 40C 160 G1', 'CI Impeller CN 40C 160 G1', 6, 16, '13', 1, 1, '2294.04000000', '2294.04000000', 0, 0, 'Purchessed', 1, 1, '2294.04', '1.10'),
(821, 'CI Impeller CN 50 160', 'CI Impeller CN 50 160', 6, 16, '13', 1, 1, '0.00000000', '0.00000000', 0, 0, 'Purchessed', 0, 0, '0.00', '0.00'),
(822, 'CI Impeller CN 50 250', '', 6, 16, '13', 1, 0, '0.00000000', '0.00000000', 0, 0, 'Purchessed', 0, 0, '0.00', '0.00'),
(823, 'SS Impeller CCR 40 200 R6A', '', 6, 16, '25', 1, 0, '0.00000000', '0.00000000', 0, 0, 'Purchessed', 0, 0, '0.00', '0.00'),
(824, 'SS Impeller CCR 50 160', '', 6, 16, '25', 1, 0, '0.00000000', '0.00000000', 0, 0, 'Purchessed', 0, 0, '0.00', '0.00'),
(825, 'SS Impeller CCR 50c 160', '', 6, 16, '25', 1, 0, '0.00000000', '0.00000000', 0, 0, 'Purchessed', 0, 0, '0.00', '0.00'),
(826, 'CS Impeller CCR 40 160 R1', 'CS Impeller CCR 40 160 R1', 6, 16, '25', 1, 1, '3519.00000000', '3519.00000000', 0, 0, 'Purchessed', 1, 1, '3519.00', '1.10'),
(827, 'Bearing Housing CCR 50 160', 'Bearing Housing CCR 50 160', 6, 16, '25', 1, 2, '500.00000000', '1000.00000000', 0, 0, 'Purchessed', 1, 1, '500.00', '1.10'),
(828, 'Backplate for EXP 160 CT', '', 6, 17, '16', 1, 0, '0.00000000', '0.00000000', 0, 0, 'Purchessed', 0, 0, '0.00', '0.00'),
(829, 'Bearing Cover for EXP 160 CT', '', 6, 17, '16', 1, 0, '0.00000000', '0.00000000', 0, 0, 'Purchessed', 0, 0, '0.00', '0.00'),
(830, 'Deflector For EXP 160 CT', 'Deflector For EXP 160 CT', 6, 17, '16', 1, 2, '98.50000000', '197.00000000', 0, 0, 'Purchessed', 1, 1, '98.50', '1.10'),
(831, 'Impeller For EXP 160 CT', 'Impeller For EXP 160 CT', 6, 17, '16', 1, 2, '1627.00000000', '3254.00000000', 0, 0, 'Purchessed', 1, 1, '1627.00', '1.10'),
(833, 'Oil Levellor Antico Pump', '', 6, 17, '16', 1, 0, '0.00000000', '0.00000000', 0, 0, 'Purchessed', 0, 0, '0.00', '0.00'),
(834, 'Shaft SS 316 NZ ', 'Shaft SS 316 NZ ', 6, 17, '15', 1, 1, '6321.00000000', '6321.00000000', 0, 0, 'Purchessed/Manufactured', 1, 1, '6321.00', '1.10'),
(835, 'Adapter Flange 1.375" Antico', '', 6, 17, '16', 1, 0, '0.00000000', '0.00000000', 0, 0, 'Purchessed', 0, 0, '0.00', '0.00'),
(836, 'Cap Nut TS 105/030', '', 6, 15, '18', 1, 0, '0.00000000', '0.00000000', 0, 0, 'Purchessed', 0, 0, '0.00', '0.00'),
(837, 'Circlip NSS 65 250 W8', 'Circlip NSS 65 250 W8', 6, 15, '85', 1, 2, '678.50000000', '1357.00000000', 0, 0, 'Purchessed', 1, 1, '678.50', '1.10'),
(838, 'Clamping Band T1SB 50.1', '', 6, 15, '19', 1, 0, '0.00000000', '0.00000000', 0, 0, 'Purchessed', 0, 0, '0.00', '0.00'),
(839, 'Coupling JOP T3SA 38/36', 'Coupling JOP T3SA 38/36', 6, 15, '17', 3, 2, '32064.21000000', '64128.00000000', 0, 0, 'Purchessed', 1, 1, '32064.21', '1.10'),
(840, 'Coupling Rod Pin T1SB 50.1', '', 6, 15, '19', 1, 0, '0.00000000', '0.00000000', 0, 0, 'Purchessed', 0, 0, '0.00', '0.00'),
(841, 'Cover Sleeve T1SB 50.1', '', 6, 15, '19', 1, 0, '0.00000000', '0.00000000', 0, 0, 'Purchessed', 0, 0, '0.00', '0.00'),
(842, 'Distance Bush TS 105/030', '', 6, 15, '18', 1, 0, '0.00000000', '0.00000000', 0, 0, 'Purchessed', 0, 0, '0.00', '0.00'),
(843, 'Dowel Pin TS 105/030', '', 6, 15, '18', 1, 0, '0.00000000', '0.00000000', 0, 0, 'Purchessed', 0, 0, '0.00', '0.00'),
(844, 'Gasket NSS 65 250 W8', 'Gasket NSS 65 250 W8', 6, 15, '85', 1, 4, '509.65000000', '2039.00000000', 0, 0, 'Purchessed', 1, 1, '509.65', '1.10'),
(845, 'Gasket & Ball Bearing T3ST 100/42', '', 6, 15, '17', 1, 0, '0.00000000', '0.00000000', 0, 0, 'Purchessed', 0, 0, '0.00', '0.00'),
(846, 'Gasket & Ball Bearing T3ST 52/46', 'Gasket & Ball Bearing T3ST 52/46', 6, 15, '17', 1, 2, '4779.50000000', '9559.00000000', 0, 0, 'Purchessed', 1, 1, '4779.50', '1.10'),
(847, 'Groove Ball Bearing NSS 65 250 W8', 'Groove Ball Bearing NSS 65 250 W8', 6, 15, '85', 1, 2, '4616.12000000', '9232.00000000', 0, 0, 'Purchessed', 1, 1, '4616.12', '1.10'),
(848, 'Guide Bush T1SB 50.1', '', 6, 15, '19', 1, 0, '0.00000000', '0.00000000', 0, 0, 'Purchessed', 0, 0, '0.00', '0.00'),
(849, 'Hexagon Nut NSS 65 250 W8', 'Hexagon Nut NSS 65 250 W8', 6, 15, '85', 1, 1, '813.41000000', '813.00000000', 0, 0, 'Purchessed', 1, 1, '813.41', '1.10'),
(850, 'Impeller NSS 65 250 W8', 'Impeller NSS 65 250 W8', 6, 15, '85', 1, 1, '53893.75000000', '53894.00000000', 0, 0, 'Purchessed', 1, 1, '53893.75', '1.10'),
(851, 'Minor Joint Kit TRF 660', '', 6, 15, '17', 1, 0, '0.00000000', '0.00000000', 0, 0, 'Purchessed', 0, 0, '0.00', '0.00'),
(852, 'Lock nut TS 105/030', '', 6, 15, '18', 1, 0, '0.00000000', '0.00000000', 0, 0, 'Purchessed', 0, 0, '0.00', '0.00'),
(853, 'Mechanical Seal TDSH 088/40', 'Mechanical Seal TDSH 088/40', 6, 15, '18', 1, 3, '4500.00000000', '13500.00000000', 0, 0, 'Purchessed', 1, 1, '4500.00', '1.10'),
(854, 'Retaining Sleeve T1SB 50.1', '', 6, 15, '19', 1, 0, '0.00000000', '0.00000000', 0, 0, 'Purchessed', 0, 0, '0.00', '0.00'),
(855, 'Rotor Set TIGGM 100/50 SSSS', '', 6, 15, '20', 1, 0, '0.00000000', '0.00000000', 0, 0, 'Purchessed', 0, 0, '0.00', '0.00'),
(856, 'Relief Valve Assembly TDSH 088/40', '', 6, 15, '18', 1, 0, '0.00000000', '0.00000000', 0, 0, 'Purchessed', 0, 0, '0.00', '0.00'),
(857, 'Shaft NSS 65 250 W8', 'Shaft NSS 65 250 W8', 6, 15, '85', 1, 1, '63939.40000000', '63939.00000000', 0, 0, 'Purchessed/Manufactured', 1, 0, '63939.40', '1.10'),
(858, 'Supporting Washer NSS 65 250 W8', 'Supporting Washer NSS 65 250 W8', 6, 15, '85', 1, 2, '203.07000000', '406.00000000', 0, 0, 'Purchessed', 1, 1, '203.07', '1.10'),
(859, 'Timing Gear TDSH 088/40', 'Timing Gear TDSH 088/40', 6, 15, '18', 1, 1, '5000.00000000', '5000.00000000', 0, 0, 'Purchessed', 1, 1, '5000.00', '1.10'),
(860, 'Timing Gear TS 105/030', '', 6, 15, '18', 1, 0, '0.00000000', '0.00000000', 0, 0, 'Purchessed', 0, 0, '0.00', '0.00'),
(861, 'Washer Lock TS 105/030', '', 6, 15, '18', 1, 0, '0.00000000', '0.00000000', 0, 0, 'Purchessed', 0, 0, '0.00', '0.00'),
(862, 'Coupling L 075', '', 5, 20, '37', 1, 0, '0.00000000', '0.00000000', 0, 0, 'Purchessed', 10, 10, '0.00', '0.00'),
(863, 'Coupling L 095', '', 5, 20, '37', 1, 0, '0.00000000', '0.00000000', 0, 0, 'Purchessed', 10, 10, '0.00', '0.00'),
(864, 'Coupling L 100', '', 5, 20, '37', 1, 0, '0.00000000', '0.00000000', 0, 0, 'Purchessed', 10, 10, '0.00', '0.00'),
(865, 'Coupling L 110', '', 5, 20, '37', 1, 0, '0.00000000', '0.00000000', 0, 0, 'Purchessed', 10, 10, '0.00', '0.00'),
(866, 'Coupling L 150', '', 5, 20, '37', 1, 0, '0.00000000', '0.00000000', 0, 0, 'Purchessed', 1, 1, '0.00', '0.00'),
(867, 'Coupling L 190', '', 5, 20, '37', 1, 0, '0.00000000', '0.00000000', 0, 0, 'Purchessed', 0, 0, '0.00', '0.00'),
(868, 'Coupling RRL 095', '', 5, 20, '37', 1, 0, '0.00000000', '0.00000000', 0, 0, 'Purchessed', 0, 0, '0.00', '0.00'),
(869, 'Coupling RRL 100', '', 5, 20, '37', 1, 0, '0.00000000', '0.00000000', 0, 0, 'Purchessed', 0, 0, '0.00', '0.00'),
(870, 'Coupling RRL 110', '', 5, 20, '37', 1, 0, '0.00000000', '0.00000000', 0, 0, 'Purchessed', 0, 0, '0.00', '0.00'),
(871, 'Coupling RRL 150', '', 5, 20, '37', 1, 0, '0.00000000', '0.00000000', 0, 0, 'Purchessed', 0, 0, '0.00', '0.00'),
(872, 'Silicon Oil', 'Silicon Oil', 5, 30, '38', 4, 5, '370.10000000', '1850.50000000', 0, 0, 'Purchessed', 1, 1, '370.10', '1.10'),
(873, 'Panel Electronic DPPL', '', 5, 30, '38', 1, 0, '0.00000000', '0.00000000', 0, 0, 'Purchessed', 0, 0, '0.00', '0.00'),
(874, 'Control Panel', 'Control Panel', 5, 30, '38', 1, 3, '6966.00000000', '20898.00000000', 0, 0, 'Purchessed', 1, 1, '6966.00', '1.10'),
(875, 'Starter for Pump / Motor', '', 5, 30, '38', 1, 0, '0.00000000', '0.00000000', 0, 0, 'Purchessed', 0, 0, '0.00', '0.00'),
(876, 'PP Ball Valve', 'PP Ball Valve', 5, 30, '38', 1, 40, '180.00000000', '7200.00000000', 0, 0, 'Purchessed', 1, 1, '180.00', '1.10'),
(877, 'PP Flanges', 'PP Flanges', 5, 30, '38', 1, 104, '247.50000000', '25740.00000000', 0, 0, 'Purchessed', 1, 1, '247.50', '1.10'),
(878, 'PP NRV', 'PP NRV', 5, 30, '38', 1, 12, '220.00000000', '2640.00000000', 0, 0, 'Purchessed', 1, 1, '220.00', '1.10'),
(879, 'REMI 200 Mm Coach Fan CF 20 12V NDX', 'REMI 200 Mm Coach Fan CF 20 12V NDX', 6, 31, '84', 1, 3, '697.75000000', '2093.25000000', 0, 0, 'Purchessed', 1, 1, '697.75', '1.10'),
(880, 'Ball Valve 1.5"', '', 5, 30, '38', 1, 0, '0.00000000', '0.00000000', 0, 0, 'Purchessed', 0, 0, '0.00', '0.00'),
(881, 'Mechfil 0.5" & 1.0" Filter', '', 2, 12, '40', 1, 0, '0.00000000', '0.00000000', 0, 0, 'Purchessed/Manufactured', 0, 0, '0.00', '0.00'),
(882, 'Mechfil 0.5" & 1.0" Filter Element', '', 2, 32, '42', 1, 0, '0.00000000', '0.00000000', 0, 0, 'Purchessed/Manufactured', 0, 0, '0.00', '0.00'),
(883, 'Mechfil 1.5" & 2.0" Filter', '', 2, 12, '40', 1, 0, '0.00000000', '0.00000000', 0, 0, 'Purchessed/Manufactured', 0, 0, '0.00', '0.00'),
(884, 'Mechfil 1.5" & 2.0" Filter Element', '', 2, 32, '42', 1, 0, '0.00000000', '0.00000000', 0, 0, 'Purchessed/Manufactured', 0, 0, '0.00', '0.00'),
(885, 'Mechfil 2.5" & 3.0" Filter', '', 2, 12, '40', 1, 0, '0.00000000', '0.00000000', 0, 0, 'Purchessed/Manufactured', 0, 0, '0.00', '0.00'),
(886, 'Mechfil 2.5" & 3.0" Filter Element', '', 2, 32, '42', 1, 0, '0.00000000', '0.00000000', 0, 0, 'Purchessed/Manufactured', 0, 0, '0.00', '0.00'),
(887, 'Mechfil 6.0" Filter', '', 2, 12, '40', 1, 0, '0.00000000', '0.00000000', 0, 0, 'Purchessed/Manufactured', 0, 0, '0.00', '0.00'),
(888, 'Coupling Guard Mechfill', '', 5, 30, '38', 1, 0, '0.00000000', '0.00000000', 0, 0, 'Purchessed/Manufactured', 0, 0, '0.00', '0.00'),
(889, 'Coupling Guard Antico', '', 5, 30, '38', 1, 0, '0.00000000', '0.00000000', 0, 0, 'Purchessed/Manufactured', 0, 0, '0.00', '0.00'),
(890, '4" Cutting Wheel', '', 5, 30, '43', 1, 0, '0.00000000', '0.00000000', 0, 0, 'Purchessed', 0, 0, '0.00', '0.00'),
(891, '4" Grinding Wheel', '', 5, 30, '43', 1, 0, '0.00000000', '0.00000000', 0, 0, 'Purchessed', 0, 0, '0.00', '0.00'),
(892, 'Tape for Packing', '', 5, 30, '43', 1, 0, '0.00000000', '0.00000000', 0, 0, 'Purchessed', 0, 0, '0.00', '0.00'),
(893, 'Priming Chamber Antico', '', 6, 17, '15', 1, 0, '0.00000000', '0.00000000', 0, 0, 'Purchessed/Manufactured', 0, 0, '0.00', '0.00'),
(894, '3" Channel', '3" Channel', 5, 30, '38', 5, 0, '0.00000000', '0.00000000', 0, 0, 'Purchessed', 0, 0, '0.00', '0.00'),
(895, '4" Channel', '4" Channel', 5, 30, '38', 5, 0, '0.00000000', '0.00000000', 0, 0, 'Purchessed', 0, 0, '0.00', '0.00'),
(896, 'Tools for Lathe Machine', '', 5, 30, '43', 1, 0, '0.00000000', '0.00000000', 0, 0, 'Purchessed', 0, 0, '0.00', '0.00'),
(897, 'Base Frame 3"', 'Base Frame 3"', 5, 30, '38', 1, 0, '0.00000000', '0.00000000', 0, 0, 'Purchessed/Manufactured', 0, 0, '0.00', '0.00'),
(898, 'Base Frame 4"', '', 5, 30, '38', 1, 0, '0.00000000', '0.00000000', 0, 0, 'Purchessed/Manufactured', 0, 0, '0.00', '0.00'),
(899, 'Cable 6 Core ( 3 *4mm and 3 * 1.5mm )', '', 6, 4, '53', 2, 0, '0.00000000', '0.00000000', 0, 0, 'Purchessed/Manufactured', 0, 0, '0.00', '0.00'),
(900, 'NZ 25 125 Pump SO Impeller with Motor', '', 7, 27, '27', 3, 0, '0.00000000', '0.00000000', 0, 0, 'Purchessed/Manufactured', 0, 0, '0.00', '0.00'),
(901, 'NZ 32 125 Pump SO Impeller with Motor', '', 7, 27, '27', 3, 0, '0.00000000', '0.00000000', 0, 0, 'Purchessed/Manufactured', 0, 0, '0.00', '0.00'),
(902, 'NZ 50 125 Pump SO Impeller with Motor', '', 7, 27, '27', 3, 0, '0.00000000', '0.00000000', 0, 0, 'Purchessed/Manufactured', 0, 0, '0.00', '0.00'),
(903, 'NZ 25 160 Pump SO Impeller with Motor', '', 7, 27, '27', 3, 0, '0.00000000', '0.00000000', 0, 0, 'Purchessed/Manufactured', 0, 0, '0.00', '0.00'),
(904, 'NZ 32 160 Pump SO Impeller with Motor', '', 7, 27, '27', 3, 0, '0.00000000', '0.00000000', 0, 0, 'Purchessed/Manufactured', 0, 0, '0.00', '0.00'),
(905, 'NZ 50 160 Pump SO Impeller with Motor', '', 7, 27, '27', 3, 0, '0.00000000', '0.00000000', 0, 0, 'Purchessed/Manufactured', 0, 0, '0.00', '0.00'),
(906, 'NZ 25 160 Pump SO Impeller with Motor', '', 7, 27, '27', 3, 0, '0.00000000', '0.00000000', 0, 0, 'Purchessed/Manufactured', 0, 0, '0.00', '0.00'),
(907, 'NZ 50 200 Pump SO Impeller with Motor', '', 7, 27, '27', 3, 0, '0.00000000', '0.00000000', 0, 0, 'Purchessed/Manufactured', 0, 0, '0.00', '0.00'),
(908, 'NZ 25 125 Pump Closed Impeller with Motor', '', 7, 27, '27', 3, 0, '0.00000000', '0.00000000', 0, 0, 'Purchessed/Manufactured', 0, 0, '0.00', '0.00'),
(909, 'NZ 32 125 Pump Closed Impeller with Motor', '', 7, 27, '27', 3, 0, '0.00000000', '0.00000000', 0, 0, 'Purchessed/Manufactured', 0, 0, '0.00', '0.00'),
(910, 'NZ 50 125 Pump Closed Impeller with Motor', '', 7, 27, '27', 3, 0, '0.00000000', '0.00000000', 0, 0, 'Purchessed/Manufactured', 0, 0, '0.00', '0.00'),
(911, 'NZ 25 160 Pump Closed Impeller with Motor', '', 7, 27, '27', 3, 0, '0.00000000', '0.00000000', 0, 0, 'Purchessed/Manufactured', 0, 0, '0.00', '0.00'),
(912, 'NZ 32 160 Pump Closed Impeller with Motor', '', 7, 27, '27', 3, 0, '0.00000000', '0.00000000', 0, 0, 'Purchessed/Manufactured', 0, 0, '0.00', '0.00'),
(913, 'NZ 50 160 Pump Closed Impeller with Motor', '', 7, 27, '27', 3, 0, '0.00000000', '0.00000000', 0, 0, 'Purchessed/Manufactured', 0, 0, '0.00', '0.00'),
(914, 'NZ 25 160 Pump Closed Impeller with Motor', '', 7, 27, '27', 3, 0, '0.00000000', '0.00000000', 0, 0, 'Purchessed/Manufactured', 0, 0, '0.00', '0.00'),
(915, 'NZ 50 200 Pump Closed Impeller with Motor', '', 7, 27, '27', 3, 0, '0.00000000', '0.00000000', 0, 0, 'Purchessed/Manufactured', 0, 0, '0.00', '0.00'),
(916, 'Traneter Plate Type Heat Exchanger', '', 8, 33, '44', 1, 0, '0.00000000', '0.00000000', 0, 0, 'Purchessed', 0, 0, '0.00', '0.00'),
(917, 'Mechfill Cooling Unit with Simplex Filter', '', 4, 34, '45', 3, 0, '0.00000000', '0.00000000', 0, 0, 'Purchessed/Manufactured', 0, 0, '0.00', '0.00'),
(918, 'Mechfill Cooling Unit with Duplex Filter', '', 4, 34, '45', 3, 0, '0.00000000', '0.00000000', 0, 0, 'Purchessed/Manufactured', 0, 0, '0.00', '0.00'),
(919, 'Mechfill Cooling Unit without Filter', '', 4, 34, '45', 3, 0, '0.00000000', '0.00000000', 0, 0, 'Purchessed/Manufactured', 0, 0, '0.00', '0.00'),
(920, 'NSRP 50 Pump Closed Impeller with Motor', '', 7, 27, '46', 3, 0, '0.00000000', '0.00000000', 0, 0, 'Purchessed/Manufactured', 0, 0, '0.00', '0.00'),
(921, 'RT 10 Pump with Motor', '', 7, 22, '22', 3, 0, '0.00000000', '0.00000000', 0, 0, 'Purchessed/Manufactured', 0, 0, '0.00', '0.00'),
(922, 'RT 20 Pump with Motor', '', 7, 22, '22', 3, 0, '0.00000000', '0.00000000', 0, 0, 'Purchessed/Manufactured', 0, 0, '0.00', '0.00'),
(923, 'RT 40 Pump with Motor', '', 7, 22, '22', 3, 0, '0.00000000', '0.00000000', 0, 0, 'Purchessed/Manufactured', 0, 0, '0.00', '0.00'),
(924, 'RT 80 Pump with Motor', '', 7, 22, '22', 3, 0, '0.00000000', '0.00000000', 0, 0, 'Purchessed/Manufactured', 0, 0, '0.00', '0.00'),
(925, 'RT 125 Pump with Motor', '', 7, 22, '22', 3, 0, '0.00000000', '0.00000000', 0, 0, 'Purchessed/Manufactured', 0, 0, '0.00', '0.00'),
(926, 'WV 03 L/40', 'Waste Water Pump', 1, 4, '52', 1, 0, '0.00000000', '0.00000000', 0, 0, 'Purchessed', 0, 0, '0.00', '0.00'),
(927, 'CCR 32 160  With Motor', 'CCR 32 160  With Motor', 7, 26, '28', 3, 0, '0.00000000', '0.00000000', 0, 0, 'Manufactured', 0, 0, '1.00', '1.10');
INSERT INTO `items` (`id`, `name`, `alias`, `item_category_id`, `item_group_id`, `item_sub_group_id`, `unit_id`, `ob_quantity`, `ob_rate`, `ob_value`, `freeze`, `serial_number_enable`, `source`, `minimum_quantity`, `maximum_quantity`, `dynamic_cost`, `minimum_selling_price_factor`) VALUES
(928, 'CCR 65 125 With Motor', 'CCR 65 125 With Motor', 7, 26, '28', 3, 0, '0.00000000', '0.00000000', 0, 0, 'Manufactured', 0, 0, '0.00', '0.00'),
(929, 'CN 100 400', 'CN 100 400', 1, 1, '1', 1, 0, '0.00000000', '0.00000000', 0, 0, 'Purchessed', 0, 0, '0.00', '0.00'),
(930, 'CCR 40 160 With Motor', 'CCR 40 160 With Motor', 7, 26, '28', 3, 0, '0.00000000', '0.00000000', 0, 0, 'Manufactured', 0, 0, '0.00', '0.00'),
(931, 'S 630', 'S 630', 1, 4, '65', 1, 0, '0.00000000', '0.00000000', 0, 0, 'Purchessed', 0, 0, '0.00', '0.00'),
(932, 'CB 40C 160', 'CB 40C 160', 1, 1, '61', 1, 0, '0.00000000', '0.00000000', 0, 0, 'Purchessed', 0, 0, '0.00', '0.00'),
(933, 'ED-03', 'ED-03', 1, 3, '24', 1, 1, '0.00000000', '0.00000000', 0, 1, 'Purchessed', 1, 1, '0.00', '1.10'),
(934, 'LJ 10', 'LJ 10', 1, 4, '64', 1, 0, '0.00000000', '0.00000000', 0, 0, 'Purchessed', 0, 0, '0.00', '0.00'),
(935, 'LJ 15', 'LJ 15', 1, 4, '64', 1, 0, '0.00000000', '0.00000000', 0, 0, 'Purchessed', 0, 0, '0.00', '0.00'),
(936, 'NZ 25 160 Pump Semi Open Impeller With Motor', 'NZ 25 160 Pump Semi Open Impeller With Motor', 7, 27, '27', 3, 0, '0.00000000', '0.00000000', 0, 0, 'Manufactured', 0, 0, '0.00', '0.00'),
(938, 'CN 40 160 With Motor', 'CN 40 160 With Motor', 7, 26, '62', 3, 0, '0.00000000', '0.00000000', 0, 0, 'Purchessed/Manufactured', 0, 0, '0.00', '0.00'),
(940, 'T3 SFP 20/56 ', 'T3 SFP 20/56 ', 1, 2, '8', 1, 0, '0.00000000', '0.00000000', 0, 0, 'Purchessed', 0, 0, '0.00', '0.00'),
(941, 'CCR 125 315  With Motor', 'CCR 125 315  With Motor', 7, 26, '28', 3, 0, '0.00000000', '0.00000000', 0, 0, 'Manufactured', 0, 0, '0.00', '0.00'),
(942, 'Shaft For CN 80 200', 'Shaft For CN 80 200', 6, 16, '13', 1, 0, '0.00000000', '0.00000000', 0, 0, 'Purchessed/Manufactured', 0, 0, '0.00', '0.00'),
(943, 'Bearing Housing CN 80 200', 'Bearing Housing CN 80 200', 6, 16, '13', 1, 0, '0.00000000', '0.00000000', 0, 0, 'Purchessed', 0, 0, '0.00', '0.00'),
(944, 'Bronze Impeller CN 80 200', 'Bronze Impeller CN 80 200', 6, 16, '13', 1, 0, '0.00000000', '0.00000000', 0, 0, 'Purchessed', 0, 0, '0.00', '0.00'),
(945, 'CI Impeller CN 100 315', 'CI Impeller CN 100 315', 6, 16, '13', 1, 0, '0.00000000', '0.00000000', 0, 0, 'Purchessed', 0, 0, '0.00', '0.00'),
(946, 'M 3080', 'M 3080', 1, 4, '65', 1, 0, '0.00000000', '0.00000000', 0, 0, 'Purchessed', 0, 0, '0.00', '0.00'),
(947, 'Cartridge Assembly T3 S 45', 'Cartridge Assembly T3 S 45', 6, 15, '17', 3, 0, '0.00000000', '0.00000000', 0, 0, 'Purchessed', 0, 0, '0.00', '0.00'),
(948, 'Gasket  T3 S  45', 'Gasket  T3 S 45', 6, 15, '17', 3, 0, '0.00000000', '0.00000000', 0, 0, 'Purchessed', 0, 0, '0.00', '0.00'),
(949, 'Bearing Housing KGEN 21 8 ', 'Bearing Housing KGEN 21 8 ', 6, 16, '11', 1, 0, '0.00000000', '0.00000000', 0, 0, 'Purchessed', 0, 0, '0.00', '0.00'),
(950, 'CN 150 400 G1 S2 L3', 'CN Pump', 1, 1, '1', 1, 0, '0.00000000', '0.00000000', 0, 0, 'Purchessed', 0, 0, '0.00', '0.00'),
(951, 'Impeller Cap Nut SS 316 (1820) CN 100 / 200-160, 80 To 200-200, 65 To 125-250, 40 To 100-315', 'Impeller Cap Nut (1820)', 6, 16, '13', 1, 0, '0.00000000', '0.00000000', 0, 0, 'Purchessed', 0, 0, '0.00', '0.00'),
(952, 'Shaft Sleeve SS (S2) (1100) CN 100-160, 80 To 200-200, 65 To 125-250, 40 To 100-315', 'Shaft Sleeve (1100)', 6, 16, '13', 1, 0, '0.00000000', '0.00000000', 0, 0, 'Purchessed/Manufactured', 0, 0, '0.00', '0.00'),
(953, 'Shaft Sleeve SS (S2) (1100) CCR 32 To 65-125, 32 To 50-160, 32 To 50-200', 'Shaft Sleeve SS S2 (1100) CCR', 6, 16, '25', 1, 0, '0.00000000', '0.00000000', 0, 0, 'Purchessed/Manufactured', 0, 0, '0.00', '0.00'),
(954, 'CCR 25 125 R6 M2 L3', 'CCR 25 125 R6 M2 L3', 1, 1, '2', 1, 0, '0.00000000', '0.00000000', 0, 0, 'Purchessed', 0, 0, '0.00', '0.00'),
(955, 'CCR 32 125 R6 M2 L3', 'CCR 32 125 R6 M2 L3', 1, 1, '2', 1, 0, '0.00000000', '0.00000000', 0, 0, 'Purchessed', 0, 0, '0.00', '0.00'),
(956, 'Shaft Sleeve SS (M2) (1200) CCR 25-125,25-160', 'Shaft Sleeve M2', 6, 16, '25', 1, 0, '0.00000000', '0.00000000', 0, 0, 'Purchessed/Manufactured', 0, 0, '0.00', '0.00'),
(957, 'Shaft Sleeve SS (M2) (1200) CCR 32 To 65-125,32 To 50-160,32 To 50-200', 'Shaft Sleeve M2', 6, 16, '25', 1, 0, '0.00000000', '0.00000000', 0, 0, 'Purchessed/Manufactured', 0, 0, '0.00', '0.00'),
(958, 'WP 05D/35', 'WP 05D 35', 1, 4, '52', 1, 0, '0.00000000', '0.00000000', 0, 0, 'Purchessed', 0, 0, '0.00', '0.00'),
(959, 'Shaft Sleeve SS (M2) (1200) CCR 32 To 80-250,40 To 50-315,65 To 80-160,65 To 100-200', 'Shaft Sleeve M2', 6, 16, '25', 1, 0, '0.00000000', '0.00000000', 0, 0, 'Purchessed/Manufactured', 0, 0, '0.00', '0.00'),
(960, 'CCR 65 160 R6 M2 L3', 'CCR 65 160 R6 M2 L3', 1, 1, '2', 1, 0, '0.00000000', '0.00000000', 0, 0, 'Purchessed', 0, 0, '0.00', '0.00'),
(961, 'CI Impeller CN 25 160', 'CI Impeller CN 25 160', 6, 16, '13', 1, 0, '0.00000000', '0.00000000', 0, 0, 'Purchessed', 0, 0, '0.00', '0.00'),
(962, 'CCR 65C 160 R6 M2 L3', 'CCR 65C 160 R6 M2 L3', 1, 1, '2', 1, 0, '0.00000000', '0.00000000', 0, 0, 'Purchessed', 0, 0, '0.00', '0.00'),
(963, 'SS Impeller CN 25 160 ', 'SS Impeller CN 25 160 ', 6, 16, '13', 1, 0, '0.00000000', '0.00000000', 0, 0, 'Purchessed', 0, 0, '0.00', '0.00'),
(964, 'CCR 25 160 R6 M2 L3', 'CCR 25 160 R6 M2 L3', 1, 1, '2', 1, 0, '0.00000000', '0.00000000', 0, 0, 'Purchessed', 0, 0, '0.00', '0.00'),
(965, 'CI Bearing Cover CN 25 160 ', 'CI Bearing Cover CN 25 160 ', 6, 16, '13', 1, 0, '0.00000000', '0.00000000', 0, 0, 'Purchessed', 0, 0, '0.00', '0.00'),
(966, 'Pump Casing CN 25 160', 'Pump Casing CN 25 160', 6, 16, '13', 1, 0, '0.00000000', '0.00000000', 0, 0, 'Purchessed', 1, 1, '0.00', '0.00'),
(967, 'Stuffing Box CN 25 160 ', 'Stuffing Box CN 25 160 ', 6, 16, '13', 1, 0, '0.00000000', '0.00000000', 0, 0, 'Purchessed', 1, 1, '0.00', '0.00'),
(968, 'CCR 32C 125 R6 M2 L3', 'CCR 32C 125 R6 M2 L3', 1, 1, '2', 1, 0, '0.00000000', '0.00000000', 0, 0, 'Purchessed', 0, 0, '0.00', '0.00'),
(969, 'CCR 32 160 R6 M2 L3', 'CCR 32 160 R6 M2 L3', 1, 1, '2', 1, 0, '0.00000000', '0.00000000', 0, 0, 'Purchessed', 0, 0, '0.00', '0.00'),
(970, 'CCR 32 200 R6 M2 L3', 'CCR 32 200 R6 M2 L3', 1, 1, '2', 1, 0, '0.00000000', '0.00000000', 0, 0, 'Purchessed', 0, 0, '0.00', '0.00'),
(971, 'DT 33', 'DT 33', 1, 4, '52', 1, 0, '0.00000000', '0.00000000', 0, 0, 'Purchessed', 0, 0, '0.00', '0.00'),
(972, 'HD 2017 / SZ With Motor', 'HD 2017 / SZ With Motor', 7, 28, '66', 3, 0, '0.00000000', '0.00000000', 0, 0, 'Purchessed/Manufactured', 0, 0, '0.00', '0.00'),
(973, 'CN 125 400 G1 S2 L3', 'CN 125 400 G1 S2 L3', 1, 1, '1', 1, 0, '0.00000000', '0.00000000', 0, 0, 'Purchessed', 0, 0, '0.00', '0.00'),
(974, 'CN 125 400 With Motor', 'CN 125 400 With Motor', 7, 26, '62', 3, 0, '0.00000000', '0.00000000', 0, 0, 'Purchessed/Manufactured', 0, 0, '0.00', '0.00'),
(975, 'CCR 25 125 With Motor', 'CCR 25 125 With Motor', 7, 26, '63', 3, 0, '0.00000000', '0.00000000', 0, 0, 'Purchessed/Manufactured', 0, 0, '0.00', '0.00'),
(976, 'TGL 047 2 V', 'TGL 047 2 V', 1, 1, '67', 1, 1, '12440.00000000', '12440.00000000', 0, 1, 'Purchessed', 1, 1, '12500.00', '1.10'),
(977, 'Pump Casing WV 01 L/40', 'Pump Casing WV 01 L/40', 6, 18, '68', 1, 0, '0.00000000', '0.00000000', 0, 0, 'Purchessed', 0, 0, '0.00', '0.00'),
(978, 'Stationary Part 1.375', 'Stationary Part 1.375 ', 6, 17, '16', 1, 0, '0.00000000', '0.00000000', 0, 0, 'Purchessed', 0, 0, '0.00', '0.00'),
(979, 'Rotary Part 1.375', 'Rotay Part 1.375', 6, 17, '16', 1, 0, '0.00000000', '0.00000000', 0, 0, 'Purchessed', 0, 0, '0.00', '0.00'),
(980, 'FRE 80 170 With Motor', 'FRE 80 170 With Motor', 7, 26, '69', 1, 0, '0.00000000', '0.00000000', 0, 0, 'Manufactured', 0, 0, '0.00', '0.00'),
(981, 'CCR 40 250 With Motor', 'CCR 40 250 With Motor', 7, 26, '63', 1, 0, '0.00000000', '0.00000000', 0, 0, 'Manufactured', 0, 0, '0.00', '0.00'),
(982, 'ED-01', 'ED-01', 1, 3, '24', 1, 9, '3400.00000000', '30600.00000000', 0, 1, 'Purchessed', 1, 1, '3400.00', '1.10'),
(983, 'Rotor Set R 50 SL', 'Rotor Set R 50 SL', 6, 15, '20', 5, 0, '0.00000000', '0.00000000', 0, 0, 'Purchessed', 0, 0, '0.00', '0.00'),
(984, 'Shaft HE 120', 'Shaft HE 120', 6, 17, '33', 1, 0, '0.00000000', '0.00000000', 0, 0, 'Manufactured', 1, 1, '0.00', '0.00'),
(985, 'Pump Casing KGEN 16 3', 'Pump Casing KGEN 16 3', 6, 16, '11', 1, 0, '0.00000000', '0.00000000', 0, 0, 'Purchessed', 0, 0, '0.00', '0.00'),
(986, 'WW 201', 'WW 201', 1, 4, '52', 1, 0, '0.00000000', '0.00000000', 0, 0, 'Purchessed', 0, 0, '0.00', '0.00'),
(987, 'CN 32 200 G1 S2 L3 With Motor', 'CN 32 200 G1 S2 L3 With Motor', 7, 26, '62', 3, 0, '0.00000000', '0.00000000', 0, 0, 'Manufactured', 0, 0, '0.00', '0.00'),
(988, 'CBR 25 125 R4', 'CBR 25 125 R4', 1, 1, '61', 1, 1, '18710.00000000', '18710.00000000', 0, 1, 'Purchessed', 1, 1, '18710.00', '1.10'),
(989, 'MCH / MCV 14', 'MCH / MCV 14', 1, 1, '3', 1, 1, '24098.00000000', '24098.00000000', 0, 1, 'Purchessed', 1, 1, '24098.00', '1.10'),
(990, 'CCR 40 250 R6 S2 L3', 'CCR 40 250 R6A/R6  S2 L3', 1, 1, '2', 1, 1, '61162.00000000', '61162.00000000', 0, 1, 'Purchessed', 1, 1, '61162.00', '1.10'),
(991, 'CCR 40C 160 R6 S2 L3', 'CCR 40C 160 R6 S2 L3', 1, 1, '2', 1, 1, '28671.00000000', '28671.00000000', 0, 1, 'Purchessed', 1, 1, '28671.00', '1.10'),
(992, 'CCR 65 250 R1 S2 L3', 'CCR 65 250 R1 S2 L3', 1, 1, '2', 1, 1, '25243.00000000', '25243.00000000', 0, 1, 'Purchessed', 1, 1, '25243.00', '1.10'),
(993, 'CN 40 125 G1 S2 L3', 'CN 40 125 G1 S2 L3', 1, 1, '1', 1, 1, '10802.00000000', '10802.00000000', 0, 1, 'Purchessed', 1, 1, '10802.00', '1.10'),
(994, 'CN 40 200 G1 S2 L1', 'CN 40 200 G1 S2 L1', 1, 1, '1', 1, 2, '10282.00000000', '20564.00000000', 0, 1, 'Purchessed', 1, 1, '10282.00', '1.10'),
(995, 'CN 65 250 G1 S2 L3', 'CN 65 250 G1 S2 L3', 1, 1, '1', 1, 1, '16686.00000000', '16686.00000000', 0, 1, 'Purchessed', 1, 1, '16686.00', '1.10'),
(996, 'Sealing Ring (12) HD 2017', 'Sealing Ring (12) HD 2017', 6, 19, '70', 1, 0, '0.00000000', '0.00000000', 0, 0, 'Purchessed', 0, 0, '0.00', '0.00'),
(997, 'Valve Cage (16) HD 2017', 'Valve Cage (16) HD 2017', 6, 19, '70', 1, 0, '0.00000000', '0.00000000', 0, 0, 'Purchessed', 0, 0, '0.00', '0.00'),
(999, 'Liquid Head (1) HD 2017', 'Liquid Head (1) HD 2017', 6, 19, '70', 1, 0, '0.00000000', '0.00000000', 0, 0, 'Purchessed', 0, 0, '0.00', '0.00'),
(1001, 'Hose Nipple (18) HD 2017', 'Hose Nipple (18) HD 2017', 6, 19, '70', 1, 0, '0.00000000', '0.00000000', 0, 0, 'Purchessed', 0, 0, '0.00', '0.00'),
(1002, 'Plain Washer (33) HD 2017', 'Plain Washer (33) HD 2017', 6, 19, '70', 1, 0, '0.00000000', '0.00000000', 0, 0, 'Purchessed', 0, 0, '0.00', '0.00'),
(1003, 'Allen Bolt (35) HD 2017', 'Allen Bolt (35) HD 2017', 6, 19, '70', 1, 0, '0.00000000', '0.00000000', 0, 0, 'Purchessed', 0, 0, '0.00', '0.00'),
(1004, 'Circlip (36) HD 2017', 'Circlip (36) HD 2017', 6, 19, '70', 1, 0, '0.00000000', '0.00000000', 0, 0, 'Purchessed', 0, 0, '0.00', '0.00'),
(1005, 'SL Guide (37) HD 2017', 'SL Guide (37) HD 2017', 6, 19, '70', 1, 0, '0.00000000', '0.00000000', 0, 0, 'Purchessed', 0, 0, '0.00', '0.00'),
(1006, 'Allen Bolt (38) HD 2017', 'Allen Bolt (38) HD 2017', 6, 19, '70', 1, 0, '0.00000000', '0.00000000', 0, 0, 'Purchessed', 0, 0, '0.00', '0.00'),
(1007, 'Circlip (42) HD 2017', 'Circlip (42) HD 2017', 6, 19, '70', 1, 0, '0.00000000', '0.00000000', 0, 0, 'Purchessed', 0, 0, '0.00', '0.00'),
(1008, 'Nail 1"', 'Nail 1"', 5, 30, '38', 8, 0, '0.00000000', '0.00000000', 0, 0, 'Purchessed', 500, 1000, '0.00', '0.00'),
(1009, 'Top Cover (44) HD 2017', 'Top Cover (44) HD 2017', 6, 19, '70', 1, 0, '0.00000000', '0.00000000', 0, 0, 'Purchessed', 0, 0, '0.00', '0.00'),
(1010, 'SL Screw (45) HD 2017', 'SL Screw (45) HD 2017', 6, 19, '70', 1, 0, '0.00000000', '0.00000000', 0, 0, 'Purchessed', 0, 0, '0.00', '0.00'),
(1011, 'SL Indicator (46) HD 2017', 'SL Indicator (46) HD 2017', 6, 19, '70', 1, 0, '0.00000000', '0.00000000', 0, 0, 'Purchessed', 0, 0, '0.00', '0.00'),
(1012, 'Grubs Screw (49) HD 2017', 'Grubs Screw (49) HD 2017', 6, 19, '70', 1, 0, '0.00000000', '0.00000000', 0, 0, 'Purchessed', 0, 0, '0.00', '0.00'),
(1013, 'Barrel (50) HD 2017', 'Barrel (50) HD 2017', 6, 19, '70', 1, 0, '0.00000000', '0.00000000', 0, 0, 'Purchessed', 0, 0, '0.00', '0.00'),
(1014, 'Valve Seat (13) HD 2017', 'Valve Seat (13) HD 2017', 6, 19, '70', 1, 0, '0.00000000', '0.00000000', 0, 0, 'Purchessed', 0, 0, '0.00', '0.00'),
(1015, 'GI Bolt 6 X 25 MM', 'GI Bolt 6 X 25 MM', 5, 30, '38', 1, 0, '0.00000000', '0.00000000', 0, 0, 'Purchessed', 20, 50, '0.00', '0.00'),
(1016, 'GI Bolt 6 X35 MM', 'GI Bolt 6 X 35 MM', 5, 30, '38', 1, 0, '0.00000000', '0.00000000', 0, 0, 'Purchessed', 20, 50, '0.00', '0.00'),
(1017, 'GI Bolt 8 X 25 MM', 'GI Bolt 8 X 25 MM', 5, 30, '38', 1, 0, '0.00000000', '0.00000000', 0, 0, 'Purchessed', 20, 50, '0.00', '0.00'),
(1018, 'GI Bolt 8 X 35 MM', 'GI Bolt 8 X 35 MM', 5, 30, '43', 1, 0, '0.00000000', '0.00000000', 0, 0, 'Purchessed', 0, 0, '0.00', '0.00'),
(1019, 'GI Bolt 8 X 50 MM', 'GI Bolt 8 X 50 MM', 5, 30, '43', 1, 0, '0.00000000', '0.00000000', 0, 0, 'Purchessed', 0, 0, '0.00', '0.00'),
(1020, 'GI Bolt 10 X 25 MM', 'GI Bolt 10 X 25 MM', 5, 30, '43', 1, 0, '0.00000000', '0.00000000', 0, 0, 'Purchessed', 0, 0, '0.00', '0.00'),
(1021, 'GI Bolt 10 X 35 MM', 'GI Bolt 10 X 35 MM', 5, 30, '43', 1, 0, '0.00000000', '0.00000000', 0, 0, 'Purchessed', 0, 0, '0.00', '0.00'),
(1022, 'GI Bolt 10 X 50 MM', 'GI Bolt 10 X 50 MM', 5, 30, '43', 1, 0, '0.00000000', '0.00000000', 0, 0, 'Purchessed', 0, 0, '0.00', '0.00'),
(1023, 'GI Bolt 12 X 25 MM', 'GI Bolt 12 X 25 MM', 5, 30, '43', 1, 0, '0.00000000', '0.00000000', 0, 0, 'Purchessed', 0, 0, '0.00', '0.00'),
(1024, 'GI Bolt 12 X 35 MM', 'GI Bolt 12 X 35 MM', 5, 30, '43', 1, 0, '0.00000000', '0.00000000', 0, 0, '', 0, 0, '0.00', '0.00'),
(1025, 'GI Bolt 12 X 50 MM', 'GI Bolt 12 X 50 MM', 5, 30, '43', 1, 0, '0.00000000', '0.00000000', 0, 0, 'Purchessed', 0, 0, '0.00', '0.00'),
(1026, 'GI Bolt 16 X 50 MM', 'GI Bolt 16 X 50 MM', 5, 30, '43', 1, 0, '0.00000000', '0.00000000', 0, 0, 'Purchessed', 0, 0, '0.00', '0.00'),
(1027, 'GI Bolt 16 X 75 MM', 'GI Bolt 16 X 75 MM', 5, 30, '43', 1, 0, '0.00000000', '0.00000000', 0, 0, 'Purchessed', 0, 0, '0.00', '0.00'),
(1028, 'GI Nut 6 MM', 'GI Nut 6 MM', 5, 30, '43', 1, 0, '0.00000000', '0.00000000', 0, 0, 'Purchessed', 0, 0, '0.00', '0.00'),
(1029, 'GI Nut 8 MM', 'GI Nut 8 MM', 5, 30, '43', 1, 0, '0.00000000', '0.00000000', 0, 0, 'Purchessed', 0, 0, '0.00', '0.00'),
(1030, 'GI Nut 10 MM', 'GI Nut 10 MM', 5, 30, '43', 1, 0, '0.00000000', '0.00000000', 0, 0, 'Purchessed', 0, 0, '0.00', '0.00'),
(1031, 'GI Nut 12 MM', 'GI Nut 12 MM', 5, 30, '43', 1, 0, '0.00000000', '0.00000000', 0, 0, 'Purchessed', 0, 0, '0.00', '0.00'),
(1032, 'GI Nut 16 MM', 'GI Nut 16 MM', 5, 30, '43', 1, 0, '0.00000000', '0.00000000', 0, 0, 'Purchessed', 0, 0, '0.00', '0.00'),
(1033, 'GI Washer 6 MM', 'GI Washer 6 MM', 5, 30, '43', 1, 0, '0.00000000', '0.00000000', 0, 0, 'Purchessed', 0, 0, '0.00', '0.00'),
(1034, 'GI Washer 8 MM', 'GI Washer 8 MM', 5, 30, '43', 1, 0, '0.00000000', '0.00000000', 0, 0, 'Purchessed', 0, 0, '0.00', '0.00'),
(1035, 'GI Washer 10 MM', 'GI Washer 10 MM', 5, 30, '43', 1, 0, '0.00000000', '0.00000000', 0, 0, 'Purchessed', 0, 0, '0.00', '0.00'),
(1036, 'GI Washer 12 MM', 'GI Washer 12 MM', 5, 30, '43', 1, 0, '0.00000000', '0.00000000', 0, 0, 'Purchessed', 0, 0, '0.00', '0.00'),
(1037, 'GI Washer 16 MM', 'GI Washer 16 MM', 5, 30, '43', 1, 0, '0.00000000', '0.00000000', 0, 0, 'Purchessed', 0, 0, '0.00', '0.00'),
(1038, 'Channel 3"', 'Channel 3"', 5, 30, '43', 6, 0, '0.00000000', '0.00000000', 0, 0, 'Purchessed', 0, 0, '0.00', '0.00'),
(1039, 'Channel 4"', 'Channel 4"', 5, 30, '43', 6, 0, '0.00000000', '0.00000000', 0, 0, 'Purchessed', 0, 0, '0.00', '0.00'),
(1040, 'Angle 1.5"', 'Angle 1.5"', 5, 30, '43', 6, 0, '0.00000000', '0.00000000', 0, 0, 'Purchessed', 0, 0, '0.00', '0.00'),
(1041, 'MS Pattha 10 X 40 MM', 'MS Pattha 10 X 40 MM', 5, 30, '43', 6, 0, '0.00000000', '0.00000000', 0, 0, 'Purchessed', 0, 0, '0.00', '0.00'),
(1042, 'Paint Colour OX Blue', 'Paint Colour OX Blue', 5, 30, '43', 4, 0, '0.00000000', '0.00000000', 0, 0, 'Purchessed', 0, 0, '0.00', '0.00'),
(1043, 'Paint Colour Sky Blue', 'Paint Colour Sky Blue', 5, 30, '43', 4, 0, '0.00000000', '0.00000000', 0, 0, 'Purchessed', 0, 0, '0.00', '0.00'),
(1044, 'Paint Colour Black', 'Paint Colour Black', 5, 30, '43', 4, 0, '0.00000000', '0.00000000', 0, 0, 'Purchessed', 0, 0, '0.00', '0.00'),
(1045, 'Paint Red Oxide', 'Paint Red Oxide', 5, 30, '43', 4, 0, '0.00000000', '0.00000000', 0, 0, 'Purchessed', 0, 0, '0.00', '0.00'),
(1046, 'Paint Thiner', 'Paint Thiner', 5, 30, '43', 4, 0, '0.00000000', '0.00000000', 0, 0, 'Purchessed', 0, 0, '0.00', '0.00'),
(1047, 'Paint Brush 2"', 'Paint Brush 2"', 5, 30, '43', 1, 0, '0.00000000', '0.00000000', 0, 0, 'Purchessed', 0, 0, '0.00', '0.00'),
(1048, 'Name Plate STL', 'Name Plate STL', 5, 30, '43', 1, 0, '0.00000000', '0.00000000', 0, 0, 'Purchessed', 0, 0, '0.00', '0.00'),
(1049, 'Coupling Guard Sheet', 'Coupling Guard Sheet', 5, 30, '38', 9, 0, '0.00000000', '0.00000000', 0, 0, 'Purchessed', 0, 0, '0.00', '0.00'),
(1050, 'Base Frame Antico', 'Base Frame Antico', 5, 30, '38', 1, 0, '0.00000000', '0.00000000', 0, 0, 'Purchessed', 0, 0, '0.00', '0.00'),
(1051, 'Bottom End Shield (02) 4DRR 40J / 32', 'Bottom End Shield (02) 4DRR 40J / 32', 6, 18, '73', 1, 0, '0.00000000', '0.00000000', 0, 0, 'Purchessed', 0, 0, '0.00', '0.00'),
(1052, 'Top End Shield (03) 4DRR 40J / 32', 'Top End Shield (03) 4DRR 40J / 32', 6, 18, '73', 1, 0, '0.00000000', '0.00000000', 0, 0, 'Purchessed', 0, 0, '0.00', '0.00'),
(1053, 'Suction Stand (04) 4DRR 40J / 32', 'Suction Stand (04) 4DRR 40J / 32', 6, 18, '73', 1, 0, '0.00000000', '0.00000000', 0, 0, 'Purchessed', 0, 0, '0.00', '0.00'),
(1054, 'Casing Cover Plate (06) 4DRR 40J / 32', 'Casing Cover Plate (06) 4DRR 40J / 32', 6, 18, '73', 1, 0, '0.00000000', '0.00000000', 0, 0, 'Purchessed', 0, 0, '0.00', '0.00'),
(1055, 'Spacer SS 410 4DRR 40J / 32', 'Spacer SS 410 4DRR 40J / 32', 6, 18, '73', 1, 0, '0.00000000', '0.00000000', 0, 0, 'Purchessed', 0, 0, '0.00', '0.00'),
(1056, 'Adjusting Plate (07) 4DRR 40J / 32', 'Adjusting Plate (07) 4DRR 40J / 32', 6, 18, '73', 1, 0, '0.00000000', '0.00000000', 0, 0, 'Purchessed', 0, 0, '0.00', '0.00'),
(1057, 'HC Alloy Impeller (08) 4DRR 40J / 32', 'HC Alloy Impeller (08) 4DRR 40J / 32', 6, 18, '73', 1, 0, '0.00000000', '0.00000000', 0, 0, 'Purchessed', 0, 0, '0.00', '0.00'),
(1058, 'Cable Gland (10) 4DRR 40J / 32', 'Cable Gland (10) 4DRR 40J / 32', 6, 18, '73', 1, 0, '0.00000000', '0.00000000', 0, 0, 'Purchessed', 0, 0, '0.00', '0.00'),
(1059, 'Neckring For Impeller (11) 4DRR 40J / 32', 'Necking For Impeller (11) 4DRR 40J / 32', 6, 18, '73', 1, 0, '0.00000000', '0.00000000', 0, 0, 'Purchessed', 0, 0, '0.00', '0.00'),
(1060, 'Bearing Cover (11A) 4DRR 40J / 32', 'Bearing Cover (11A) 4DRR 40J / 32', 6, 18, '73', 1, 0, '0.00000000', '0.00000000', 0, 0, 'Purchessed', 0, 0, '0.00', '0.00'),
(1061, 'Rotor Fitted Shaft (12/22) 4DRR 40J / 32', 'Rotor Fitted Shaft (12/22) 4DRR 40J / 32', 6, 18, '73', 1, 0, '0.00000000', '0.00000000', 0, 0, 'Purchessed', 0, 0, '0.00', '0.00'),
(1062, 'Spacer For Agitator (12A) 4DRR 40J / 32', 'Spacer For Agitator (12A) 4DRR 40J / 32', 6, 18, '73', 1, 0, '0.00000000', '0.00000000', 0, 0, 'Purchessed', 0, 0, '0.00', '0.00'),
(1063, 'Key For Impeller & Agitator (13) 4DRR 40J / 32', 'Key For Impeller & Agitator (13) 4DRR 40J / 32', 6, 18, '73', 1, 0, '0.00000000', '0.00000000', 0, 0, 'Purchessed', 0, 0, '0.00', '0.00'),
(1064, 'Mechanical Seal  (14) 4DRR 40J / 32', 'Mechanical Seal  (14) 4DRR 40J / 32', 6, 18, '73', 1, 0, '0.00000000', '0.00000000', 0, 0, 'Purchessed', 0, 0, '0.00', '0.00'),
(1065, 'Mechanical Seal Motor (15) 4DRR 40J / 32', 'Mechanical Seal Motor (15) 4DRR 40J / 32', 6, 18, '73', 1, 0, '0.00000000', '0.00000000', 0, 0, 'Purchessed', 0, 0, '0.00', '0.00'),
(1066, 'Lock Nut For Agitator (18) 4DRR 40J / 32', 'Lock Nut For Agitator (18) 4DRR 40J / 32', 6, 18, '73', 1, 0, '0.00000000', '0.00000000', 0, 0, 'Purchessed', 0, 0, '0.00', '0.00'),
(1067, 'Thermostat 80 Deg.  C (23A) 4DRR 40J / 32', 'Thermostat 80 Deg.  C (23A) 4DRR 40J / 32', 6, 18, '73', 1, 0, '0.00000000', '0.00000000', 0, 0, 'Purchessed', 0, 0, '0.00', '0.00'),
(1068, 'Rubber Grommet (24 & 24A) 4DRR 40J / 32', 'Rubber Grommet (24 & 24A) 4DRR 40J / 32', 6, 18, '73', 1, 0, '0.00000000', '0.00000000', 0, 0, 'Purchessed', 0, 0, '0.00', '0.00'),
(1069, 'Gasket & O Ring Set (41,26,27) 4DRR 40J / 32', 'Gasket & O Ring Set (41,26,27) 4DRR 40J / 32', 6, 18, '73', 1, 0, '0.00000000', '0.00000000', 0, 0, 'Purchessed', 0, 0, '0.00', '0.00'),
(1070, 'Probe For Moisture Sensor (27A) 4DRR 40J / 32', 'Probe For Moisture Sensor (27A) 4DRR 40J / 32', 6, 18, '73', 1, 0, '0.00000000', '0.00000000', 0, 0, 'Purchessed', 0, 0, '0.00', '0.00'),
(1071, 'Oil Plug (28) 4DRR 40J / 32', 'Oil Plug (28) 4DRR 40J / 32', 6, 18, '73', 1, 0, '0.00000000', '0.00000000', 0, 0, 'Purchessed', 0, 0, '0.00', '0.00'),
(1072, 'Eye Bolt (31) 4DRR 40J / 32', 'Eye Bolt (31) 4DRR 40J / 32', 6, 18, '73', 1, 0, '0.00000000', '0.00000000', 0, 0, 'Purchessed', 0, 0, '0.00', '0.00'),
(1073, 'Agitator (40) 4DRR 40J / 32', 'Agitator (40) 4DRR 40J / 32', 6, 18, '73', 1, 0, '0.00000000', '0.00000000', 0, 0, 'Purchessed', 0, 0, '0.00', '0.00'),
(1074, 'Control Panel 4DRR 40J / 32', 'Control Panel 4DRR 40J / 32', 6, 18, '73', 1, 0, '0.00000000', '0.00000000', 0, 0, 'Purchessed', 0, 0, '0.00', '0.00'),
(1075, 'CT 50C 160 NG1 M5 L1', 'CT 50C 160 NG1 M5 L1', 1, 1, '74', 1, 0, '0.00000000', '0.00000000', 0, 0, 'Purchessed', 0, 0, '0.00', '0.00'),
(1076, 'Bearing 6306 CCR 50 160', 'Bearing 6306 CCR 50 160', 6, 16, '25', 1, 6, '1261.00000000', '7566.00000000', 0, 0, 'Purchessed', 1, 1, '1261.00', '1.10'),
(1077, 'Bearing Bush CCR 50C 160', 'Bearing Bush CCR 50C 160', 6, 16, '25', 1, 0, '0.00000000', '0.00000000', 0, 0, 'Purchessed', 0, 0, '0.00', '0.00'),
(1078, 'Bearing Cover CCR 50C 160', 'Bearing Cover CCR 50C 160', 6, 16, '25', 1, 4, '750.00000000', '3000.00000000', 0, 0, 'Purchessed', 1, -1, '750.00', '1.10'),
(1079, 'Bearing Cover CN 100 160 L1', 'Bearing Cover CN 100 160 L1', 6, 16, '13', 1, 1, '2000.00000000', '2000.00000000', 0, 0, 'Purchessed', 1, 1, '2000.00', '1.10'),
(1080, 'Bearing Cover For EXP 160CT', 'Bearing Cover For EXP 160CT', 6, 16, '75', 1, 2, '516.00000000', '1032.00000000', 0, 0, 'Purchessed', 1, 1, '516.00', '1.10'),
(1081, 'Bearing Lock Nut CCR 50C 160', 'Bearing Lock Nut CCR 50C 160', 6, 16, '25', 1, 2, '500.00000000', '1000.00000000', 0, 0, 'Purchessed', 1, 1, '500.00', '1.10'),
(1082, 'Bush For Gland CCR 50 160', 'Bush For Gland CCR 50 160', 6, 16, '25', 1, 2, '500.00000000', '1000.00000000', 0, 0, 'Purchessed', 1, 1, '500.00', '1.10'),
(1083, 'Bush For Gland CN 100 400', 'Bush For Gland CN 100 400', 6, 16, '13', 1, 2, '1620.00000000', '3240.00000000', 0, 0, 'Purchessed', 1, 1, '1620.00', '1.10'),
(1084, 'CT 50C 160 With Motor', 'CT 50C 160 With Motor', 7, 26, '76', 1, 0, '0.00000000', '0.00000000', 0, 0, 'Manufactured', 0, 0, '0.00', '0.00'),
(1085, 'Casing Bolt CCR 50C 160', 'Casing Bolt CCR 50C 160', 6, 16, '25', 1, 16, '100.00000000', '1600.00000000', 0, 0, 'Purchessed', 1, 1, '100.00', '1.10'),
(1087, 'Diffuser For J52', 'Diffuser For J52', 6, 18, '68', 1, 1, '4656.00000000', '4656.00000000', 0, 0, 'Purchessed', 1, 1, '4656.00', '1.10'),
(1088, 'Gasket For TGH 58 80 (PN 0220)', 'Gasket For TGH 58 80 (PN 0220)', 6, 16, '77', 1, 2, '183.96000000', '367.92000000', 0, 0, 'Purchessed', 1, 1, '183.96', '1.10'),
(1089, 'Gland Packing CCR 50C 160', 'Gland Packing CCR 50C 160', 6, 16, '25', 1, 1, '500.00000000', '500.00000000', 0, 0, 'Purchessed', 1, 1, '500.00', '1.10'),
(1090, 'Grub Screw For TGH 58 80 (PN 0603)', 'Grub Screw For TGH 58 80 (PN 0603)', 6, 16, '77', 1, 25, '14.94000000', '373.50000000', 0, 0, 'Purchessed', 1, 1, '14.94', '1.10'),
(1091, 'Grub Screw For TGH 58 80 (PN 703)', 'Grub Screw For TGH 58 80 (PN 703)', 6, 16, '77', 1, 25, '42.02000000', '1050.50000000', 0, 0, 'Purchessed', 1, 1, '42.02', '1.10'),
(1092, 'Cabin Fan 150-4-DC- 12 Volt', 'Cabin Fan 150-4-DC- 12 Volt', 6, 37, '79', 1, 0, '0.00000000', '0.00000000', 0, 0, 'Purchessed', 0, 0, '0.00', '0.00'),
(1093, 'Idler Bush For TGH 58 80', 'Idler Bush For TGH 58 80', 6, 16, '77', 1, 2, '1440.85000000', '2881.70000000', 0, 0, 'Purchessed', 1, 1, '1440.85', '1.10'),
(1094, 'Idler For TGH 58 80', 'Idler For TGH 58 80', 6, 16, '77', 1, 1, '19320.32000000', '19320.32000000', 0, 0, 'Purchessed', 1, 1, '19320.32', '1.10'),
(1096, 'PL 2017 Pump', 'PL 2017 Pump', 1, 3, '48', 1, 0, '0.00000000', '0.00000000', 0, 0, 'Purchessed', 0, 0, '0.00', '0.00'),
(1097, 'PL 1011 Pump', 'PL 1011 Pump', 1, 3, '48', 1, 0, '0.00000000', '0.00000000', 0, 0, 'Purchessed', 0, 0, '0.00', '0.00'),
(1099, 'NRV Ball (15) PL 2017', 'NRV Ball (15) PL 2017', 6, 19, '81', 1, 0, '0.00000000', '0.00000000', 0, 0, 'Purchessed', 0, 0, '0.00', '0.00'),
(1100, 'NRV Ball PL 1011', 'NRV Ball PL 1011', 6, 19, '82', 1, 0, '0.00000000', '0.00000000', 0, 0, 'Purchessed', 0, 0, '0.00', '0.00'),
(1101, 'Eccentric (30) PL 2017', 'Eccentric (30) PL 2017', 6, 19, '81', 1, 0, '0.00000000', '0.00000000', 0, 0, 'Purchessed', 0, 0, '0.00', '0.00'),
(1102, 'Gasket Set (60,66,69) PL 2017', 'Gasket Set (60,66,69) PL 2017', 6, 19, '81', 3, 0, '0.00000000', '0.00000000', 0, 0, 'Purchessed', 0, 0, '0.00', '0.00'),
(1103, 'Spring Dowel Pin (54) PL 2017', 'Spring Dowel Pin (54) PL 2017', 6, 19, '81', 3, 0, '0.00000000', '0.00000000', 0, 0, 'Purchessed', 0, 0, '0.00', '0.00'),
(1104, 'Sealing Ring (14) PL 2017', 'Sealing Ring (14) PL 2017', 6, 19, '81', 1, 0, '0.00000000', '0.00000000', 0, 0, 'Purchessed', 0, 0, '0.00', '0.00'),
(1105, 'Sealing Ring (12) PL 2017', 'Sealing Ring (12) PL 2017', 6, 19, '81', 1, 0, '0.00000000', '0.00000000', 0, 0, 'Purchessed', 0, 0, '0.00', '0.00'),
(1106, 'Sealing Ring (17) PL 2017', 'Sealing Ring (17) PL 2017', 6, 19, '81', 1, 0, '0.00000000', '0.00000000', 0, 0, 'Purchessed', 0, 0, '0.00', '0.00'),
(1107, 'Plunger Ring (2) PL 2017', 'Plunger Ring (2) PL 2017', 6, 19, '81', 1, 0, '0.00000000', '0.00000000', 0, 0, 'Purchessed', 0, 0, '0.00', '0.00'),
(1108, 'Plunger Ring (4) PL 2017', 'Plunger Ring (4) PL 2017', 6, 19, '81', 1, 0, '0.00000000', '0.00000000', 0, 0, 'Purchessed', 0, 0, '0.00', '0.00'),
(1109, 'Worm Shaft (67) PL 2017', 'Worm Shaft (67) PL 2017', 6, 19, '81', 1, 0, '0.00000000', '0.00000000', 0, 0, 'Purchessed', 0, 0, '0.00', '0.00'),
(1110, 'Valve Seat (13) PL 2017', 'Valve Seat (13) PL 2017', 6, 19, '81', 3, 0, '0.00000000', '0.00000000', 0, 0, 'Purchessed', 0, 0, '0.00', '0.00'),
(1111, 'Worm Wheel (56) PL 2017', 'Worm Wheel (56) PL 2017', 6, 19, '81', 1, 0, '0.00000000', '0.00000000', 0, 0, 'Purchessed', 0, 0, '0.00', '0.00'),
(1112, 'CCR 25 160 With Motor ', 'CCR 25 160 With Motor ', 7, 26, '28', 3, 0, '0.00000000', '0.00000000', 0, 0, 'Manufactured', 0, 0, '0.00', '0.00'),
(1113, 'Plunger (6) PL 2017', 'Plunger (6) PL 2017', 6, 19, '81', 1, 0, '0.00000000', '0.00000000', 0, 0, 'Purchessed', 0, 0, '0.00', '0.00'),
(1114, 'Impeller For J52', 'Impeller For J52', 6, 18, '83', 1, 1, '3009.00000000', '3009.00000000', 0, 0, 'Purchessed', 1, 1, '3009.00', '1.10'),
(1115, 'Shaft Key CCR 50C 160', 'Shaft Key CCR 50C 160', 6, 16, '25', 1, 4, '125.00000000', '500.00000000', 0, 0, 'Purchessed', 1, 1, '125.00', '1.10'),
(1126, 'Lantern Piece CB 32 200 ', 'Lantern Piece CB 32 200 ', 6, 16, '80', 1, 1, '1782.00000000', '1782.00000000', 0, 0, 'Purchessed', 1, 1, '1782.00', '1.10'),
(1127, 'Leg Guard With Bolt & Washer CCR 50 160', 'Leg Guard With Bolt & Washer CCR 50 160', 6, 16, '25', 1, 2, '500.00000000', '1000.00000000', 0, 0, 'Purchessed/Manufactured', 1, 1, '500.00', '1.10'),
(1128, 'Mechanical Seal CCR 25 125 ', 'Mechanical Seal CCR 25 125 ', 6, 16, '25', 1, 2, '3022.00000000', '6044.00000000', 0, 0, 'Purchessed', 1, 1, '3022.00', '1.10'),
(1129, 'Nilos Ring KGEN  12 5 To 16 6', 'Nilos Ring KGEN  12 5 To 16 6', 6, 16, '11', 1, 1, '25.00000000', '25.00000000', 0, 0, 'Purchessed', 1, 1, '25.00', '1.10'),
(1130, 'Oil Catcher (Baffle) CCR 50 160 R6 S2 L3(2120) ', 'Oil Catcher (Baffle) CCR 50 160 R6 S2 L3(2120) ', 6, 16, '25', 1, 4, '170.00000000', '680.00000000', 0, 0, 'Purchessed/Manufactured', 1, 1, '170.00', '1.10'),
(1131, 'Oil Levellor Antico ', 'Oil Leveller Antico ', 6, 17, '16', 1, 1, '980.00000000', '980.00000000', 0, 0, 'Purchessed', 1, 1, '980.00', '1.10'),
(1132, 'Pump Casing CCR 50 200', 'Pump Casing CCR 50 200', 6, 16, '25', 1, 4, '27661.00000000', '110644.00000000', 0, 0, 'Purchessed', 1, 1, '27661.00', '1.10'),
(1133, 'Rotor For TGH 58 80', 'Rotor For TGH 58 80', 6, 16, '77', 1, 1, '47819.89000000', '47819.89000000', 0, 0, 'Purchessed', 1, 1, '47819.89', '1.10'),
(1134, 'Rotor/ Gasket TIGGM Pump', 'Rotor/Gasket TIGGM Pump', 6, 15, '20', 3, 1, '49324.14000000', '49324.00000000', 0, 0, 'Purchessed', 1, 1, '49324.14', '1.10'),
(1135, 'Shaft For TGH  58 80', 'Shaft For TGH  58 80', 6, 16, '77', 1, 1, '11469.86000000', '11469.86000000', 0, 0, 'Purchessed/Manufactured', 1, 1, '11469.86', '1.10'),
(1136, 'Shaft For TGH  58 80', 'Shaft For TGH  58 80', 6, 16, '77', 1, 1, '11469.86000000', '11469.86000000', 0, 0, 'Purchessed/Manufactured', 1, 1, '11469.86', '1.10'),
(1137, 'Shaft Sleeve CCR 50 200', 'Shaft Sleeve CCR 50 200', 6, 16, '25', 1, 4, '2001.25000000', '8005.00000000', 0, 0, 'Purchessed/Manufactured', 1, 1, '2001.25', '1.10'),
(1138, 'Star Washer CCR 50C 160', 'Star Washer CCR 50C 160', 6, 16, '25', 1, 2, '200.00000000', '400.00000000', 0, 0, 'Purchessed', 1, 1, '200.00', '1.10'),
(1139, 'Suffing Box CCR 50C 160', 'Suffing Box CCR 50C 160', 6, 16, '25', 1, 1, '2000.00000000', '2000.00000000', 0, 0, 'Purchessed', 1, 1, '2000.00', '1.10'),
(1140, 'Wear Ring CCR 32 160', 'Wear Ring CCR 32 160', 6, 16, '25', 1, 1, '1424.00000000', '1424.00000000', 0, 0, 'Purchessed', 1, 1, '1424.00', '1.10'),
(1141, 'Window Cover KGEN 11 3', 'Window Cover KGEN 11 3', 6, 16, '11', 1, 5, '180.00000000', '900.00000000', 0, 0, 'Purchessed', 1, 1, '180.00', '1.10'),
(1142, 'Shaft HE 100 CT', 'Shaft HE 100 CT', 6, 17, '33', 1, 0, '0.00000000', '0.00000000', 0, 0, 'Purchessed/Manufactured', 0, 0, '0.00', '0.00'),
(1143, 'HPG 3E Pump', 'HPG 3E Pump', 1, 2, '7', 1, 0, '0.00000000', '0.00000000', 0, 0, 'Purchessed', 0, 0, '0.00', '0.00'),
(1144, '10 HP/ 1500 RPM Siemens', '10 HP/ 1500 RPM Siemens', 3, 13, '86', 1, 2, '0.00000000', '0.00000000', 0, 1, 'Purchessed', 0, 0, '0.00', '0.00'),
(1145, '7.5 HP / 3000 RPM REMI', '7.5 HP / 3000 RPM REMI', 3, 8, '5', 1, 1, '0.00000000', '0.00000000', 0, 1, 'Purchessed', 0, 0, '0.00', '0.00'),
(1146, '5 HP / 3000 RPM BBL ', '5 HP / 3000 RPM BBL ', 3, 7, '6', 1, 2, '0.00000000', '0.00000000', 0, 1, 'Purchessed', 0, 0, '0.00', '0.00'),
(1147, '5 HP/ 3000 RPM BBL', '5 HP/ 3000 RPM BBL', 3, 7, '87', 5, 1, '0.00000000', '0.00000000', 0, 1, 'Purchessed', 0, 0, '0.00', '0.00'),
(1148, 'RT 10 Gear Pump', 'RT 10 Gear Pump', 1, 2, '7', 1, 3, '2313.36000000', '6940.00000000', 0, 1, 'Purchessed', 1, 1, '2313.36', '1.10'),
(1149, 'RT 10 F', 'RT 10 F', 1, 2, '7', 1, 2, '2313.36000000', '4627.00000000', 0, 1, 'Purchessed', 1, 1, '2313.36', '1.10'),
(1150, 'Wear Plate KGEN 21 8', 'Wear Plate KGEN 21 8', 6, 16, '11', 1, 1, '1496.00000000', '1496.00000000', 0, 0, 'Purchessed', 1, 1, '1496.00', '1.10'),
(1151, '1 HP / 1500 RPM CGL ', '1 HP / 1500 RPM CGL ', 3, 35, '58', 1, 2, '4209.00000000', '8418.00000000', 0, 1, 'Assembled', 1, 1, '4209.00', '1.10'),
(1152, 'SS 316 Rod ( OD 32 Mm )  ', 'SS 316 Rod ( OD 32 Mm )  ', 5, 30, '38', 6, 0, '0.00000000', '0.00000000', 0, 0, 'Purchessed/Manufactured', 0, 0, '0.00', '0.00'),
(1153, 'Coupling Guard Johnson ', 'Coupling Guard Johnson', 5, 30, '38', 1, 0, '0.00000000', '0.00000000', 0, 0, 'Purchessed', 0, 0, '0.00', '0.00'),
(1155, 'T3 S 20 Pump', 'T3 S 20 Pump', 1, 2, '8', 1, 0, '0.00000000', '0.00000000', 0, 0, 'Purchessed', 0, 0, '0.00', '0.00'),
(1156, 'TUFP 088', 'TUFP 088', 1, 2, '9', 1, 0, '0.00000000', '0.00000000', 0, 0, 'Purchessed', 0, 0, '0.00', '0.00'),
(1157, 'Mechanical Seal  CB 200 200', 'Mechanical Seal  CB 200 200', 6, 16, '80', 1, -4, '0.00000000', '0.00000000', 0, 0, 'Purchessed', 0, 0, '0.00', '0.00'),
(1158, 'AFP 050', 'AFP 050', 5, 30, '38', 1, 4, '194.00000000', '776.00000000', 0, 0, 'Purchessed', 1, 1, '194.00', '1.10'),
(1159, 'CCR 50 200 With Motor', 'CCR 50 200 With Motor', 7, 26, '28', 3, 0, '0.00000000', '0.00000000', 0, 0, 'Purchessed/Manufactured', 0, 0, '0.00', '0.00'),
(1160, 'Back Plate EXP 160 CT', 'Back Plate EXP 160 CT', 6, 17, '16', 1, 4, '1800.00000000', '7200.00000000', 0, 0, 'Purchessed', 1, 1, '1800.00', '1.10'),
(1161, 'Bearing ', 'Bearing ', 5, 30, '38', 1, 4, '120.60000000', '482.40000000', 0, 0, 'Purchessed', 1, 1, '120.60', '1.10'),
(1162, 'Adapter Flange HE 120/HE 130 CT', 'Adapter Flange HE 120/HE 130 CT', 6, 17, '33', 1, 3, '25.00000000', '75.00000000', 0, 0, 'Purchessed', 1, 1, '25.00', '1.10'),
(1163, 'Casing Plug CCR 50C 160', 'Casing Plug CCR 50C 160', 6, 16, '25', 1, 4, '75.00000000', '300.00000000', 0, 0, 'Purchessed', 1, 1, '75.00', '1.10'),
(1164, 'CN 100 250 With Motor', 'CN 100 250 With Motor', 7, 26, '62', 1, 0, '0.00000000', '0.00000000', 0, 1, 'Purchessed', 0, 0, '0.00', '0.00'),
(1165, 'KGEN 11 3 G2', 'KGEN 11 3 G2', 1, 1, '21', 1, 0, '0.00000000', '0.00000000', 0, 1, '', 0, 0, '0.00', '0.00'),
(1166, 'FRE 80 210', 'FRE 80 210', 1, 1, '89', 1, 0, '0.00000000', '0.00000000', 0, 1, 'Purchessed', 0, 0, '0.00', '0.00'),
(1167, 'CN 125 400 G6 S2 L3', 'CN 125 400 G6 S2 L3', 1, 1, '1', 1, 0, '0.00000000', '0.00000000', 0, 1, 'Purchessed', 0, 0, '0.00', '0.00'),
(1168, 'CCR 25 125 R4 M2 L3', 'CCR 25 125 R4 M2 L3', 1, 1, '2', 1, 0, '0.00000000', '0.00000000', 0, 1, 'Purchessed', 0, 0, '0.00', '0.00'),
(1169, 'CCR 40 200 R6L M2 L3', 'CCR 40 200 R6L M2 L3', 1, 1, '2', 1, 0, '0.00000000', '0.00000000', 0, 1, 'Purchessed', 0, 0, '0.00', '0.00'),
(1170, 'CCR 32 125 R4 S2 L3', 'CCR 32 125 R4 S2 L3', 1, 1, '2', 1, 0, '0.00000000', '0.00000000', 0, 1, 'Purchessed', 0, 0, '0.00', '0.00'),
(1171, 'CB 80 200 With Motor', 'CB 80 200 With Motor', 7, 26, '62', 3, 0, '0.00000000', '0.00000000', 0, 1, 'Purchessed/Manufactured', 0, 0, '0.00', '0.00'),
(1172, 'Other Johnson CCR Pump', 'Other Johnson CCR Pump', 1, 1, '2', 1, 0, '0.00000000', '0.00000000', 0, 1, 'Purchessed', 0, 0, '0.00', '0.00'),
(1173, 'Locating Flange 1.375" ', 'Locating Flange 1.375" ', 6, 17, '33', 1, 2, '1137.00000000', '2274.00000000', 0, 0, 'Purchessed', 1, 1, '1137.00', '1.10'),
(1174, 'Locating Flange 1.375" Hylam  ', 'Locating Flange 1.375" Hylam  ', 6, 17, '33', 1, 1, '1137.00000000', '1137.00000000', 0, 0, 'Purchessed', 1, 1, '1137.00', '1.10'),
(1175, 'CCR 125 315 R1A S2 L6', 'CCR 125 315 R1A S2 L6', 1, 1, '2', 1, 1, '94935.00000000', '94935.00000000', 0, 1, 'Purchessed', 1, 1, '94935.00', '1.10'),
(1176, 'Coupling Other', 'Coupling Other', 5, 29, '37', 1, 0, '0.00000000', '0.00000000', 0, 0, 'Purchessed', 0, 0, '0.00', '0.00'),
(1177, 'Coupling L 070', 'Coupling L 070', 5, 30, '38', 1, 0, '0.00000000', '0.00000000', 0, 0, 'Purchessed', 3, 5, '0.00', '0.00'),
(1178, 'Stub Shaft CB 32 160', 'Stub Shaft CB 32 160', 6, 16, '80', 1, 0, '0.00000000', '0.00000000', 0, 0, 'Purchessed', 0, 0, '0.00', '0.00'),
(1179, 'Stuffing Box CN 32 /40 /50 - 250 (0110 )', 'Stuffing Box CN 32 /40 /50 - 250 (0110 )', 6, 16, '13', 1, 0, '0.00000000', '0.00000000', 0, 0, 'Purchessed', 0, 0, '0.00', '0.00'),
(1180, 'Wear Ring CCR 40c 160 ( 130 )', 'Wear Ring CCR 40c 160 ( 130 )', 6, 16, '25', 1, 0, '0.00000000', '0.00000000', 0, 0, 'Purchessed', 0, 0, '0.00', '0.00'),
(1181, 'CI Impeller CN 32 160 ( 120 )', 'CI Impeller CN 32 160 ( 120 )', 6, 16, '13', 1, 0, '0.00000000', '0.00000000', 0, 0, 'Purchessed', 0, 0, '0.00', '0.00'),
(1182, 'Bearing Housing Others Johnson', 'Bearing Housing Others Johnson', 6, 16, '13', 1, 0, '0.00000000', '0.00000000', 0, 0, 'Purchessed', 0, 0, '0.00', '0.00'),
(1183, 'CI Impeller CN 100 160 ( 120 )', 'CI Impeller CN 100 160 ( 120 )', 6, 16, '13', 1, 0, '0.00000000', '0.00000000', 0, 0, 'Purchessed', 0, 0, '0.00', '0.00'),
(1184, 'Spares FRE Pump', 'Spares FRE Pump', 6, 16, '13', 1, 0, '0.00000000', '0.00000000', 0, 0, 'Purchessed', 0, 0, '0.00', '0.00'),
(1185, 'Welding Rod', 'Welding Rod', 5, 30, '43', 11, 0, '0.00000000', '0.00000000', 0, 0, 'Purchessed', 0, 0, '0.00', '0.00'),
(1186, 'CCR 65 315 With Motor', 'CCR 65 315 With Motor', 7, 26, '63', 1, 0, '0.00000000', '0.00000000', 0, 0, 'Manufactured', 0, 0, '0.00', '0.00'),
(1187, 'J 2004', 'J 2004', 1, 4, '53', 1, 2, '0.00000000', '0.00000000', 0, 0, 'Purchessed', 1, 1, '0.00', '0.00'),
(1188, 'KGEN 22 6 G1', 'KGEN 22 6 G1', 1, 1, '21', 1, 0, '0.00000000', '0.00000000', 0, 0, 'Purchessed', 0, 0, '0.00', '0.00'),
(1189, 'SS Impeller CCR 50 200 R6A ', 'SS Impeller CCR 50 200 R6A', 6, 16, '25', 1, 0, '0.00000000', '0.00000000', 0, 0, 'Purchessed', 0, 0, '0.00', '0.00'),
(1190, 'FRE 50 205 ', 'FRE', 1, 1, '89', 1, 0, '0.00000000', '0.00000000', 0, 1, 'Purchessed', 0, 0, '0.00', '0.00'),
(1191, 'SS 304 Rod ( OD 45mm )', 'SS 304 Rod ( OD 45mm )', 5, 30, '38', 6, 0, '0.00000000', '0.00000000', 0, 0, 'Purchessed', 0, 0, '0.00', '0.00'),
(1192, 'SS 316 Rod ( OD 36 Mm )', 'SS 316 Rod ( OD 36 Mm ) ', 5, 30, '38', 6, 0, '0.00000000', '0.00000000', 0, 0, 'Purchessed', 0, 0, '0.00', '0.00'),
(1193, 'Mechanical Seal CCR 32 125 ', 'Mechanical Seal CCR 32 125 ', 6, 16, '80', 1, 0, '0.00000000', '0.00000000', 0, 0, 'Purchessed', 0, 0, '0.00', '0.00'),
(1194, 'Gland Plate', 'Gland ', 6, 17, '33', 1, 0, '0.00000000', '0.00000000', 0, 0, '', 0, 0, '0.00', '0.00'),
(1195, '3 HP / 3000 RPM SIMENS', '3 HP / 3000 RPM SIMENS', 3, 13, '86', 1, 0, '0.00000000', '0.00000000', 0, 0, 'Purchessed', 0, 0, '0.00', '0.00'),
(1197, 'CCR 32 125 With Motor', 'CCR 32 125 With Motor', 7, 26, '28', 3, 0, '0.00000000', '0.00000000', 0, 0, 'Purchessed/Manufactured', 0, 0, '0.00', '0.00'),
(1198, 'Suction Plate CL-120MM/16', 'Suction Plate CL-120MM/16', 6, 18, '91', 1, 0, '0.00000000', '0.00000000', 0, 0, 'Purchessed', 0, 0, '0.00', '0.00'),
(1199, 'Impeller CL-25J/16', 'Impeller CL-25J/16', 6, 18, '91', 1, 0, '0.00000000', '0.00000000', 0, 0, 'Purchessed', 0, 0, '0.00', '0.00'),
(1200, 'Casing CL-25J/16', 'Casing CL-25J/16', 6, 18, '91', 1, 0, '0.00000000', '0.00000000', 0, 0, 'Purchessed', 0, 0, '0.00', '0.00'),
(1201, 'Casing CL-30J/16', 'Casing CL-30J/16', 6, 18, '91', 1, 0, '0.00000000', '0.00000000', 0, 0, 'Purchessed', 0, 0, '0.00', '0.00'),
(1202, 'Casing CL-120MM/16', 'Casing CL-120MM/16', 6, 18, '91', 1, 0, '0.00000000', '0.00000000', 0, 0, 'Purchessed', 0, 0, '0.00', '0.00'),
(1203, 'Impeller CL-30J/16', 'Impeller CL-30J/16', 6, 18, '91', 1, 0, '0.00000000', '0.00000000', 0, 0, 'Purchessed', 0, 0, '0.00', '0.00'),
(1204, 'CB 32 160 With Motor', 'CB 32 160 With Motor', 7, 26, '92', 3, 0, '0.00000000', '0.00000000', 0, 0, 'Manufactured', 0, 0, '0.00', '0.00'),
(1205, 'Impeller CL-120MM/16', 'Impeller CL-120MM/16', 6, 18, '91', 1, 0, '0.00000000', '0.00000000', 0, 0, 'Purchessed', 0, 0, '0.00', '0.00'),
(1207, 'Impeller Cap Nut SS 316 (1820) CCR 32 To 65-125, 32 To 50-160, 32 To 50-200', 'Impeller Cap Nut CCR', 6, 16, '25', 1, 0, '0.00000000', '0.00000000', 0, 0, 'Purchessed', 0, 0, '0.00', '0.00'),
(1208, 'R 20 DG With Motor', 'R 20 DG With Motor', 7, 22, '93', 1, 0, '0.00000000', '0.00000000', 0, 0, 'Manufactured', 0, 0, '0.00', '0.00'),
(1209, '3 HP / 960 RPM BBL', '3 HP / 960 RPM BBL', 3, 7, '87', 1, 0, '0.00000000', '0.00000000', 0, 0, 'Purchessed', 0, 0, '0.00', '0.00'),
(1210, 'WV-02L/40', 'WV-02L/40', 1, 4, '52', 1, 0, '0.00000000', '0.00000000', 0, 0, 'Purchessed', 0, 0, '0.00', '0.00'),
(1211, 'Shaft EXP 160 CT', 'Shaft EXP 160 CT', 6, 17, '16', 1, 0, '0.00000000', '0.00000000', 0, 0, 'Purchessed/Manufactured', 0, 0, '0.00', '0.00'),
(1212, 'SS 316 Rod ( OD 45mm )', 'SS 316 Rod ( OD 45mm )', 5, 30, '38', 6, 0, '0.00000000', '0.00000000', 0, 0, 'Purchessed/Manufactured', 0, 0, '0.00', '0.00'),
(1213, 'Adopter EXP 160 CT', 'Adopter EXP 160 CT', 6, 17, '16', 1, 0, '0.00000000', '0.00000000', 0, 0, 'Purchessed', 0, 0, '0.00', '0.00'),
(1214, 'MS Pattha 6mm X 40mm ', 'MS Pattha 6mm X 40mm ', 5, 30, '43', 6, 0, '0.00000000', '0.00000000', 0, 0, 'Purchessed', 0, 0, '0.00', '0.00'),
(1215, 'Bearing Housing EXP 160 CT', 'Bearing Housing EXP 160 CT', 6, 17, '16', 1, 0, '0.00000000', '0.00000000', 0, 0, 'Purchessed', 0, 0, '0.00', '0.00'),
(1216, 'SS Impeller  CCR 25 160 ', 'SS Impeller  CCR 25 160 ', 6, 16, '25', 1, 0, '0.00000000', '0.00000000', 0, 0, 'Purchessed', 0, 0, '0.00', '0.00'),
(1217, 'Shaft CCR 25 160', 'Shaft CCR 25 160', 6, 16, '25', 1, 0, '0.00000000', '0.00000000', 0, 0, 'Purchessed/Manufactured', 0, 0, '0.00', '0.00'),
(1218, 'Suction Cover KGEN 11 4', 'Suction Cover KGEN 11 4', 6, 16, '11', 1, 0, '0.00000000', '0.00000000', 0, 0, 'Purchessed', 0, 0, '0.00', '0.00'),
(1219, 'Mechanical Seal T3 S 70', 'Mechanical Seal T3 S 70', 6, 15, '17', 1, 0, '0.00000000', '0.00000000', 0, 0, 'Purchessed', 0, 0, '0.00', '0.00'),
(1220, 'R 100 SL ', 'R 100 SL BARE PUMP', 1, 2, '56', 1, 0, '0.00000000', '0.00000000', 0, 0, 'Purchessed', 0, 0, '0.00', '0.00'),
(1221, 'Mechanical Seal CCR 40 160 ', 'Mechanical Seal CCR 40 160 ', 6, 16, '25', 1, 0, '0.00000000', '0.00000000', 0, 0, 'Purchessed', 0, 0, '0.00', '0.00'),
(1222, 'Mechanical Seal CCR 32 160 ', 'Mechanical Seal CCR 32 160 ', 6, 16, '25', 1, 0, '0.00000000', '0.00000000', 0, 0, 'Purchessed', 0, 0, '0.00', '0.00'),
(1223, 'Rotating Assembly CCR 40 200 R6L M2 L3', 'Rotating Assembly CCR 40 200 R6L M2 L3', 6, 16, '25', 1, 0, '0.00000000', '0.00000000', 0, 0, 'Purchessed', 0, 0, '0.00', '0.00'),
(1224, 'M 30140', 'M 30140', 1, 4, '65', 1, 0, '0.00000000', '0.00000000', 0, 0, 'Purchessed', 0, 0, '0.00', '0.00'),
(1225, 'Split Gland CI (1140) CN  100 To 150-400, 125-315', 'Split Gland CI (1140)', 6, 16, '13', 1, 0, '0.00000000', '0.00000000', 0, 0, 'Purchessed/Manufactured', 0, 0, '0.00', '0.00'),
(1226, 'Repairing & Service', 'Repairing & Service', 5, 30, '38', 3, 0, '0.00000000', '0.00000000', 0, 0, 'Purchessed/Manufactured', 0, 0, '0.00', '0.00'),
(1227, 'WP 07E/40SS', 'WP 07E/40SS', 1, 4, '52', 1, 0, '0.00000000', '0.00000000', 0, 0, 'Purchessed', 0, 0, '0.00', '0.00'),
(1228, 'S 336', 'S 336', 1, 4, '65', 1, 0, '0.00000000', '0.00000000', 0, 0, 'Purchessed', 0, 0, '0.00', '0.00'),
(1229, 'Silicon Oil Bottle 100 ML', 'Silicon Oil Bottle 100 ML', 5, 30, '43', 1, 0, '0.00000000', '0.00000000', 0, 0, 'Purchessed', 0, 0, '0.00', '0.00'),
(1230, '4 SR 05F / 16', '4 SR 05F / 16', 1, 4, '54', 1, 0, '0.00000000', '0.00000000', 0, 0, 'Purchessed', 0, 0, '0.00', '0.00');

-- --------------------------------------------------------

--
-- Table structure for table `item_categories`
--

CREATE TABLE IF NOT EXISTS `item_categories` (
  `id` int(10) NOT NULL AUTO_INCREMENT,
  `name` varchar(100) NOT NULL,
  PRIMARY KEY (`id`)
) ENGINE=InnoDB  DEFAULT CHARSET=latin1 AUTO_INCREMENT=9 ;

--
-- Dumping data for table `item_categories`
--

INSERT INTO `item_categories` (`id`, `name`) VALUES
(1, 'Pumps'),
(2, 'Filters & Elements'),
(3, 'Motors'),
(4, 'Skids'),
(5, 'Miscllaneous'),
(6, 'Spares'),
(7, 'Motorised Units'),
(8, 'Heat Exchanger');

-- --------------------------------------------------------

--
-- Table structure for table `item_companies`
--

CREATE TABLE IF NOT EXISTS `item_companies` (
  `item_id` int(11) NOT NULL,
  `company_id` int(11) NOT NULL,
  `serial_number_enable` tinyint(1) NOT NULL,
  `dynamic_cost` decimal(18,5) NOT NULL,
  `minimum_selling_price_factor` decimal(4,2) NOT NULL,
  `freeze` int(10) NOT NULL DEFAULT '0',
  PRIMARY KEY (`item_id`,`company_id`),
  KEY `company_key` (`company_id`)
) ENGINE=InnoDB DEFAULT CHARSET=latin1;

--
-- Dumping data for table `item_companies`
--

INSERT INTO `item_companies` (`item_id`, `company_id`, `serial_number_enable`, `dynamic_cost`, `minimum_selling_price_factor`, `freeze`) VALUES
(556, 25, 0, '0.00000', '0.00', 0),
(556, 27, 0, '0.00000', '0.00', 0),
(557, 25, 0, '0.00000', '0.00', 0),
(557, 27, 0, '0.00000', '0.00', 0),
(558, 25, 0, '0.00000', '0.00', 0),
(558, 27, 0, '0.00000', '0.00', 0),
(559, 25, 0, '0.00000', '0.00', 0),
(559, 27, 0, '0.00000', '0.00', 0),
(560, 25, 0, '0.00000', '0.00', 0),
(560, 27, 0, '0.00000', '0.00', 0),
(561, 25, 0, '0.00000', '0.00', 0),
(561, 27, 0, '0.00000', '0.00', 0),
(562, 25, 0, '0.00000', '0.00', 0),
(562, 27, 0, '0.00000', '0.00', 0),
(563, 25, 0, '0.00000', '0.00', 0),
(563, 27, 0, '0.00000', '0.00', 0),
(564, 25, 0, '0.00000', '0.00', 0),
(564, 27, 0, '0.00000', '0.00', 0),
(565, 25, 0, '0.00000', '0.00', 0),
(565, 27, 0, '0.00000', '0.00', 0),
(566, 25, 0, '0.00000', '0.00', 0),
(566, 27, 0, '0.00000', '0.00', 0),
(567, 25, 0, '0.00000', '0.00', 0),
(567, 27, 0, '0.00000', '0.00', 0),
(568, 25, 0, '0.00000', '0.00', 0),
(568, 27, 0, '0.00000', '0.00', 0),
(569, 25, 0, '0.00000', '0.00', 0),
(569, 27, 0, '0.00000', '0.00', 0),
(570, 25, 0, '0.00000', '0.00', 0),
(570, 27, 0, '0.00000', '0.00', 0),
(572, 25, 0, '0.00000', '0.00', 0),
(572, 27, 0, '0.00000', '0.00', 0),
(573, 25, 0, '0.00000', '0.00', 0),
(573, 27, 0, '0.00000', '0.00', 0),
(574, 25, 0, '0.00000', '0.00', 0),
(574, 27, 0, '0.00000', '0.00', 0),
(575, 25, 0, '0.00000', '0.00', 0),
(575, 27, 0, '0.00000', '0.00', 0),
(576, 25, 0, '0.00000', '0.00', 0),
(576, 27, 0, '0.00000', '0.00', 0),
(577, 25, 0, '0.00000', '0.00', 0),
(577, 27, 0, '0.00000', '0.00', 0),
(578, 25, 0, '0.00000', '0.00', 0),
(578, 27, 0, '0.00000', '0.00', 0),
(579, 25, 0, '0.00000', '0.00', 0),
(579, 27, 0, '0.00000', '0.00', 0),
(580, 25, 0, '0.00000', '0.00', 0),
(580, 27, 0, '0.00000', '0.00', 0),
(581, 25, 0, '0.00000', '0.00', 0),
(581, 27, 0, '0.00000', '0.00', 0),
(582, 25, 0, '0.00000', '0.00', 0),
(582, 27, 0, '0.00000', '0.00', 0),
(583, 25, 0, '0.00000', '0.00', 0),
(583, 27, 0, '0.00000', '0.00', 0),
(584, 25, 0, '0.00000', '0.00', 0),
(584, 27, 0, '0.00000', '0.00', 0),
(585, 25, 0, '0.00000', '0.00', 0),
(585, 27, 0, '0.00000', '0.00', 0),
(586, 25, 0, '0.00000', '0.00', 0),
(586, 27, 0, '0.00000', '0.00', 0),
(587, 25, 0, '0.00000', '0.00', 0),
(587, 27, 0, '0.00000', '0.00', 0),
(588, 25, 0, '0.00000', '0.00', 0),
(588, 27, 0, '0.00000', '0.00', 0),
(589, 25, 1, '0.00000', '0.00', 0),
(589, 27, 1, '0.00000', '0.00', 0),
(590, 25, 0, '0.00000', '0.00', 0),
(590, 27, 0, '0.00000', '0.00', 0),
(591, 25, 0, '0.00000', '0.00', 0),
(591, 27, 0, '0.00000', '0.00', 0),
(592, 25, 0, '0.00000', '0.00', 0),
(592, 27, 0, '0.00000', '0.00', 0),
(593, 25, 0, '0.00000', '0.00', 0),
(593, 27, 0, '0.00000', '0.00', 0),
(594, 25, 0, '0.00000', '0.00', 0),
(594, 27, 0, '0.00000', '0.00', 0),
(595, 25, 0, '0.00000', '0.00', 0),
(595, 27, 0, '0.00000', '0.00', 0),
(596, 25, 0, '0.00000', '0.00', 0),
(596, 27, 0, '0.00000', '0.00', 0),
(597, 25, 0, '0.00000', '0.00', 0),
(597, 27, 0, '0.00000', '0.00', 0),
(598, 25, 0, '0.00000', '0.00', 0),
(598, 27, 0, '0.00000', '0.00', 0),
(599, 25, 0, '0.00000', '0.00', 0),
(599, 27, 0, '0.00000', '0.00', 0),
(600, 25, 0, '0.00000', '0.00', 0),
(600, 27, 0, '0.00000', '0.00', 0),
(601, 25, 0, '0.00000', '0.00', 0),
(601, 27, 0, '0.00000', '0.00', 0),
(602, 25, 0, '0.00000', '0.00', 0),
(602, 27, 0, '0.00000', '0.00', 0),
(603, 25, 0, '0.00000', '0.00', 0),
(603, 27, 0, '0.00000', '0.00', 0),
(604, 25, 0, '0.00000', '0.00', 0),
(604, 27, 0, '0.00000', '0.00', 0),
(605, 25, 0, '0.00000', '0.00', 0),
(605, 27, 0, '0.00000', '0.00', 0),
(606, 25, 0, '0.00000', '0.00', 0),
(606, 27, 0, '0.00000', '0.00', 0),
(607, 25, 0, '0.00000', '0.00', 0),
(607, 27, 0, '0.00000', '0.00', 0),
(608, 25, 0, '0.00000', '0.00', 0),
(608, 27, 0, '0.00000', '0.00', 0),
(609, 25, 0, '0.00000', '0.00', 0),
(609, 27, 0, '0.00000', '0.00', 0),
(610, 25, 0, '0.00000', '0.00', 0),
(610, 27, 0, '0.00000', '0.00', 0),
(611, 25, 0, '0.00000', '0.00', 0),
(611, 27, 0, '0.00000', '0.00', 0),
(612, 25, 0, '0.00000', '0.00', 0),
(612, 27, 0, '0.00000', '0.00', 0),
(613, 25, 0, '0.00000', '0.00', 0),
(613, 27, 0, '0.00000', '0.00', 0),
(614, 25, 0, '0.00000', '0.00', 0),
(614, 27, 0, '0.00000', '0.00', 0),
(615, 25, 0, '0.00000', '0.00', 0),
(615, 27, 0, '0.00000', '0.00', 0),
(616, 25, 0, '0.00000', '0.00', 0),
(616, 27, 0, '0.00000', '0.00', 0),
(617, 25, 0, '0.00000', '0.00', 0),
(617, 27, 0, '0.00000', '0.00', 0),
(618, 25, 0, '0.00000', '0.00', 0),
(618, 27, 0, '0.00000', '0.00', 0),
(619, 25, 0, '0.00000', '0.00', 0),
(619, 27, 0, '0.00000', '0.00', 0),
(620, 25, 0, '0.00000', '0.00', 0),
(621, 25, 0, '0.00000', '0.00', 0),
(621, 27, 0, '0.00000', '0.00', 0),
(622, 25, 0, '0.00000', '0.00', 0),
(622, 27, 0, '0.00000', '0.00', 0),
(623, 25, 0, '0.00000', '0.00', 0),
(623, 27, 0, '0.00000', '0.00', 0),
(624, 25, 0, '0.00000', '0.00', 0),
(624, 27, 0, '0.00000', '0.00', 0),
(625, 25, 0, '0.00000', '0.00', 0),
(625, 27, 0, '0.00000', '0.00', 0),
(626, 25, 0, '0.00000', '0.00', 0),
(626, 27, 0, '0.00000', '0.00', 0),
(627, 25, 0, '0.00000', '0.00', 0),
(627, 27, 0, '0.00000', '0.00', 0),
(628, 25, 0, '0.00000', '0.00', 0),
(628, 27, 0, '0.00000', '0.00', 0),
(629, 25, 0, '0.00000', '0.00', 0),
(629, 27, 0, '0.00000', '0.00', 0),
(630, 25, 0, '0.00000', '0.00', 0),
(630, 27, 0, '0.00000', '0.00', 0),
(631, 25, 0, '0.00000', '0.00', 0),
(631, 27, 0, '0.00000', '0.00', 0),
(632, 25, 0, '0.00000', '0.00', 0),
(632, 27, 0, '0.00000', '0.00', 0),
(633, 25, 0, '0.00000', '0.00', 0),
(633, 27, 0, '0.00000', '0.00', 0),
(634, 25, 0, '0.00000', '0.00', 0),
(634, 27, 0, '0.00000', '0.00', 0),
(635, 25, 0, '0.00000', '0.00', 0),
(635, 27, 0, '0.00000', '0.00', 0),
(636, 25, 0, '0.00000', '0.00', 0),
(636, 27, 0, '0.00000', '0.00', 0),
(637, 25, 0, '0.00000', '0.00', 0),
(637, 27, 0, '0.00000', '0.00', 0),
(638, 25, 0, '0.00000', '0.00', 0),
(638, 27, 0, '0.00000', '0.00', 0),
(639, 25, 0, '0.00000', '0.00', 0),
(639, 27, 0, '0.00000', '0.00', 0),
(640, 25, 0, '0.00000', '0.00', 0),
(640, 27, 0, '0.00000', '0.00', 0),
(641, 25, 0, '0.00000', '0.00', 0),
(641, 27, 0, '0.00000', '0.00', 0),
(642, 25, 0, '0.00000', '0.00', 0),
(642, 27, 0, '0.00000', '0.00', 0),
(643, 25, 0, '0.00000', '0.00', 0),
(643, 27, 0, '0.00000', '0.00', 0),
(644, 25, 0, '0.00000', '0.00', 0),
(644, 27, 0, '0.00000', '0.00', 0),
(645, 25, 0, '0.00000', '0.00', 0),
(645, 27, 0, '0.00000', '0.00', 0),
(646, 25, 0, '0.00000', '0.00', 0),
(646, 27, 0, '0.00000', '0.00', 0),
(647, 25, 0, '0.00000', '0.00', 0),
(647, 27, 0, '0.00000', '0.00', 0),
(648, 25, 0, '0.00000', '0.00', 0),
(648, 27, 0, '0.00000', '0.00', 0),
(649, 25, 0, '0.00000', '0.00', 0),
(649, 27, 0, '0.00000', '0.00', 0),
(650, 25, 0, '0.00000', '0.00', 0),
(650, 27, 0, '0.00000', '0.00', 0),
(651, 25, 0, '0.00000', '0.00', 0),
(651, 27, 0, '0.00000', '0.00', 0),
(652, 25, 0, '0.00000', '0.00', 0),
(652, 27, 0, '0.00000', '0.00', 0),
(653, 25, 0, '0.00000', '0.00', 0),
(653, 27, 0, '0.00000', '0.00', 0),
(654, 25, 0, '0.00000', '0.00', 0),
(654, 27, 0, '0.00000', '0.00', 0),
(655, 25, 0, '0.00000', '0.00', 0),
(655, 27, 0, '0.00000', '0.00', 0),
(656, 25, 0, '0.00000', '0.00', 0),
(656, 27, 0, '0.00000', '0.00', 0),
(657, 25, 0, '0.00000', '0.00', 0),
(657, 27, 0, '0.00000', '0.00', 0),
(658, 25, 0, '0.00000', '0.00', 0),
(658, 27, 0, '0.00000', '0.00', 0),
(659, 25, 0, '0.00000', '0.00', 0),
(659, 27, 0, '0.00000', '0.00', 0),
(660, 25, 0, '0.00000', '0.00', 0),
(660, 27, 0, '0.00000', '0.00', 0),
(661, 25, 0, '0.00000', '0.00', 0),
(661, 27, 0, '0.00000', '0.00', 0),
(663, 25, 0, '0.00000', '0.00', 0),
(663, 27, 0, '0.00000', '0.00', 0),
(664, 25, 0, '0.00000', '0.00', 0),
(664, 27, 0, '0.00000', '0.00', 0),
(665, 25, 0, '0.00000', '0.00', 0),
(665, 27, 0, '0.00000', '0.00', 0),
(666, 25, 0, '0.00000', '0.00', 0),
(666, 27, 0, '0.00000', '0.00', 0),
(667, 25, 0, '0.00000', '0.00', 0),
(667, 27, 0, '0.00000', '0.00', 0),
(668, 25, 0, '0.00000', '0.00', 0),
(668, 27, 0, '0.00000', '0.00', 0),
(669, 25, 0, '0.00000', '0.00', 0),
(669, 27, 0, '0.00000', '0.00', 0),
(670, 25, 0, '0.00000', '0.00', 0),
(670, 27, 0, '0.00000', '0.00', 0),
(671, 25, 0, '0.00000', '0.00', 0),
(671, 27, 0, '0.00000', '0.00', 0),
(672, 25, 0, '0.00000', '0.00', 0),
(672, 27, 0, '0.00000', '0.00', 0),
(673, 25, 0, '0.00000', '0.00', 0),
(673, 27, 0, '0.00000', '0.00', 0),
(674, 25, 0, '0.00000', '0.00', 0),
(674, 27, 0, '0.00000', '0.00', 0),
(675, 25, 0, '0.00000', '0.00', 0),
(675, 27, 0, '0.00000', '0.00', 0),
(676, 25, 0, '0.00000', '0.00', 0),
(676, 27, 0, '0.00000', '0.00', 0),
(677, 25, 1, '0.00000', '0.00', 0),
(677, 27, 1, '0.00000', '0.00', 0),
(678, 25, 0, '0.00000', '0.00', 0),
(678, 27, 0, '0.00000', '0.00', 0),
(679, 25, 1, '0.00000', '0.00', 0),
(679, 27, 0, '0.00000', '0.00', 0),
(680, 25, 0, '0.00000', '0.00', 0),
(680, 27, 0, '0.00000', '0.00', 0),
(681, 25, 0, '0.00000', '0.00', 0),
(681, 27, 0, '0.00000', '0.00', 0),
(682, 25, 0, '0.00000', '0.00', 0),
(682, 27, 0, '0.00000', '0.00', 0),
(683, 25, 0, '0.00000', '0.00', 0),
(683, 27, 0, '0.00000', '0.00', 0),
(684, 25, 0, '0.00000', '0.00', 0),
(684, 27, 0, '0.00000', '0.00', 0),
(685, 25, 0, '0.00000', '0.00', 0),
(685, 27, 0, '0.00000', '0.00', 0),
(686, 25, 0, '0.00000', '0.00', 0),
(686, 27, 0, '0.00000', '0.00', 0),
(687, 25, 0, '0.00000', '0.00', 0),
(687, 27, 0, '0.00000', '0.00', 0),
(688, 25, 0, '0.00000', '0.00', 0),
(688, 27, 0, '0.00000', '0.00', 0),
(689, 25, 0, '0.00000', '0.00', 0),
(689, 27, 0, '0.00000', '0.00', 0),
(690, 25, 0, '0.00000', '0.00', 0),
(690, 27, 0, '0.00000', '0.00', 0),
(691, 25, 0, '0.00000', '0.00', 0),
(691, 27, 0, '0.00000', '0.00', 0),
(692, 25, 0, '0.00000', '0.00', 0),
(692, 27, 0, '0.00000', '0.00', 0),
(693, 25, 0, '0.00000', '0.00', 0),
(693, 27, 0, '0.00000', '0.00', 0),
(694, 25, 0, '0.00000', '0.00', 0),
(694, 27, 0, '0.00000', '0.00', 0),
(695, 25, 0, '0.00000', '0.00', 0),
(695, 27, 0, '0.00000', '0.00', 0),
(696, 25, 0, '0.00000', '0.00', 0),
(696, 27, 0, '0.00000', '0.00', 0),
(697, 25, 0, '0.00000', '0.00', 0),
(697, 27, 0, '0.00000', '0.00', 0),
(698, 25, 0, '0.00000', '0.00', 0),
(698, 27, 0, '0.00000', '0.00', 0),
(699, 25, 0, '0.00000', '0.00', 0),
(699, 27, 0, '0.00000', '0.00', 0),
(700, 25, 0, '0.00000', '0.00', 0),
(700, 27, 0, '0.00000', '0.00', 0),
(701, 25, 0, '0.00000', '0.00', 0),
(701, 27, 0, '0.00000', '0.00', 0),
(702, 25, 0, '0.00000', '0.00', 0),
(702, 27, 0, '0.00000', '0.00', 0),
(703, 25, 0, '0.00000', '0.00', 0),
(703, 27, 0, '0.00000', '0.00', 0),
(704, 25, 1, '0.00000', '0.00', 0),
(704, 27, 1, '0.00000', '0.00', 0),
(705, 25, 1, '0.00000', '0.00', 0),
(705, 27, 1, '0.00000', '0.00', 0),
(706, 25, 1, '0.00000', '0.00', 0),
(706, 27, 1, '0.00000', '0.00', 0),
(707, 25, 1, '0.00000', '0.00', 0),
(707, 27, 1, '0.00000', '0.00', 0),
(708, 25, 1, '0.00000', '0.00', 0),
(708, 27, 1, '0.00000', '0.00', 0),
(709, 25, 0, '0.00000', '0.00', 0),
(709, 27, 0, '0.00000', '0.00', 0),
(710, 25, 0, '0.00000', '0.00', 0),
(710, 27, 0, '0.00000', '0.00', 0),
(711, 25, 0, '0.00000', '0.00', 0),
(711, 27, 0, '0.00000', '0.00', 0),
(712, 25, 0, '0.00000', '0.00', 0),
(712, 27, 0, '0.00000', '0.00', 0),
(713, 25, 0, '0.00000', '0.00', 0),
(713, 27, 0, '0.00000', '0.00', 0),
(714, 25, 0, '0.00000', '0.00', 0),
(714, 27, 0, '0.00000', '0.00', 0),
(715, 25, 0, '0.00000', '0.00', 0),
(715, 27, 0, '0.00000', '0.00', 0),
(716, 25, 0, '0.00000', '0.00', 0),
(716, 27, 0, '0.00000', '0.00', 0),
(717, 25, 0, '0.00000', '0.00', 0),
(717, 27, 0, '0.00000', '0.00', 0),
(718, 25, 0, '0.00000', '0.00', 0),
(718, 27, 0, '0.00000', '0.00', 0),
(719, 25, 0, '0.00000', '0.00', 0),
(719, 27, 0, '0.00000', '0.00', 0),
(720, 25, 0, '0.00000', '0.00', 0),
(720, 27, 0, '0.00000', '0.00', 0),
(721, 25, 0, '0.00000', '0.00', 0),
(721, 27, 0, '0.00000', '0.00', 0),
(722, 25, 0, '0.00000', '0.00', 0),
(722, 27, 0, '0.00000', '0.00', 0),
(723, 25, 0, '0.00000', '0.00', 0),
(723, 27, 0, '0.00000', '0.00', 0),
(724, 25, 0, '0.00000', '0.00', 0),
(724, 27, 0, '0.00000', '0.00', 0),
(725, 25, 0, '0.00000', '0.00', 0),
(725, 27, 0, '0.00000', '0.00', 0),
(726, 25, 1, '0.00000', '0.00', 0),
(726, 27, 1, '0.00000', '0.00', 0),
(727, 25, 1, '0.00000', '0.00', 0),
(727, 27, 1, '0.00000', '0.00', 0),
(728, 25, 0, '0.00000', '0.00', 0),
(728, 27, 0, '0.00000', '0.00', 0),
(729, 25, 1, '0.00000', '0.00', 0),
(729, 27, 1, '0.00000', '0.00', 0),
(730, 25, 1, '0.00000', '0.00', 0),
(730, 27, 1, '0.00000', '0.00', 0),
(731, 25, 0, '0.00000', '0.00', 0),
(731, 27, 0, '0.00000', '0.00', 0),
(732, 25, 0, '0.00000', '0.00', 0),
(732, 27, 0, '0.00000', '0.00', 0),
(733, 25, 0, '0.00000', '0.00', 0),
(733, 27, 0, '0.00000', '0.00', 0),
(734, 25, 0, '0.00000', '0.00', 0),
(734, 27, 0, '0.00000', '0.00', 0),
(735, 25, 0, '0.00000', '0.00', 0),
(735, 27, 0, '0.00000', '0.00', 0),
(736, 25, 0, '0.00000', '0.00', 0),
(736, 27, 0, '0.00000', '0.00', 0),
(737, 25, 1, '0.00000', '0.00', 0),
(737, 27, 1, '0.00000', '0.00', 0),
(738, 25, 1, '0.00000', '0.00', 0),
(738, 27, 1, '0.00000', '0.00', 0),
(739, 25, 0, '0.00000', '0.00', 0),
(739, 27, 0, '0.00000', '0.00', 0),
(740, 25, 0, '0.00000', '0.00', 0),
(740, 27, 0, '0.00000', '0.00', 0),
(741, 25, 0, '0.00000', '0.00', 0),
(741, 27, 0, '0.00000', '0.00', 0),
(742, 25, 0, '0.00000', '0.00', 0),
(742, 27, 0, '0.00000', '0.00', 0),
(743, 25, 0, '0.00000', '0.00', 0),
(743, 27, 0, '0.00000', '0.00', 0),
(744, 25, 0, '0.00000', '0.00', 0),
(744, 27, 0, '0.00000', '0.00', 0),
(745, 25, 0, '0.00000', '0.00', 0),
(745, 27, 0, '0.00000', '0.00', 0),
(746, 25, 0, '0.00000', '0.00', 0),
(746, 27, 0, '0.00000', '0.00', 0),
(747, 25, 0, '0.00000', '0.00', 0),
(747, 27, 0, '0.00000', '0.00', 0),
(748, 25, 0, '0.00000', '0.00', 0),
(748, 27, 0, '0.00000', '0.00', 0),
(749, 25, 0, '0.00000', '0.00', 0),
(749, 27, 0, '0.00000', '0.00', 0),
(750, 25, 0, '0.00000', '0.00', 0),
(750, 27, 0, '0.00000', '0.00', 0),
(751, 25, 0, '0.00000', '0.00', 0),
(751, 27, 0, '0.00000', '0.00', 0),
(752, 25, 0, '0.00000', '0.00', 0),
(752, 27, 0, '0.00000', '0.00', 0),
(753, 25, 0, '0.00000', '0.00', 0),
(753, 27, 0, '0.00000', '0.00', 0),
(754, 25, 0, '0.00000', '0.00', 0),
(754, 27, 0, '0.00000', '0.00', 0),
(755, 25, 0, '0.00000', '0.00', 0),
(755, 27, 0, '0.00000', '0.00', 0),
(756, 25, 0, '0.00000', '0.00', 0),
(756, 27, 0, '0.00000', '0.00', 0),
(757, 25, 0, '0.00000', '0.00', 0),
(757, 27, 0, '0.00000', '0.00', 0),
(758, 25, 0, '0.00000', '0.00', 0),
(758, 27, 0, '0.00000', '0.00', 0),
(759, 25, 0, '0.00000', '0.00', 0),
(759, 27, 0, '0.00000', '0.00', 0),
(760, 25, 0, '0.00000', '0.00', 0),
(760, 27, 0, '0.00000', '0.00', 0),
(761, 25, 0, '0.00000', '0.00', 0),
(761, 27, 0, '0.00000', '0.00', 0),
(762, 25, 0, '0.00000', '0.00', 0),
(762, 27, 0, '0.00000', '0.00', 0),
(763, 25, 0, '0.00000', '0.00', 0),
(763, 27, 0, '0.00000', '0.00', 0),
(764, 25, 0, '0.00000', '0.00', 0),
(764, 27, 0, '0.00000', '0.00', 0),
(765, 25, 0, '0.00000', '0.00', 0),
(765, 27, 0, '0.00000', '0.00', 0),
(766, 25, 0, '0.00000', '0.00', 0),
(766, 27, 0, '0.00000', '0.00', 0),
(767, 25, 0, '0.00000', '0.00', 0),
(767, 27, 0, '0.00000', '0.00', 0),
(768, 25, 0, '0.00000', '0.00', 0),
(768, 27, 0, '0.00000', '0.00', 0),
(769, 25, 0, '0.00000', '0.00', 0),
(769, 27, 0, '0.00000', '0.00', 0),
(770, 25, 0, '0.00000', '0.00', 0),
(770, 27, 0, '0.00000', '0.00', 0),
(771, 25, 0, '0.00000', '0.00', 0),
(771, 27, 0, '0.00000', '0.00', 0),
(772, 25, 0, '0.00000', '0.00', 0),
(772, 27, 0, '0.00000', '0.00', 0),
(773, 25, 0, '0.00000', '0.00', 0),
(773, 27, 0, '0.00000', '0.00', 0),
(774, 25, 0, '0.00000', '0.00', 0),
(774, 27, 0, '0.00000', '0.00', 0),
(775, 25, 0, '0.00000', '0.00', 0),
(775, 27, 0, '0.00000', '0.00', 0),
(776, 25, 0, '0.00000', '0.00', 0),
(776, 27, 0, '0.00000', '0.00', 0),
(777, 25, 0, '0.00000', '0.00', 0),
(777, 27, 0, '0.00000', '0.00', 0),
(778, 25, 0, '0.00000', '0.00', 0),
(778, 27, 0, '0.00000', '0.00', 0),
(779, 25, 0, '0.00000', '0.00', 0),
(779, 27, 0, '0.00000', '0.00', 0),
(780, 25, 0, '0.00000', '0.00', 0),
(780, 27, 0, '0.00000', '0.00', 0),
(781, 25, 0, '0.00000', '0.00', 0),
(781, 27, 0, '0.00000', '0.00', 0),
(782, 25, 0, '0.00000', '0.00', 0),
(782, 27, 0, '0.00000', '0.00', 0),
(783, 25, 0, '0.00000', '0.00', 0),
(783, 27, 0, '0.00000', '0.00', 0),
(784, 25, 0, '0.00000', '0.00', 0),
(784, 27, 0, '0.00000', '0.00', 0),
(785, 25, 0, '0.00000', '0.00', 0),
(785, 27, 0, '0.00000', '0.00', 0),
(786, 25, 0, '0.00000', '0.00', 0),
(786, 27, 0, '0.00000', '0.00', 0),
(787, 25, 0, '0.00000', '0.00', 0),
(787, 27, 0, '0.00000', '0.00', 0),
(788, 25, 0, '0.00000', '0.00', 0),
(788, 27, 0, '0.00000', '0.00', 0),
(789, 25, 0, '0.00000', '0.00', 0),
(789, 27, 0, '0.00000', '0.00', 0),
(790, 25, 0, '0.00000', '0.00', 0),
(790, 27, 0, '0.00000', '0.00', 0),
(791, 25, 0, '0.00000', '0.00', 0),
(791, 27, 0, '0.00000', '0.00', 0),
(792, 25, 0, '0.00000', '0.00', 0),
(792, 27, 0, '0.00000', '0.00', 0),
(793, 25, 0, '0.00000', '0.00', 0),
(793, 27, 0, '0.00000', '0.00', 0),
(794, 25, 0, '0.00000', '0.00', 0),
(794, 27, 0, '0.00000', '0.00', 0),
(795, 25, 0, '0.00000', '0.00', 0),
(795, 27, 0, '0.00000', '0.00', 0),
(796, 25, 0, '0.00000', '0.00', 0),
(796, 27, 0, '0.00000', '0.00', 0),
(797, 25, 0, '0.00000', '0.00', 0),
(797, 27, 0, '0.00000', '0.00', 0),
(798, 25, 0, '0.00000', '0.00', 0),
(798, 27, 0, '0.00000', '0.00', 0),
(799, 25, 0, '0.00000', '0.00', 0),
(799, 27, 0, '0.00000', '0.00', 0),
(800, 25, 0, '0.00000', '0.00', 0),
(800, 27, 0, '0.00000', '0.00', 0),
(801, 25, 0, '0.00000', '0.00', 0),
(801, 27, 0, '0.00000', '0.00', 0),
(802, 25, 0, '0.00000', '0.00', 0),
(802, 27, 0, '0.00000', '0.00', 0),
(803, 25, 0, '0.00000', '0.00', 0),
(803, 27, 0, '0.00000', '0.00', 0),
(804, 25, 0, '0.00000', '0.00', 0),
(804, 27, 0, '0.00000', '0.00', 0),
(805, 25, 0, '0.00000', '0.00', 0),
(805, 27, 0, '0.00000', '0.00', 0),
(806, 25, 0, '0.00000', '0.00', 0),
(806, 27, 0, '0.00000', '0.00', 0),
(807, 25, 0, '0.00000', '0.00', 0),
(807, 27, 0, '0.00000', '0.00', 0),
(808, 25, 0, '0.00000', '0.00', 0),
(808, 27, 0, '0.00000', '0.00', 0),
(809, 25, 0, '0.00000', '0.00', 0),
(809, 27, 0, '0.00000', '0.00', 0),
(810, 25, 0, '0.00000', '0.00', 0),
(810, 27, 0, '0.00000', '0.00', 0),
(811, 25, 0, '0.00000', '0.00', 0),
(811, 27, 0, '0.00000', '0.00', 0),
(812, 25, 0, '0.00000', '0.00', 0),
(812, 27, 0, '0.00000', '0.00', 0),
(813, 25, 0, '0.00000', '0.00', 0),
(813, 27, 0, '0.00000', '0.00', 0),
(814, 25, 0, '0.00000', '0.00', 0),
(814, 27, 0, '0.00000', '0.00', 0),
(815, 25, 0, '0.00000', '0.00', 0),
(815, 27, 0, '0.00000', '0.00', 0),
(816, 25, 0, '0.00000', '0.00', 0),
(816, 27, 0, '0.00000', '0.00', 0),
(817, 25, 0, '0.00000', '0.00', 0),
(817, 27, 0, '0.00000', '0.00', 0),
(818, 25, 0, '0.00000', '0.00', 0),
(818, 27, 0, '0.00000', '0.00', 0),
(819, 25, 0, '0.00000', '0.00', 0),
(819, 27, 0, '0.00000', '0.00', 0),
(820, 25, 0, '0.00000', '0.00', 0),
(820, 27, 0, '0.00000', '0.00', 0),
(821, 25, 0, '0.00000', '0.00', 0),
(821, 27, 0, '0.00000', '0.00', 0),
(822, 25, 0, '0.00000', '0.00', 0),
(822, 27, 0, '0.00000', '0.00', 0),
(823, 25, 0, '0.00000', '0.00', 0),
(823, 27, 0, '0.00000', '0.00', 0),
(824, 25, 0, '0.00000', '0.00', 0),
(824, 27, 0, '0.00000', '0.00', 0),
(825, 25, 0, '0.00000', '0.00', 0),
(825, 27, 0, '0.00000', '0.00', 0),
(826, 25, 0, '0.00000', '0.00', 0),
(826, 27, 0, '0.00000', '0.00', 0),
(827, 25, 0, '0.00000', '0.00', 0),
(827, 27, 0, '0.00000', '0.00', 0),
(828, 25, 0, '0.00000', '0.00', 0),
(828, 27, 0, '0.00000', '0.00', 0),
(829, 25, 0, '0.00000', '0.00', 0),
(829, 27, 0, '0.00000', '0.00', 0),
(830, 25, 0, '0.00000', '0.00', 0),
(830, 27, 0, '0.00000', '0.00', 0),
(831, 25, 0, '0.00000', '0.00', 0),
(831, 27, 0, '0.00000', '0.00', 0),
(833, 25, 0, '0.00000', '0.00', 0),
(833, 27, 0, '0.00000', '0.00', 0),
(834, 25, 0, '0.00000', '0.00', 0),
(834, 27, 0, '0.00000', '0.00', 0),
(835, 25, 0, '0.00000', '0.00', 0),
(835, 27, 0, '0.00000', '0.00', 0),
(836, 25, 0, '0.00000', '0.00', 0),
(836, 27, 0, '0.00000', '0.00', 0),
(837, 25, 0, '0.00000', '0.00', 0),
(837, 27, 0, '0.00000', '0.00', 0),
(838, 25, 0, '0.00000', '0.00', 0),
(838, 27, 0, '0.00000', '0.00', 0),
(839, 25, 0, '0.00000', '0.00', 0),
(839, 27, 0, '0.00000', '0.00', 0),
(840, 25, 0, '0.00000', '0.00', 0),
(840, 27, 0, '0.00000', '0.00', 0),
(841, 25, 0, '0.00000', '0.00', 0),
(841, 27, 0, '0.00000', '0.00', 0),
(842, 25, 0, '0.00000', '0.00', 0),
(842, 27, 0, '0.00000', '0.00', 0),
(843, 25, 0, '0.00000', '0.00', 0),
(843, 27, 0, '0.00000', '0.00', 0),
(844, 25, 0, '0.00000', '0.00', 0),
(844, 27, 0, '0.00000', '0.00', 0),
(845, 25, 0, '0.00000', '0.00', 0),
(845, 27, 0, '0.00000', '0.00', 0),
(846, 25, 0, '0.00000', '0.00', 0),
(846, 27, 0, '0.00000', '0.00', 0),
(847, 25, 0, '0.00000', '0.00', 0),
(847, 27, 0, '0.00000', '0.00', 0),
(848, 25, 0, '0.00000', '0.00', 0),
(848, 27, 0, '0.00000', '0.00', 0),
(849, 25, 0, '0.00000', '0.00', 0),
(849, 27, 0, '0.00000', '0.00', 0),
(850, 25, 0, '0.00000', '0.00', 0),
(850, 27, 0, '0.00000', '0.00', 0),
(851, 25, 0, '0.00000', '0.00', 0),
(851, 27, 0, '0.00000', '0.00', 0),
(852, 25, 0, '0.00000', '0.00', 0),
(852, 27, 0, '0.00000', '0.00', 0),
(853, 25, 0, '0.00000', '0.00', 0),
(853, 27, 0, '0.00000', '0.00', 0),
(854, 25, 0, '0.00000', '0.00', 0),
(854, 27, 0, '0.00000', '0.00', 0),
(855, 25, 0, '0.00000', '0.00', 0),
(855, 27, 0, '0.00000', '0.00', 0),
(856, 25, 0, '0.00000', '0.00', 0),
(856, 27, 0, '0.00000', '0.00', 0),
(857, 25, 0, '0.00000', '0.00', 0),
(857, 27, 0, '0.00000', '0.00', 0),
(858, 25, 0, '0.00000', '0.00', 0),
(858, 27, 0, '0.00000', '0.00', 0),
(859, 25, 0, '0.00000', '0.00', 0),
(859, 27, 0, '0.00000', '0.00', 0),
(860, 25, 0, '0.00000', '0.00', 0),
(860, 27, 0, '0.00000', '0.00', 0),
(861, 25, 0, '0.00000', '0.00', 0),
(861, 27, 0, '0.00000', '0.00', 0),
(862, 25, 0, '0.00000', '0.00', 0),
(862, 27, 0, '0.00000', '0.00', 0),
(863, 25, 0, '0.00000', '0.00', 0),
(863, 27, 0, '0.00000', '0.00', 0),
(864, 25, 0, '0.00000', '0.00', 0),
(864, 27, 0, '0.00000', '0.00', 0),
(865, 25, 0, '0.00000', '0.00', 0),
(865, 27, 0, '0.00000', '0.00', 0),
(866, 25, 0, '0.00000', '0.00', 0),
(866, 27, 0, '0.00000', '0.00', 0),
(867, 25, 0, '0.00000', '0.00', 0),
(867, 27, 0, '0.00000', '0.00', 0),
(868, 25, 0, '0.00000', '0.00', 0),
(868, 27, 0, '0.00000', '0.00', 0),
(869, 25, 0, '0.00000', '0.00', 0),
(869, 27, 0, '0.00000', '0.00', 0),
(870, 25, 0, '0.00000', '0.00', 0),
(870, 27, 0, '0.00000', '0.00', 0),
(871, 25, 0, '0.00000', '0.00', 0),
(871, 27, 0, '0.00000', '0.00', 0),
(872, 25, 0, '0.00000', '0.00', 0),
(872, 27, 0, '0.00000', '0.00', 0),
(873, 25, 0, '0.00000', '0.00', 0),
(873, 27, 0, '0.00000', '0.00', 0),
(874, 25, 0, '0.00000', '0.00', 0),
(874, 27, 0, '0.00000', '0.00', 0),
(875, 25, 0, '0.00000', '0.00', 0),
(875, 27, 0, '0.00000', '0.00', 0),
(876, 25, 0, '0.00000', '0.00', 0),
(876, 27, 0, '0.00000', '0.00', 0),
(877, 25, 0, '0.00000', '0.00', 0),
(877, 27, 0, '0.00000', '0.00', 0),
(878, 25, 0, '0.00000', '0.00', 0),
(878, 27, 0, '0.00000', '0.00', 0),
(879, 25, 0, '0.00000', '0.00', 0),
(879, 27, 0, '0.00000', '0.00', 0),
(880, 25, 0, '0.00000', '0.00', 0),
(880, 27, 0, '0.00000', '0.00', 0),
(881, 25, 0, '0.00000', '0.00', 0),
(881, 27, 0, '0.00000', '0.00', 0),
(882, 25, 0, '0.00000', '0.00', 0),
(882, 27, 0, '0.00000', '0.00', 0),
(883, 25, 0, '0.00000', '0.00', 0),
(883, 27, 0, '0.00000', '0.00', 0),
(884, 25, 0, '0.00000', '0.00', 0),
(884, 27, 0, '0.00000', '0.00', 0),
(885, 25, 0, '0.00000', '0.00', 0),
(885, 27, 0, '0.00000', '0.00', 0),
(886, 25, 0, '0.00000', '0.00', 0),
(886, 27, 0, '0.00000', '0.00', 0),
(887, 25, 0, '0.00000', '0.00', 0),
(887, 27, 0, '0.00000', '0.00', 0),
(888, 25, 0, '0.00000', '0.00', 0),
(888, 27, 0, '0.00000', '0.00', 0),
(889, 25, 0, '0.00000', '0.00', 0),
(889, 27, 0, '0.00000', '0.00', 0),
(890, 25, 0, '0.00000', '0.00', 0),
(890, 27, 0, '0.00000', '0.00', 0),
(891, 25, 0, '0.00000', '0.00', 0),
(891, 27, 0, '0.00000', '0.00', 0),
(892, 25, 0, '0.00000', '0.00', 0),
(892, 27, 0, '0.00000', '0.00', 0),
(893, 25, 0, '0.00000', '0.00', 0),
(893, 27, 0, '0.00000', '0.00', 0),
(894, 25, 0, '0.00000', '0.00', 0),
(894, 27, 0, '0.00000', '0.00', 0),
(895, 25, 0, '0.00000', '0.00', 0),
(895, 27, 0, '0.00000', '0.00', 0),
(896, 25, 0, '0.00000', '0.00', 0),
(896, 27, 0, '0.00000', '0.00', 0),
(897, 25, 0, '0.00000', '0.00', 0),
(897, 27, 0, '0.00000', '0.00', 0),
(898, 25, 0, '0.00000', '0.00', 0),
(898, 27, 0, '0.00000', '0.00', 0),
(899, 25, 0, '0.00000', '0.00', 0),
(899, 27, 0, '0.00000', '0.00', 0),
(900, 25, 0, '0.00000', '0.00', 0),
(900, 27, 0, '0.00000', '0.00', 0),
(901, 25, 0, '0.00000', '0.00', 0),
(901, 27, 0, '0.00000', '0.00', 0),
(902, 25, 0, '0.00000', '0.00', 0),
(902, 27, 0, '0.00000', '0.00', 0),
(903, 25, 0, '0.00000', '0.00', 0),
(903, 27, 0, '0.00000', '0.00', 0),
(904, 25, 0, '0.00000', '0.00', 0),
(904, 27, 0, '0.00000', '0.00', 0),
(905, 25, 0, '0.00000', '0.00', 0),
(905, 27, 0, '0.00000', '0.00', 0),
(906, 25, 0, '0.00000', '0.00', 0),
(906, 27, 0, '0.00000', '0.00', 0),
(907, 25, 0, '0.00000', '0.00', 0),
(907, 27, 0, '0.00000', '0.00', 0),
(908, 25, 0, '0.00000', '0.00', 0),
(908, 27, 0, '0.00000', '0.00', 0),
(909, 25, 0, '0.00000', '0.00', 0),
(909, 27, 0, '0.00000', '0.00', 0),
(910, 25, 0, '0.00000', '0.00', 0),
(910, 27, 0, '0.00000', '0.00', 0),
(911, 25, 0, '0.00000', '0.00', 0),
(911, 27, 0, '0.00000', '0.00', 0),
(912, 25, 0, '0.00000', '0.00', 0),
(912, 27, 0, '0.00000', '0.00', 0),
(913, 25, 0, '0.00000', '0.00', 0),
(913, 27, 0, '0.00000', '0.00', 0),
(914, 25, 0, '0.00000', '0.00', 0),
(914, 27, 0, '0.00000', '0.00', 0),
(915, 25, 0, '0.00000', '0.00', 0),
(915, 27, 0, '0.00000', '0.00', 0),
(916, 25, 0, '0.00000', '0.00', 0),
(916, 27, 0, '0.00000', '0.00', 0),
(917, 25, 0, '0.00000', '0.00', 0),
(917, 27, 0, '0.00000', '0.00', 0),
(918, 25, 0, '0.00000', '0.00', 0),
(918, 27, 0, '0.00000', '0.00', 0),
(919, 25, 0, '0.00000', '0.00', 0),
(919, 27, 0, '0.00000', '0.00', 0),
(920, 25, 0, '0.00000', '0.00', 0),
(920, 27, 0, '0.00000', '0.00', 0),
(921, 25, 0, '0.00000', '0.00', 0),
(921, 27, 0, '0.00000', '0.00', 0),
(922, 25, 0, '0.00000', '0.00', 0),
(922, 27, 0, '0.00000', '0.00', 0),
(923, 25, 0, '0.00000', '0.00', 0),
(923, 27, 0, '0.00000', '0.00', 0),
(924, 25, 0, '0.00000', '0.00', 0),
(924, 27, 0, '0.00000', '0.00', 0),
(925, 25, 0, '0.00000', '0.00', 0),
(925, 27, 0, '0.00000', '0.00', 0),
(926, 25, 0, '0.00000', '0.00', 0),
(926, 27, 0, '0.00000', '0.00', 0),
(927, 25, 0, '0.00000', '0.00', 0),
(927, 27, 0, '0.00000', '0.00', 0),
(928, 25, 0, '0.00000', '0.00', 0),
(928, 27, 0, '0.00000', '0.00', 0),
(929, 25, 0, '0.00000', '0.00', 0),
(929, 27, 0, '0.00000', '0.00', 0),
(930, 25, 0, '0.00000', '0.00', 0),
(930, 27, 0, '0.00000', '0.00', 0),
(931, 25, 0, '0.00000', '0.00', 0),
(931, 27, 0, '0.00000', '0.00', 0),
(932, 25, 1, '0.00000', '0.00', 0),
(932, 27, 1, '0.00000', '0.00', 0),
(933, 25, 0, '0.00000', '0.00', 0),
(933, 27, 0, '0.00000', '0.00', 0),
(934, 25, 0, '0.00000', '0.00', 0),
(934, 27, 0, '0.00000', '0.00', 0),
(935, 25, 0, '0.00000', '0.00', 0),
(935, 27, 0, '0.00000', '0.00', 0),
(936, 25, 0, '0.00000', '0.00', 0),
(936, 27, 0, '0.00000', '0.00', 0),
(938, 25, 0, '0.00000', '0.00', 0),
(938, 27, 0, '0.00000', '0.00', 0),
(940, 25, 0, '0.00000', '0.00', 0),
(940, 27, 0, '0.00000', '0.00', 0),
(941, 25, 0, '0.00000', '0.00', 0),
(941, 27, 0, '0.00000', '0.00', 0),
(942, 25, 0, '0.00000', '0.00', 0),
(942, 27, 0, '0.00000', '0.00', 0),
(943, 25, 0, '0.00000', '0.00', 0),
(943, 27, 0, '0.00000', '0.00', 0),
(944, 25, 0, '0.00000', '0.00', 0),
(944, 27, 0, '0.00000', '0.00', 0),
(945, 25, 0, '0.00000', '0.00', 0),
(945, 27, 0, '0.00000', '0.00', 0),
(946, 25, 0, '0.00000', '0.00', 0),
(946, 27, 0, '0.00000', '0.00', 0),
(947, 25, 0, '0.00000', '0.00', 0),
(947, 27, 0, '0.00000', '0.00', 0),
(948, 25, 0, '0.00000', '0.00', 0),
(948, 27, 0, '0.00000', '0.00', 0),
(949, 25, 0, '0.00000', '0.00', 0),
(949, 27, 0, '0.00000', '0.00', 0),
(950, 25, 0, '0.00000', '0.00', 0),
(950, 26, 0, '0.00000', '0.00', 0),
(950, 27, 0, '0.00000', '0.00', 0),
(951, 25, 0, '0.00000', '0.00', 0),
(951, 27, 0, '0.00000', '0.00', 0),
(952, 25, 0, '0.00000', '0.00', 0),
(952, 27, 0, '0.00000', '0.00', 0),
(953, 25, 0, '0.00000', '0.00', 0),
(953, 27, 0, '0.00000', '0.00', 0),
(954, 25, 1, '0.00000', '0.00', 0),
(954, 27, 1, '0.00000', '0.00', 0),
(955, 25, 1, '0.00000', '0.00', 0),
(955, 27, 1, '0.00000', '0.00', 0),
(956, 25, 0, '0.00000', '0.00', 0),
(956, 27, 0, '0.00000', '0.00', 0),
(957, 25, 0, '0.00000', '0.00', 0),
(957, 27, 0, '0.00000', '0.00', 0),
(958, 25, 0, '0.00000', '0.00', 0),
(958, 27, 0, '0.00000', '0.00', 0),
(959, 25, 0, '0.00000', '0.00', 0),
(959, 27, 0, '0.00000', '0.00', 0),
(960, 25, 0, '0.00000', '0.00', 0),
(960, 27, 0, '0.00000', '0.00', 0),
(961, 25, 0, '0.00000', '0.00', 0),
(961, 27, 0, '0.00000', '0.00', 0),
(962, 25, 0, '0.00000', '0.00', 0),
(962, 27, 0, '0.00000', '0.00', 0),
(963, 25, 0, '0.00000', '0.00', 0),
(963, 27, 0, '0.00000', '0.00', 0),
(964, 25, 1, '0.00000', '0.00', 0),
(964, 27, 1, '0.00000', '0.00', 0),
(965, 25, 0, '0.00000', '0.00', 0),
(965, 27, 0, '0.00000', '0.00', 0),
(966, 25, 0, '0.00000', '0.00', 0),
(966, 27, 0, '0.00000', '0.00', 0),
(967, 25, 0, '0.00000', '0.00', 0),
(967, 27, 0, '0.00000', '0.00', 0),
(968, 25, 0, '0.00000', '0.00', 0),
(968, 27, 0, '0.00000', '0.00', 0),
(969, 25, 1, '0.00000', '0.00', 0),
(969, 27, 1, '0.00000', '0.00', 0),
(970, 25, 1, '0.00000', '0.00', 0),
(970, 27, 1, '0.00000', '0.00', 0),
(971, 25, 0, '0.00000', '0.00', 0),
(971, 27, 0, '0.00000', '0.00', 0),
(972, 25, 0, '0.00000', '0.00', 0),
(972, 27, 0, '0.00000', '0.00', 0),
(973, 25, 0, '0.00000', '0.00', 0),
(973, 27, 0, '0.00000', '0.00', 0),
(974, 25, 0, '0.00000', '0.00', 0),
(974, 27, 0, '0.00000', '0.00', 0),
(975, 25, 0, '0.00000', '0.00', 0),
(975, 27, 0, '0.00000', '0.00', 0),
(976, 25, 0, '0.00000', '0.00', 0),
(976, 27, 0, '0.00000', '0.00', 0),
(977, 25, 0, '0.00000', '0.00', 0),
(977, 27, 0, '0.00000', '0.00', 0),
(978, 25, 0, '0.00000', '0.00', 0),
(978, 27, 0, '0.00000', '0.00', 0),
(979, 25, 0, '0.00000', '0.00', 0),
(979, 27, 0, '0.00000', '0.00', 0),
(980, 25, 0, '0.00000', '0.00', 0),
(980, 27, 0, '0.00000', '0.00', 0),
(981, 25, 0, '0.00000', '0.00', 0),
(981, 27, 0, '0.00000', '0.00', 0),
(982, 25, 0, '0.00000', '0.00', 0),
(982, 27, 0, '0.00000', '0.00', 0),
(983, 25, 0, '0.00000', '0.00', 0),
(983, 27, 0, '0.00000', '0.00', 0),
(984, 25, 0, '0.00000', '0.00', 0),
(984, 27, 0, '0.00000', '0.00', 0),
(985, 25, 0, '0.00000', '0.00', 0),
(985, 27, 0, '0.00000', '0.00', 0),
(986, 25, 0, '0.00000', '0.00', 0),
(986, 27, 0, '0.00000', '0.00', 0),
(987, 25, 0, '0.00000', '0.00', 0),
(987, 27, 0, '0.00000', '0.00', 0),
(988, 25, 1, '0.00000', '0.00', 0),
(988, 27, 1, '0.00000', '0.00', 0),
(989, 25, 0, '0.00000', '0.00', 0),
(989, 27, 0, '0.00000', '0.00', 0),
(990, 25, 0, '0.00000', '0.00', 0),
(990, 27, 0, '0.00000', '0.00', 0),
(991, 25, 0, '0.00000', '0.00', 0),
(991, 27, 0, '0.00000', '0.00', 0),
(992, 25, 0, '0.00000', '0.00', 0),
(992, 27, 0, '0.00000', '0.00', 0),
(993, 25, 0, '0.00000', '0.00', 0),
(993, 27, 0, '0.00000', '0.00', 0),
(994, 25, 0, '0.00000', '0.00', 0),
(994, 27, 0, '0.00000', '0.00', 0),
(995, 25, 0, '0.00000', '0.00', 0),
(995, 27, 0, '0.00000', '0.00', 0),
(996, 25, 0, '0.00000', '0.00', 0),
(996, 27, 0, '0.00000', '0.00', 0),
(997, 25, 0, '0.00000', '0.00', 0),
(997, 27, 0, '0.00000', '0.00', 0),
(999, 25, 0, '0.00000', '0.00', 0),
(999, 27, 0, '0.00000', '0.00', 0),
(1001, 25, 0, '0.00000', '0.00', 0),
(1001, 27, 0, '0.00000', '0.00', 0),
(1002, 25, 0, '0.00000', '0.00', 0),
(1002, 27, 0, '0.00000', '0.00', 0),
(1003, 25, 0, '0.00000', '0.00', 0),
(1003, 27, 0, '0.00000', '0.00', 0),
(1004, 25, 0, '0.00000', '0.00', 0),
(1004, 27, 0, '0.00000', '0.00', 0),
(1005, 25, 0, '0.00000', '0.00', 0),
(1005, 27, 0, '0.00000', '0.00', 0),
(1006, 25, 0, '0.00000', '0.00', 0),
(1006, 27, 0, '0.00000', '0.00', 0),
(1007, 25, 0, '0.00000', '0.00', 0),
(1007, 27, 0, '0.00000', '0.00', 0),
(1008, 25, 0, '0.00000', '0.00', 0),
(1008, 26, 0, '0.00000', '0.00', 0),
(1008, 27, 0, '0.00000', '0.00', 0),
(1009, 25, 0, '0.00000', '0.00', 0),
(1009, 27, 0, '0.00000', '0.00', 0),
(1010, 25, 0, '0.00000', '0.00', 0),
(1010, 27, 0, '0.00000', '0.00', 0),
(1011, 25, 0, '0.00000', '0.00', 0),
(1011, 27, 0, '0.00000', '0.00', 0),
(1012, 25, 0, '0.00000', '0.00', 0),
(1012, 27, 0, '0.00000', '0.00', 0),
(1013, 25, 0, '0.00000', '0.00', 0),
(1013, 27, 0, '0.00000', '0.00', 0),
(1014, 25, 0, '0.00000', '0.00', 0),
(1014, 27, 0, '0.00000', '0.00', 0),
(1015, 25, 0, '0.00000', '0.00', 0),
(1015, 27, 0, '0.00000', '0.00', 0),
(1016, 25, 0, '0.00000', '0.00', 0),
(1016, 27, 0, '0.00000', '0.00', 0),
(1017, 25, 0, '0.00000', '0.00', 0),
(1017, 27, 0, '0.00000', '0.00', 0),
(1018, 25, 0, '0.00000', '0.00', 0),
(1018, 27, 0, '0.00000', '0.00', 0),
(1019, 25, 0, '0.00000', '0.00', 0),
(1019, 27, 0, '0.00000', '0.00', 0),
(1020, 25, 0, '0.00000', '0.00', 0),
(1020, 27, 0, '0.00000', '0.00', 0),
(1021, 25, 0, '0.00000', '0.00', 0),
(1021, 27, 0, '0.00000', '0.00', 0),
(1022, 25, 0, '0.00000', '0.00', 0),
(1022, 27, 0, '0.00000', '0.00', 0),
(1023, 25, 0, '0.00000', '0.00', 0),
(1023, 27, 0, '0.00000', '0.00', 0),
(1025, 25, 0, '0.00000', '0.00', 0),
(1025, 27, 0, '0.00000', '0.00', 0),
(1026, 25, 0, '0.00000', '0.00', 0),
(1026, 27, 0, '0.00000', '0.00', 0),
(1027, 25, 0, '0.00000', '0.00', 0),
(1027, 27, 0, '0.00000', '0.00', 0),
(1028, 25, 0, '0.00000', '0.00', 0),
(1028, 27, 0, '0.00000', '0.00', 0),
(1029, 25, 0, '0.00000', '0.00', 0),
(1029, 27, 0, '0.00000', '0.00', 0),
(1030, 25, 0, '0.00000', '0.00', 0),
(1030, 27, 0, '0.00000', '0.00', 0),
(1031, 25, 0, '0.00000', '0.00', 0),
(1031, 27, 0, '0.00000', '0.00', 0),
(1032, 25, 0, '0.00000', '0.00', 0),
(1032, 27, 0, '0.00000', '0.00', 0),
(1033, 25, 0, '0.00000', '0.00', 0),
(1033, 27, 0, '0.00000', '0.00', 0),
(1034, 25, 0, '0.00000', '0.00', 0),
(1034, 27, 0, '0.00000', '0.00', 0),
(1035, 25, 0, '0.00000', '0.00', 0),
(1035, 27, 0, '0.00000', '0.00', 0),
(1036, 25, 0, '0.00000', '0.00', 0),
(1036, 27, 0, '0.00000', '0.00', 0),
(1037, 25, 0, '0.00000', '0.00', 0),
(1037, 27, 0, '0.00000', '0.00', 0),
(1038, 25, 0, '0.00000', '0.00', 0),
(1038, 27, 0, '0.00000', '0.00', 0),
(1039, 25, 0, '0.00000', '0.00', 0),
(1039, 27, 0, '0.00000', '0.00', 0),
(1040, 25, 0, '0.00000', '0.00', 0),
(1040, 27, 0, '0.00000', '0.00', 0),
(1041, 25, 0, '0.00000', '0.00', 0),
(1041, 27, 0, '0.00000', '0.00', 0),
(1042, 25, 0, '0.00000', '0.00', 0),
(1042, 27, 0, '0.00000', '0.00', 0),
(1043, 25, 0, '0.00000', '0.00', 0),
(1043, 27, 0, '0.00000', '0.00', 0),
(1044, 25, 0, '0.00000', '0.00', 0),
(1044, 27, 0, '0.00000', '0.00', 0),
(1045, 25, 0, '0.00000', '0.00', 0),
(1045, 27, 0, '0.00000', '0.00', 0),
(1046, 25, 0, '0.00000', '0.00', 0),
(1046, 27, 0, '0.00000', '0.00', 0),
(1047, 25, 0, '0.00000', '0.00', 0),
(1047, 27, 0, '0.00000', '0.00', 0),
(1048, 25, 0, '0.00000', '0.00', 0),
(1048, 26, 0, '0.00000', '0.00', 0),
(1048, 27, 0, '0.00000', '0.00', 0),
(1049, 25, 0, '0.00000', '0.00', 0),
(1049, 26, 0, '0.00000', '0.00', 0),
(1049, 27, 0, '0.00000', '0.00', 0),
(1050, 25, 0, '0.00000', '0.00', 0),
(1050, 26, 0, '0.00000', '0.00', 0),
(1050, 27, 0, '0.00000', '0.00', 0),
(1051, 25, 0, '0.00000', '0.00', 0),
(1051, 27, 0, '0.00000', '0.00', 0),
(1052, 25, 0, '0.00000', '0.00', 0),
(1052, 27, 0, '0.00000', '0.00', 0),
(1053, 25, 0, '0.00000', '0.00', 0),
(1053, 27, 0, '0.00000', '0.00', 0),
(1054, 25, 0, '0.00000', '0.00', 0),
(1054, 27, 0, '0.00000', '0.00', 0),
(1055, 25, 0, '0.00000', '0.00', 0),
(1055, 27, 0, '0.00000', '0.00', 0),
(1056, 25, 0, '0.00000', '0.00', 0),
(1056, 27, 0, '0.00000', '0.00', 0),
(1057, 25, 0, '0.00000', '0.00', 0),
(1057, 27, 0, '0.00000', '0.00', 0),
(1058, 25, 0, '0.00000', '0.00', 0),
(1058, 27, 0, '0.00000', '0.00', 0),
(1059, 25, 0, '0.00000', '0.00', 0),
(1059, 27, 0, '0.00000', '0.00', 0),
(1060, 25, 0, '0.00000', '0.00', 0),
(1060, 27, 0, '0.00000', '0.00', 0),
(1061, 25, 0, '0.00000', '0.00', 0),
(1061, 27, 0, '0.00000', '0.00', 0),
(1062, 25, 0, '0.00000', '0.00', 0),
(1062, 27, 0, '0.00000', '0.00', 0),
(1063, 25, 0, '0.00000', '0.00', 0),
(1063, 27, 0, '0.00000', '0.00', 0),
(1064, 25, 0, '0.00000', '0.00', 0),
(1064, 27, 0, '0.00000', '0.00', 0),
(1065, 25, 0, '0.00000', '0.00', 0),
(1065, 27, 0, '0.00000', '0.00', 0),
(1066, 25, 0, '0.00000', '0.00', 0),
(1066, 27, 0, '0.00000', '0.00', 0),
(1067, 25, 0, '0.00000', '0.00', 0),
(1067, 27, 0, '0.00000', '0.00', 0),
(1068, 25, 0, '0.00000', '0.00', 0),
(1068, 27, 0, '0.00000', '0.00', 0),
(1069, 25, 0, '0.00000', '0.00', 0),
(1069, 27, 0, '0.00000', '0.00', 0),
(1070, 25, 0, '0.00000', '0.00', 0),
(1070, 27, 0, '0.00000', '0.00', 0),
(1071, 25, 0, '0.00000', '0.00', 0),
(1071, 27, 0, '0.00000', '0.00', 0),
(1072, 25, 0, '0.00000', '0.00', 0),
(1072, 27, 0, '0.00000', '0.00', 0),
(1073, 25, 0, '0.00000', '0.00', 0),
(1073, 27, 0, '0.00000', '0.00', 0),
(1074, 25, 0, '0.00000', '0.00', 0),
(1074, 27, 0, '0.00000', '0.00', 0),
(1075, 25, 0, '0.00000', '0.00', 0),
(1075, 27, 0, '0.00000', '0.00', 0),
(1076, 25, 0, '0.00000', '0.00', 0),
(1076, 27, 0, '0.00000', '0.00', 0),
(1077, 25, 0, '0.00000', '0.00', 0),
(1077, 27, 0, '0.00000', '0.00', 0),
(1078, 25, 0, '0.00000', '0.00', 0),
(1078, 27, 0, '0.00000', '0.00', 0),
(1079, 25, 0, '0.00000', '0.00', 0),
(1079, 27, 0, '0.00000', '0.00', 0),
(1080, 25, 0, '0.00000', '0.00', 0),
(1080, 27, 0, '0.00000', '0.00', 0),
(1081, 25, 0, '0.00000', '0.00', 0),
(1081, 27, 0, '0.00000', '0.00', 0),
(1082, 25, 0, '0.00000', '0.00', 0),
(1082, 27, 0, '0.00000', '0.00', 0),
(1083, 25, 0, '0.00000', '0.00', 0),
(1083, 27, 0, '0.00000', '0.00', 0),
(1084, 25, 0, '0.00000', '0.00', 0),
(1084, 27, 0, '0.00000', '0.00', 0),
(1085, 25, 0, '0.00000', '0.00', 0),
(1085, 27, 0, '0.00000', '0.00', 0),
(1087, 25, 0, '0.00000', '0.00', 0),
(1087, 27, 0, '0.00000', '0.00', 0),
(1088, 25, 0, '0.00000', '0.00', 0),
(1088, 27, 0, '0.00000', '0.00', 0),
(1089, 25, 0, '0.00000', '0.00', 0),
(1089, 27, 0, '0.00000', '0.00', 0),
(1090, 25, 0, '0.00000', '0.00', 0),
(1090, 27, 0, '0.00000', '0.00', 0),
(1091, 25, 0, '0.00000', '0.00', 0),
(1091, 27, 0, '0.00000', '0.00', 0),
(1092, 25, 0, '0.00000', '0.00', 0),
(1092, 27, 0, '0.00000', '0.00', 0),
(1093, 25, 0, '0.00000', '0.00', 0),
(1093, 27, 0, '0.00000', '0.00', 0),
(1094, 25, 0, '0.00000', '0.00', 0),
(1094, 27, 0, '0.00000', '0.00', 0),
(1096, 25, 0, '0.00000', '0.00', 0),
(1096, 27, 0, '0.00000', '0.00', 0),
(1097, 25, 0, '0.00000', '0.00', 0),
(1097, 27, 0, '0.00000', '0.00', 0),
(1099, 25, 0, '0.00000', '0.00', 0),
(1099, 27, 0, '0.00000', '0.00', 0),
(1100, 25, 0, '0.00000', '0.00', 0),
(1100, 27, 0, '0.00000', '0.00', 0),
(1101, 25, 0, '0.00000', '0.00', 0),
(1101, 27, 0, '0.00000', '0.00', 0),
(1102, 25, 0, '0.00000', '0.00', 0),
(1102, 27, 0, '0.00000', '0.00', 0),
(1103, 25, 0, '0.00000', '0.00', 0),
(1103, 27, 0, '0.00000', '0.00', 0),
(1104, 25, 0, '0.00000', '0.00', 0),
(1104, 27, 0, '0.00000', '0.00', 0),
(1105, 25, 0, '0.00000', '0.00', 0),
(1105, 27, 0, '0.00000', '0.00', 0),
(1106, 25, 0, '0.00000', '0.00', 0),
(1106, 27, 0, '0.00000', '0.00', 0),
(1107, 25, 0, '0.00000', '0.00', 0),
(1107, 27, 0, '0.00000', '0.00', 0),
(1108, 25, 0, '0.00000', '0.00', 0),
(1108, 27, 0, '0.00000', '0.00', 0),
(1109, 25, 0, '0.00000', '0.00', 0),
(1109, 27, 0, '0.00000', '0.00', 0),
(1110, 25, 0, '0.00000', '0.00', 0),
(1110, 27, 0, '0.00000', '0.00', 0),
(1111, 25, 0, '0.00000', '0.00', 0),
(1111, 27, 0, '0.00000', '0.00', 0),
(1112, 25, 0, '0.00000', '0.00', 0),
(1112, 27, 0, '0.00000', '0.00', 0),
(1113, 25, 0, '0.00000', '0.00', 0),
(1113, 27, 0, '0.00000', '0.00', 0),
(1114, 25, 0, '0.00000', '0.00', 0),
(1114, 27, 0, '0.00000', '0.00', 0),
(1115, 25, 0, '0.00000', '0.00', 0),
(1115, 27, 0, '0.00000', '0.00', 0),
(1126, 25, 0, '0.00000', '0.00', 0),
(1126, 27, 0, '0.00000', '0.00', 0),
(1127, 25, 0, '0.00000', '0.00', 0),
(1127, 27, 0, '0.00000', '0.00', 0),
(1128, 25, 0, '0.00000', '0.00', 0),
(1128, 27, 0, '0.00000', '0.00', 0),
(1129, 25, 0, '0.00000', '0.00', 0),
(1129, 27, 0, '0.00000', '0.00', 0),
(1130, 25, 0, '0.00000', '0.00', 0),
(1130, 27, 0, '0.00000', '0.00', 0),
(1131, 25, 0, '0.00000', '0.00', 0),
(1131, 27, 0, '0.00000', '0.00', 0),
(1132, 25, 0, '0.00000', '0.00', 0),
(1132, 27, 0, '0.00000', '0.00', 0),
(1133, 25, 0, '0.00000', '0.00', 0),
(1133, 27, 0, '0.00000', '0.00', 0),
(1134, 25, 0, '0.00000', '0.00', 0),
(1134, 27, 0, '0.00000', '0.00', 0),
(1135, 25, 0, '0.00000', '0.00', 0),
(1135, 27, 0, '0.00000', '0.00', 0),
(1136, 25, 0, '0.00000', '0.00', 0),
(1136, 27, 0, '0.00000', '0.00', 0),
(1137, 25, 0, '0.00000', '0.00', 0),
(1137, 27, 0, '0.00000', '0.00', 0),
(1138, 25, 0, '0.00000', '0.00', 0),
(1138, 27, 0, '0.00000', '0.00', 0),
(1139, 25, 0, '0.00000', '0.00', 0),
(1139, 27, 0, '0.00000', '0.00', 0),
(1140, 25, 0, '0.00000', '0.00', 0),
(1140, 27, 0, '0.00000', '0.00', 0),
(1141, 25, 0, '0.00000', '0.00', 0),
(1141, 27, 0, '0.00000', '0.00', 0),
(1142, 25, 0, '0.00000', '0.00', 0),
(1142, 27, 0, '0.00000', '0.00', 0),
(1143, 25, 0, '0.00000', '0.00', 0),
(1143, 27, 0, '0.00000', '0.00', 0),
(1144, 25, 0, '0.00000', '0.00', 0),
(1144, 27, 0, '0.00000', '0.00', 0),
(1145, 25, 0, '0.00000', '0.00', 0),
(1145, 27, 0, '0.00000', '0.00', 0),
(1146, 25, 0, '0.00000', '0.00', 0),
(1146, 27, 0, '0.00000', '0.00', 0),
(1147, 25, 0, '0.00000', '0.00', 0),
(1147, 27, 0, '0.00000', '0.00', 0),
(1148, 25, 0, '0.00000', '0.00', 0),
(1148, 27, 0, '0.00000', '0.00', 0),
(1149, 25, 0, '0.00000', '0.00', 0),
(1149, 27, 0, '0.00000', '0.00', 0),
(1150, 25, 0, '0.00000', '0.00', 0),
(1150, 27, 0, '0.00000', '0.00', 0),
(1151, 25, 1, '2333.33333', '0.00', 0),
(1151, 27, 1, '0.00000', '0.00', 0),
(1152, 25, 0, '0.00000', '0.00', 0),
(1152, 27, 0, '0.00000', '0.00', 0),
(1153, 25, 0, '0.00000', '0.00', 0),
(1153, 27, 0, '0.00000', '0.00', 0),
(1155, 25, 0, '0.00000', '0.00', 0),
(1155, 27, 0, '0.00000', '0.00', 0),
(1156, 25, 0, '0.00000', '0.00', 0),
(1156, 27, 0, '0.00000', '0.00', 0),
(1157, 25, 0, '0.00000', '0.00', 0),
(1157, 27, 0, '0.00000', '0.00', 0),
(1158, 25, 0, '0.00000', '0.00', 0),
(1158, 27, 0, '0.00000', '0.00', 0),
(1159, 25, 1, '0.00000', '0.00', 0),
(1159, 27, 1, '0.00000', '0.00', 0),
(1160, 25, 0, '0.00000', '0.00', 0),
(1160, 27, 0, '0.00000', '0.00', 0),
(1161, 25, 0, '0.00000', '0.00', 0),
(1161, 27, 0, '0.00000', '0.00', 0),
(1162, 25, 0, '0.00000', '0.00', 0),
(1162, 27, 0, '0.00000', '0.00', 0),
(1163, 25, 0, '0.00000', '0.00', 0),
(1163, 27, 0, '0.00000', '0.00', 0),
(1164, 25, 0, '0.00000', '0.00', 0),
(1165, 25, 0, '0.00000', '0.00', 0),
(1165, 27, 0, '0.00000', '0.00', 0),
(1166, 25, 0, '0.00000', '0.00', 0),
(1167, 25, 1, '0.00000', '0.00', 0),
(1168, 25, 1, '0.00000', '0.00', 0),
(1169, 25, 1, '0.00000', '0.00', 0),
(1170, 25, 1, '0.00000', '0.00', 0),
(1171, 25, 1, '0.00000', '0.00', 0),
(1172, 25, 0, '0.00000', '0.00', 0),
(1173, 25, 0, '0.00000', '0.00', 0),
(1173, 27, 0, '0.00000', '0.00', 0),
(1174, 25, 0, '0.00000', '0.00', 0),
(1174, 27, 0, '0.00000', '0.00', 0),
(1175, 25, 1, '0.00000', '0.00', 0),
(1175, 27, 1, '0.00000', '0.00', 0),
(1176, 25, 0, '0.00000', '0.00', 0),
(1176, 27, 0, '0.00000', '0.00', 0),
(1177, 25, 0, '0.00000', '0.00', 0),
(1177, 27, 0, '0.00000', '0.00', 0),
(1178, 25, 0, '0.00000', '0.00', 0),
(1179, 25, 0, '0.00000', '0.00', 0),
(1180, 25, 0, '0.00000', '0.00', 0),
(1181, 25, 0, '0.00000', '0.00', 0),
(1181, 27, 0, '0.00000', '0.00', 0),
(1182, 25, 0, '0.00000', '0.00', 0),
(1182, 27, 0, '0.00000', '0.00', 0),
(1183, 25, 0, '0.00000', '0.00', 0),
(1184, 25, 0, '0.00000', '0.00', 0),
(1184, 27, 0, '0.00000', '0.00', 0),
(1185, 25, 0, '0.00000', '0.00', 0),
(1185, 26, 0, '0.00000', '0.00', 0),
(1185, 27, 0, '0.00000', '0.00', 0),
(1186, 25, 0, '0.00000', '0.00', 0),
(1186, 27, 0, '0.00000', '0.00', 0),
(1187, 25, 0, '0.00000', '0.00', 0),
(1187, 26, 0, '0.00000', '0.00', 0),
(1187, 27, 0, '0.00000', '0.00', 0),
(1188, 25, 0, '0.00000', '0.00', 0),
(1188, 27, 0, '0.00000', '0.00', 0),
(1189, 25, 0, '0.00000', '0.00', 0),
(1189, 27, 0, '0.00000', '0.00', 0),
(1190, 25, 0, '0.00000', '0.00', 0),
(1190, 26, 0, '0.00000', '0.00', 0),
(1190, 27, 0, '0.00000', '0.00', 0),
(1191, 25, 0, '0.00000', '0.00', 0),
(1191, 26, 0, '0.00000', '0.00', 0),
(1191, 27, 0, '0.00000', '0.00', 0),
(1192, 25, 0, '0.00000', '0.00', 0),
(1192, 26, 0, '0.00000', '0.00', 0),
(1192, 27, 0, '0.00000', '0.00', 0),
(1193, 25, 0, '0.00000', '0.00', 0),
(1193, 26, 0, '0.00000', '0.00', 0),
(1193, 27, 0, '0.00000', '0.00', 0),
(1194, 25, 0, '0.00000', '0.00', 0),
(1194, 27, 0, '0.00000', '0.00', 0),
(1195, 25, 0, '0.00000', '0.00', 0),
(1195, 26, 0, '0.00000', '0.00', 0),
(1195, 27, 0, '0.00000', '0.00', 0),
(1197, 25, 0, '0.00000', '0.00', 0),
(1197, 27, 0, '0.00000', '0.00', 0),
(1198, 25, 0, '0.00000', '0.00', 0),
(1198, 27, 0, '0.00000', '0.00', 0),
(1199, 25, 0, '0.00000', '0.00', 0),
(1199, 27, 0, '0.00000', '0.00', 0),
(1200, 25, 0, '0.00000', '0.00', 0),
(1200, 27, 0, '0.00000', '0.00', 0),
(1201, 25, 0, '0.00000', '0.00', 0),
(1201, 27, 0, '0.00000', '0.00', 0),
(1202, 25, 0, '0.00000', '0.00', 0),
(1202, 27, 0, '0.00000', '0.00', 0),
(1203, 25, 0, '0.00000', '0.00', 0),
(1203, 27, 0, '0.00000', '0.00', 0),
(1204, 25, 0, '0.00000', '0.00', 0),
(1204, 27, 0, '0.00000', '0.00', 0),
(1205, 25, 0, '0.00000', '0.00', 0),
(1205, 27, 0, '0.00000', '0.00', 0),
(1207, 25, 0, '0.00000', '0.00', 0),
(1207, 27, 0, '0.00000', '0.00', 0),
(1208, 25, 0, '0.00000', '0.00', 0),
(1208, 27, 0, '0.00000', '0.00', 0),
(1209, 25, 0, '0.00000', '0.00', 0),
(1209, 27, 0, '0.00000', '0.00', 0),
(1210, 25, 0, '0.00000', '0.00', 0),
(1210, 27, 0, '0.00000', '0.00', 0),
(1211, 25, 0, '0.00000', '0.00', 0),
(1211, 27, 0, '0.00000', '0.00', 0),
(1212, 25, 0, '0.00000', '0.00', 0),
(1212, 27, 0, '0.00000', '0.00', 0),
(1213, 25, 0, '0.00000', '0.00', 0),
(1213, 27, 0, '0.00000', '0.00', 0),
(1214, 25, 0, '0.00000', '0.00', 0),
(1214, 26, 0, '0.00000', '0.00', 0),
(1214, 27, 0, '0.00000', '0.00', 0),
(1215, 25, 0, '0.00000', '0.00', 0),
(1215, 27, 0, '0.00000', '0.00', 0),
(1216, 25, 0, '0.00000', '0.00', 0),
(1216, 27, 0, '0.00000', '0.00', 0),
(1217, 25, 0, '0.00000', '0.00', 0),
(1217, 27, 0, '0.00000', '0.00', 0),
(1218, 25, 0, '0.00000', '0.00', 0),
(1218, 27, 0, '0.00000', '0.00', 0),
(1219, 25, 0, '0.00000', '0.00', 0),
(1220, 25, 0, '0.00000', '0.00', 0),
(1220, 27, 0, '0.00000', '0.00', 0),
(1221, 25, 0, '0.00000', '0.00', 0),
(1221, 27, 0, '0.00000', '0.00', 0),
(1222, 25, 0, '0.00000', '0.00', 0),
(1222, 27, 0, '0.00000', '0.00', 0),
(1223, 25, 0, '0.00000', '0.00', 0),
(1223, 27, 0, '0.00000', '0.00', 0),
(1224, 25, 0, '0.00000', '0.00', 0),
(1224, 27, 0, '0.00000', '0.00', 0),
(1225, 25, 0, '0.00000', '0.00', 0),
(1225, 27, 0, '0.00000', '0.00', 0),
(1226, 25, 0, '0.00000', '0.00', 0),
(1226, 27, 0, '0.00000', '0.00', 0),
(1227, 25, 0, '0.00000', '0.00', 0),
(1227, 27, 0, '0.00000', '0.00', 0),
(1228, 25, 0, '0.00000', '0.00', 0),
(1228, 27, 0, '0.00000', '0.00', 0),
(1229, 25, 0, '0.00000', '0.00', 0),
(1229, 27, 0, '0.00000', '0.00', 0),
(1230, 25, 0, '0.00000', '0.00', 0),
(1230, 27, 0, '0.00000', '0.00', 0);

-- --------------------------------------------------------

--
-- Table structure for table `item_groups`
--

CREATE TABLE IF NOT EXISTS `item_groups` (
  `id` int(10) NOT NULL AUTO_INCREMENT,
  `item_category_id` int(10) NOT NULL,
  `name` varchar(100) NOT NULL,
  PRIMARY KEY (`id`)
) ENGINE=InnoDB  DEFAULT CHARSET=latin1 AUTO_INCREMENT=38 ;

--
-- Dumping data for table `item_groups`
--

INSERT INTO `item_groups` (`id`, `item_category_id`, `name`) VALUES
(1, 1, 'Johnson Pumps'),
(2, 1, 'Tushaco Pumps'),
(3, 1, 'Positive Pumps'),
(4, 1, 'Darling Pumps'),
(5, 1, 'Antico Pumps'),
(6, 1, 'Other Pumps'),
(7, 3, 'BBL Motors'),
(8, 3, 'REMI Motors'),
(12, 2, 'Filters'),
(13, 3, 'Siemens Motors'),
(15, 6, 'Tushaco Spares'),
(16, 6, 'Johnson Spares'),
(17, 6, 'Antico Spares'),
(18, 6, 'Darling Spares'),
(19, 6, 'Positive Spares'),
(20, 6, 'Other Spares'),
(21, 6, 'Motor Spares'),
(22, 7, 'Tushaco Pump with Motor'),
(26, 7, 'Johnson Pump with Motor'),
(27, 7, 'Antico Pump With Motor'),
(28, 7, 'Positive Pump With Motor'),
(29, 5, 'Other Spares'),
(30, 5, 'Others'),
(31, 6, 'Motor Spares'),
(32, 2, 'Filter Element'),
(33, 8, 'Plate Type Heat Exchanger'),
(34, 4, 'Cooling Units'),
(35, 3, 'CGL Motors'),
(37, 6, 'Remi Spares');

-- --------------------------------------------------------

--
-- Table structure for table `item_ledgers`
--

CREATE TABLE IF NOT EXISTS `item_ledgers` (
  `id` int(11) NOT NULL AUTO_INCREMENT,
  `item_id` int(11) NOT NULL,
  `quantity` int(11) DEFAULT NULL,
  `rate` decimal(20,5) NOT NULL,
  `source_model` varchar(100) NOT NULL,
  `source_id` int(10) NOT NULL,
  `in_out` varchar(100) NOT NULL,
  `processed_on` date NOT NULL,
  `company_id` int(11) NOT NULL,
  `rate_updated` varchar(5) NOT NULL,
  `left_item_id` int(11) NOT NULL,
  PRIMARY KEY (`id`)
) ENGINE=InnoDB  DEFAULT CHARSET=latin1 AUTO_INCREMENT=182 ;

--
-- Dumping data for table `item_ledgers`
--

INSERT INTO `item_ledgers` (`id`, `item_id`, `quantity`, `rate`, `source_model`, `source_id`, `in_out`, `processed_on`, `company_id`, `rate_updated`, `left_item_id`) VALUES
(25, 953, 2, '3250.00000', 'Invoices', 2, 'Out', '2017-04-11', 25, '', 0),
(26, 976, 1, '23850.00000', 'Invoices', 3, 'Out', '2017-04-11', 25, '', 0),
(27, 903, 1, '47027.90000', 'Invoices', 4, 'Out', '2017-04-11', 25, '', 0),
(28, 927, 1, '89100.00000', 'Invoices', 5, 'Out', '2017-04-11', 25, '', 0),
(29, 881, 4, '2760.00000', 'Invoices', 6, 'Out', '2017-04-11', 25, '', 0),
(30, 923, 2, '14594.19000', 'Invoices', 7, 'Out', '2017-04-11', 25, '', 0),
(31, 767, 2, '668.80000', 'Invoices', 8, 'Out', '2017-04-11', 25, '', 0),
(32, 803, 2, '25611.16000', 'Invoices', 9, 'Out', '2017-04-11', 25, '', 0),
(33, 930, 1, '56712.25000', 'Invoices', 10, 'Out', '2017-04-11', 25, '', 0),
(34, 645, 1, '28767.50000', 'Invoices', 11, 'Out', '2017-04-11', 25, '', 0),
(35, 951, 2, '227.50000', 'Invoices', 12, 'Out', '2017-04-11', 25, '', 0),
(36, 953, 2, '3250.00000', 'Invoices', 12, 'Out', '2017-04-11', 25, '', 0),
(37, 941, 1, '98034.00000', 'Invoices', 13, 'Out', '2017-04-11', 25, '', 0),
(38, 645, 1, '7500.00000', 'Invoices', 14, 'Out', '2017-04-11', 25, '', 0),
(39, 1189, 2, '6175.00000', 'Invoices', 15, 'Out', '2017-04-11', 25, '', 0),
(40, 988, 1, '24500.00000', 'Invoices', 16, 'Out', '2017-04-11', 25, '', 0),
(41, 803, 1, '17478.44000', 'Invoices', 17, 'Out', '2017-04-12', 25, '', 0),
(42, 933, 1, '38063.75000', 'Invoices', 18, 'Out', '2017-04-12', 25, '', 0),
(43, 1112, 1, '52012.13000', 'Invoices', 19, 'Out', '2017-04-12', 25, '', 0),
(46, 1193, NULL, '0.00000', 'Items', 1193, 'In', '2017-04-12', 25, '', 0),
(47, 1112, 1, '65146.25000', 'Invoices', 20, 'Out', '2017-04-12', 25, '', 0),
(48, 1159, 1, '109434.00000', 'Invoices', 21, 'Out', '2017-04-12', 25, '', 0),
(49, 1194, NULL, '0.00000', 'Items', 1194, 'In', '2017-04-12', 25, '', 0),
(51, 1196, NULL, '0.00000', 'Items', 1196, 'In', '2017-04-12', 25, '', 0),
(52, 589, 1, '0.00000', 'Grns', 1, 'In', '2017-04-12', 25, '', 0),
(53, 867, 2, '0.00000', 'Grns', 2, 'In', '2017-04-12', 25, '', 0),
(54, 1191, 495, '0.00000', 'Grns', 3, 'In', '2017-04-12', 25, '', 0),
(55, 1192, 404, '0.00000', 'Grns', 3, 'In', '2017-04-12', 25, '', 0),
(56, 1197, NULL, '0.00000', 'Items', 1197, 'In', '2017-04-12', 25, '', 0),
(57, 1161, 1, '0.00000', 'Grns', 4, 'In', '2017-04-12', 27, '', 0),
(58, 1161, 1, '0.00000', 'Grns', 4, 'In', '2017-04-12', 27, '', 0),
(59, 1197, 1, '49331.00000', 'Invoices', 22, 'Out', '2017-04-12', 25, '', 0),
(61, 1197, 1, '45426.88000', 'Invoices', 23, 'Out', '2017-04-12', 25, '', 0),
(63, 963, 2, '5433.75000', 'Invoices', 24, 'Out', '2017-04-12', 25, '', 0),
(65, 1201, NULL, '0.00000', 'Items', 1201, 'In', '2017-04-12', 25, '', 0),
(66, 1202, NULL, '0.00000', 'Items', 1202, 'In', '2017-04-12', 25, '', 0),
(67, 1203, NULL, '0.00000', 'Items', 1203, 'In', '2017-04-12', 25, '', 0),
(68, 1204, NULL, '0.00000', 'Items', 1204, 'In', '2017-04-12', 25, '', 0),
(69, 1205, NULL, '0.00000', 'Items', 1205, 'In', '2017-04-12', 25, '', 0),
(70, 1206, NULL, '0.00000', 'Items', 1206, 'In', '2017-04-12', 25, '', 0),
(71, 1204, 1, '25564.50000', 'Invoices', 25, 'Out', '2017-04-12', 25, '', 0),
(72, 755, 2, '1311.00000', 'Invoices', 26, 'Out', '2017-04-12', 25, '', 0),
(73, 757, 1, '665.00000', 'Invoices', 26, 'Out', '2017-04-12', 25, '', 0),
(74, 752, 2, '845.50000', 'Invoices', 26, 'Out', '2017-04-12', 25, '', 0),
(75, 770, 1, '617.50000', 'Invoices', 26, 'Out', '2017-04-12', 25, '', 0),
(76, 792, 1, '4818.40000', 'Invoices', 26, 'Out', '2017-04-12', 25, '', 0),
(77, 767, 1, '845.50000', 'Invoices', 26, 'Out', '2017-04-12', 25, '', 0),
(78, 1207, NULL, '0.00000', 'Items', 1207, 'In', '2017-04-12', 25, '', 0),
(79, 1208, NULL, '0.00000', 'Items', 1208, 'In', '2017-04-12', 25, '', 0),
(80, 1209, NULL, '0.00000', 'Items', 1209, 'In', '2017-04-12', 25, '', 0),
(81, 1210, NULL, '0.00000', 'Items', 1210, 'In', '2017-04-13', 25, '', 0),
(82, 1169, 1, '84376.00000', 'Invoices', 27, 'Out', '2017-04-13', 25, '', 0),
(84, 606, 1, '191637.00000', 'Invoices', 28, 'Out', '2017-04-13', 25, '', 0),
(85, 1211, NULL, '0.00000', 'Items', 1211, 'In', '2017-04-13', 25, '', 0),
(86, 1212, NULL, '0.00000', 'Items', 1212, 'In', '2017-04-13', 25, '', 0),
(87, 863, 4, '0.00000', 'Grns', 5, 'In', '2017-04-13', 25, '', 0),
(89, 1214, NULL, '0.00000', 'Items', 1214, 'In', '2017-04-14', 25, '', 0),
(91, 978, 3, '5624.00000', 'Invoices', 29, 'Out', '2017-04-14', 25, '', 0),
(92, 979, 2, '5989.40000', 'Invoices', 29, 'Out', '2017-04-14', 25, '', 0),
(93, 830, 2, '136.90000', 'Invoices', 29, 'Out', '2017-04-14', 25, '', 0),
(94, 835, 2, '342.25000', 'Invoices', 29, 'Out', '2017-04-14', 25, '', 0),
(95, 1174, 4, '1625.70000', 'Invoices', 29, 'Out', '2017-04-14', 25, '', 0),
(96, 1160, 4, '2909.10000', 'Invoices', 29, 'Out', '2017-04-14', 25, '', 0),
(97, 1211, 2, '6845.00000', 'Invoices', 29, 'Out', '2017-04-14', 25, '', 0),
(98, 674, 4, '7215.00000', 'Invoices', 29, 'Out', '2017-04-14', 25, '', 0),
(99, 1213, 2, '2909.10000', 'Invoices', 29, 'Out', '2017-04-14', 25, '', 0),
(100, 1215, 2, '5304.90000', 'Invoices', 29, 'Out', '2017-04-14', 25, '', 0),
(101, 762, 5, '540.00000', 'Invoices', 30, 'Out', '2017-04-14', 25, '', 0),
(102, 1216, NULL, '0.00000', 'Items', 1216, 'In', '2017-04-14', 25, '', 0),
(103, 1217, NULL, '0.00000', 'Items', 1217, 'In', '2017-04-14', 25, '', 0),
(104, 757, 5, '0.00000', 'Items', 757, 'In', '2017-04-14', 25, '', 0),
(105, 1218, NULL, '0.00000', 'Items', 1218, 'In', '2017-04-14', 25, '', 0),
(106, 677, 2, '8880.00000', 'Invoices', 31, 'Out', '2017-04-14', 25, '', 0),
(107, 1219, NULL, '0.00000', 'Items', 1219, 'In', '2017-04-14', 25, '', 0),
(109, 1220, NULL, '0.00000', 'Items', 1220, 'In', '2017-04-14', 27, '', 0),
(111, 1051, 1, '37306.50000', 'Invoices', 1, 'Out', '2017-04-14', 25, '', 0),
(112, 1052, 1, '29777.75000', 'Invoices', 1, 'Out', '2017-04-14', 25, '', 0),
(113, 1053, 1, '43906.15000', 'Invoices', 1, 'Out', '2017-04-14', 25, '', 0),
(114, 1054, 1, '11773.35000', 'Invoices', 1, 'Out', '2017-04-14', 25, '', 0),
(115, 1055, 2, '7449.90000', 'Invoices', 1, 'Out', '2017-04-14', 25, '', 0),
(116, 1056, 1, '9588.35000', 'Invoices', 1, 'Out', '2017-04-14', 25, '', 0),
(117, 1057, 1, '188247.25000', 'Invoices', 1, 'Out', '2017-04-14', 25, '', 0),
(118, 1058, 1, '1366.10000', 'Invoices', 1, 'Out', '2017-04-14', 25, '', 0),
(119, 1059, 1, '9887.60000', 'Invoices', 1, 'Out', '2017-04-14', 25, '', 0),
(120, 1060, 1, '1779.35000', 'Invoices', 1, 'Out', '2017-04-14', 25, '', 0),
(121, 1061, 1, '175260.75000', 'Invoices', 1, 'Out', '2017-04-14', 25, '', 0),
(122, 1062, 4, '8067.40000', 'Invoices', 1, 'Out', '2017-04-14', 25, '', 0),
(123, 1063, 4, '199.50000', 'Invoices', 1, 'Out', '2017-04-14', 25, '', 0),
(124, 1064, 1, '38079.80000', 'Invoices', 1, 'Out', '2017-04-14', 25, '', 0),
(125, 1065, 1, '22967.20000', 'Invoices', 1, 'Out', '2017-04-14', 25, '', 0),
(126, 1066, 4, '1142.85000', 'Invoices', 1, 'Out', '2017-04-14', 25, '', 0),
(127, 1067, 2, '1064.00000', 'Invoices', 1, 'Out', '2017-04-14', 25, '', 0),
(128, 1068, 2, '299.25000', 'Invoices', 1, 'Out', '2017-04-14', 25, '', 0),
(129, 1069, 2, '5054.95000', 'Invoices', 1, 'Out', '2017-04-14', 25, '', 0),
(130, 1070, 2, '498.75000', 'Invoices', 1, 'Out', '2017-04-14', 25, '', 0),
(131, 1071, 4, '308.75000', 'Invoices', 1, 'Out', '2017-04-14', 25, '', 0),
(132, 1072, 2, '698.25000', 'Invoices', 1, 'Out', '2017-04-14', 25, '', 0),
(133, 1073, 1, '38881.60000', 'Invoices', 1, 'Out', '2017-04-14', 25, '', 0),
(134, 1074, 2, '76427.50000', 'Invoices', 1, 'Out', '2017-04-14', 25, '', 0),
(135, 557, 1, '120.56700', 'Items', 557, 'In', '2017-04-01', 25, 'Yes', 0),
(137, 1221, NULL, '0.00000', 'Items', 1221, 'In', '2017-04-15', 25, '', 0),
(138, 1222, NULL, '0.00000', 'Items', 1222, 'In', '2017-04-15', 25, '', 0),
(139, 1219, 1, '27040.00000', 'Invoices', 32, 'Out', '2017-04-15', 25, '', 0),
(141, 1224, NULL, '0.00000', 'Items', 1224, 'In', '2017-04-17', 25, '', 0),
(143, 1226, NULL, '0.00000', 'Items', 1226, 'In', '2017-04-17', 27, '', 0),
(145, 935, 2, '29083.00000', 'Invoices', 33, 'Out', '2017-04-17', 25, '', 0),
(146, 1227, NULL, '0.00000', 'Items', 1227, 'In', '2017-04-17', 25, '', 0),
(147, 1171, 2, '0.00000', 'Grns', 6, 'In', '2017-04-17', 25, '', 0),
(148, 1226, 1, '41000.00000', 'Invoices', 34, 'Out', '2017-04-17', 27, '', 0),
(149, 938, 2, '18330.00000', 'Invoices', 35, 'Out', '2017-04-17', 27, '', 0),
(150, 812, 2, '27166.00000', 'Invoices', 35, 'Out', '2017-04-17', 27, '', 0),
(151, 683, 3, '9900.00000', 'Invoices', 36, 'Out', '2017-04-17', 27, '', 0),
(152, 963, 2, '0.00000', 'Grns', 7, 'In', '2017-04-17', 25, '', 0),
(153, 966, 1, '0.00000', 'Grns', 7, 'In', '2017-04-17', 25, '', 0),
(154, 1178, 1, '0.00000', 'Grns', 7, 'In', '2017-04-17', 25, '', 0),
(155, 746, 5, '0.00000', 'Grns', 7, 'In', '2017-04-17', 25, '', 0),
(156, 782, 2, '0.00000', 'Grns', 7, 'In', '2017-04-17', 25, '', 0),
(157, 1207, 2, '0.00000', 'Grns', 7, 'In', '2017-04-17', 25, '', 0),
(158, 1228, NULL, '0.00000', 'Items', 1228, 'In', '2017-04-17', 25, '', 0),
(159, 964, 2, '0.00000', 'Grns', 8, 'In', '2017-04-17', 25, '', 0),
(160, 1168, 1, '0.00000', 'Grns', 8, 'In', '2017-04-17', 25, '', 0),
(161, 943, 2, '4590.00000', 'Invoices', 37, 'Out', '2017-04-17', 27, '', 0),
(162, 944, 4, '10070.00000', 'Invoices', 37, 'Out', '2017-04-17', 27, '', 0),
(163, 942, 1, '7050.00000', 'Invoices', 37, 'Out', '2017-04-17', 27, '', 0),
(164, 687, 1, '21500.00000', 'Invoices', 38, 'Out', '2017-04-17', 27, '', 0),
(165, 1226, 1, '8750.00000', 'Invoices', 39, 'Out', '2017-04-17', 27, '', 0),
(166, 1170, 2, '0.00000', 'Grns', 9, 'In', '2017-04-18', 25, '', 0),
(167, 737, 1, '0.00000', 'Grns', 10, 'In', '2017-04-18', 25, '', 0),
(168, 1169, 1, '0.00000', 'Grns', 11, 'In', '2017-04-18', 25, '', 0),
(169, 1039, 60, '0.00000', 'Grns', 12, 'In', '2017-04-18', 25, '', 0),
(170, 1038, 91, '0.00000', 'Grns', 12, 'In', '2017-04-18', 25, '', 0),
(171, 1040, 23, '0.00000', 'Grns', 12, 'In', '2017-04-18', 25, '', 0),
(172, 1041, 23, '0.00000', 'Grns', 12, 'In', '2017-04-18', 25, '', 0),
(173, 1185, 1, '0.00000', 'Grns', 12, 'In', '2017-04-18', 25, '', 0),
(174, 1038, 239, '0.00000', 'Grns', 12, 'In', '2017-04-18', 25, '', 0),
(175, 1214, 8, '0.00000', 'Grns', 12, 'In', '2017-04-18', 25, '', 0),
(176, 756, 5, '1450.00000', 'Invoices', 40, 'Out', '2017-04-21', 25, '', 0),
(177, 872, 50, '95.00000', 'Invoices', 41, 'Out', '2017-04-21', 25, '', 0),
(178, 1229, NULL, '0.00000', 'Items', 1229, 'In', '2017-04-21', 25, '', 0),
(179, 1167, 1, '0.00000', 'Grns', 13, 'In', '2017-04-21', 25, '', 0),
(180, 1230, NULL, '0.00000', 'Items', 1230, 'In', '2017-04-21', 25, '', 0),
(181, 1225, 2, '1152.00000', 'Invoices', 42, 'Out', '2017-04-22', 25, '', 0);

-- --------------------------------------------------------

--
-- Table structure for table `item_serial_numbers`
--

CREATE TABLE IF NOT EXISTS `item_serial_numbers` (
  `id` int(10) NOT NULL AUTO_INCREMENT,
  `item_id` int(10) NOT NULL,
  `serial_no` varchar(20) NOT NULL,
  `status` varchar(20) NOT NULL,
  `grn_id` int(10) NOT NULL,
  `invoice_id` int(10) NOT NULL,
  `iv_invoice_id` int(10) NOT NULL,
  `q_item_id` int(10) NOT NULL,
  `in_inventory_voucher_id` int(10) NOT NULL,
  `master_item_id` int(10) NOT NULL,
  `company_id` int(10) NOT NULL,
  PRIMARY KEY (`id`)
) ENGINE=InnoDB  DEFAULT CHARSET=latin1 AUTO_INCREMENT=11 ;

--
-- Dumping data for table `item_serial_numbers`
--

INSERT INTO `item_serial_numbers` (`id`, `item_id`, `serial_no`, `status`, `grn_id`, `invoice_id`, `iv_invoice_id`, `q_item_id`, `in_inventory_voucher_id`, `master_item_id`, `company_id`) VALUES
(1, 1171, 'C111659003', 'In', 6, 0, 0, 0, 0, 0, 25),
(2, 1171, 'C111659004', 'In', 6, 0, 0, 0, 0, 0, 25),
(3, 964, 'C111659005', 'In', 8, 0, 0, 0, 0, 0, 25),
(4, 964, 'C111659006', 'In', 8, 0, 0, 0, 0, 0, 25),
(5, 1168, 'C111659010', 'In', 8, 0, 0, 0, 0, 0, 25),
(6, 1170, 'D111008001', 'In', 9, 0, 0, 0, 0, 0, 25),
(7, 1170, 'D111008002', 'In', 9, 0, 0, 0, 0, 0, 25),
(8, 737, 'C111658001', 'In', 10, 0, 0, 0, 0, 0, 25),
(9, 1169, 'C111657001', 'In', 11, 0, 0, 0, 0, 0, 25),
(10, 1167, 'C111659007', 'In', 13, 0, 0, 0, 0, 0, 25);

-- --------------------------------------------------------

--
-- Table structure for table `item_sources`
--

CREATE TABLE IF NOT EXISTS `item_sources` (
  `item_id` int(10) NOT NULL,
  `source_id` int(10) NOT NULL,
  `item_name` varchar(100) NOT NULL,
  `purchased` varchar(100) NOT NULL,
  `purchase_manufactured` varchar(100) NOT NULL,
  PRIMARY KEY (`item_id`,`source_id`)
) ENGINE=InnoDB DEFAULT CHARSET=latin1;

-- --------------------------------------------------------

--
-- Table structure for table `item_sub_groups`
--

CREATE TABLE IF NOT EXISTS `item_sub_groups` (
  `id` int(10) NOT NULL AUTO_INCREMENT,
  `item_category_id` int(10) NOT NULL,
  `item_group_id` int(10) NOT NULL,
  `name` varchar(100) NOT NULL,
  PRIMARY KEY (`id`)
) ENGINE=InnoDB  DEFAULT CHARSET=latin1 AUTO_INCREMENT=94 ;

--
-- Dumping data for table `item_sub_groups`
--

INSERT INTO `item_sub_groups` (`id`, `item_category_id`, `item_group_id`, `name`) VALUES
(1, 1, 1, 'Combinorm Pump'),
(2, 1, 1, 'Combichem Pump'),
(3, 1, 1, 'Multistage Pumps'),
(4, 3, 7, 'BBL STD TEFC Motors'),
(5, 3, 8, 'REMI STD TEFC Motors'),
(6, 3, 7, 'BBL IE Motors'),
(7, 1, 2, 'Gear Pumps'),
(8, 1, 2, 'Three Screw Pumps'),
(9, 1, 2, 'Twin Screw Pumps'),
(10, 1, 2, 'Single Screw Pumps'),
(11, 6, 16, 'KGEN Spares'),
(13, 6, 16, 'Combinorm Pump Spares'),
(14, 6, 16, 'Valve Assembly'),
(15, 6, 17, 'NZ Pump Spares'),
(16, 6, 17, 'EXP Pumps Spares'),
(17, 6, 15, 'Three Screw Pump Spares'),
(18, 6, 15, 'Twin Screw Pump Spares'),
(19, 6, 15, 'Single Screw Pump Spares'),
(20, 6, 15, 'Gear Pump Spares'),
(21, 1, 1, 'KGEN Pumps'),
(22, 7, 22, 'RT Pump With Motor'),
(23, 2, 12, 'SS Rollers Oil'),
(24, 1, 3, 'Electronic Dosing Pump'),
(25, 6, 16, 'Combichem Pump Spares'),
(27, 7, 27, 'NZ Pump With Motor'),
(28, 7, 26, 'CCR Pump With Motor'),
(29, 6, 16, 'Johnson Multistage Spares'),
(30, 7, 26, 'KGEN Pump With Motor'),
(31, 1, 3, 'Hydraulic Diaphragm Pump'),
(32, 1, 3, 'Mechanical Diaphragm Pump'),
(33, 6, 17, 'HE Pump Spares'),
(36, 7, 26, 'Multistage With Motor'),
(37, 5, 29, 'Coupling'),
(38, 5, 30, 'Others'),
(39, 6, 31, 'Motor Spares'),
(40, 2, 12, 'Filters'),
(42, 2, 32, 'Filter Element'),
(43, 5, 30, 'Consumables'),
(44, 8, 33, 'Tranter PHE'),
(45, 4, 34, 'Cooling Units'),
(46, 7, 27, 'NS Pump With Motor'),
(47, 7, 22, 'RT Pump With Motor'),
(48, 1, 3, 'Plunger Type Dosing Pump'),
(52, 1, 4, 'Waste Water Pump'),
(53, 1, 4, 'Jumbo Pumps'),
(54, 1, 4, 'Unclog Pumps'),
(55, 1, 2, 'Tushaco Centrifugal Pump'),
(56, 1, 2, 'Shuttle Block Pumps'),
(57, 3, 35, 'CGL FLP Motors'),
(58, 3, 35, 'CGL STD TEFC Motors'),
(59, 1, 5, 'NZ Series Pump'),
(60, 1, 5, 'NS Series Pump'),
(61, 1, 1, 'Combibloc Pump'),
(62, 7, 26, 'Combinorm Pump With Motor'),
(63, 7, 26, 'Combichem Pump With Motor'),
(64, 1, 4, 'Little Jumbo Pumps'),
(65, 1, 4, 'Sinco Bloc Pump'),
(66, 7, 28, 'Hydraulic Diaphragm Pump'),
(67, 1, 1, 'Top Gear Pumps'),
(68, 6, 18, 'Waste Water Pump Spares'),
(69, 7, 26, 'FRE Pump With Motor'),
(70, 6, 19, 'HD 2017 Pump Spares'),
(71, 6, 19, 'HD 1011 Pump Spares'),
(72, 1, 4, 'Dredger Pump'),
(73, 6, 18, 'Dredger Pump 4DRR 40J / 32 Spare'),
(74, 1, 1, 'CombiTherm Pump'),
(75, 6, 16, 'Combitherm Pump Spares'),
(76, 7, 26, 'CombiTherm Pump With Motor'),
(77, 6, 16, 'Top Gear Pump Spares'),
(78, 6, 15, 'Shuttle Block Pump Spares'),
(79, 6, 37, 'Cabin Fan'),
(80, 6, 16, 'Combibloc Spares Pump'),
(81, 6, 19, 'PL 2017 Pump Spares'),
(82, 6, 19, 'PL 1011 Pump Spares'),
(83, 6, 18, 'Jumbo Pump Spares'),
(84, 6, 31, 'Remi Motor Spares'),
(85, 6, 15, 'Allweiler Spares'),
(86, 3, 13, 'Siemens STD Motors'),
(87, 3, 7, 'BBL Flame Proof'),
(89, 1, 1, 'FRE Pumps'),
(91, 6, 18, 'Cantilever Pumps'),
(92, 7, 26, 'CombiBloc With Motor'),
(93, 7, 22, 'R 20 DG With Motor');

-- --------------------------------------------------------

--
-- Table structure for table `job_cards`
--

CREATE TABLE IF NOT EXISTS `job_cards` (
  `id` int(10) NOT NULL AUTO_INCREMENT,
  `sales_order_id` int(10) NOT NULL,
  `company_id` int(10) NOT NULL,
  `jc1` varchar(10) NOT NULL,
  `jc2` varchar(10) NOT NULL,
  `jc3` varchar(10) NOT NULL,
  `jc4` varchar(10) NOT NULL,
  `created_by` int(10) NOT NULL,
  `created_on` date NOT NULL,
  `customer_id` int(10) NOT NULL,
  `dispatch_destination` varchar(255) NOT NULL,
  `customer_po_no` varchar(10) NOT NULL,
  `required_date` date NOT NULL,
  `packing` varchar(255) NOT NULL,
  `status` varchar(20) NOT NULL,
  PRIMARY KEY (`id`)
) ENGINE=InnoDB  DEFAULT CHARSET=latin1 AUTO_INCREMENT=4 ;

--
-- Dumping data for table `job_cards`
--

INSERT INTO `job_cards` (`id`, `sales_order_id`, `company_id`, `jc1`, `jc2`, `jc3`, `jc4`, `created_by`, `created_on`, `customer_id`, `dispatch_destination`, `customer_po_no`, `required_date`, `packing`, `status`) VALUES
(1, 41, 25, 'STL', '1', 'BE-3320', '17-18', 15, '2017-04-12', 66, 'To Pay Basis Book unit to Bhilwara', '151700094', '2017-04-15', 'Normal Packing ', 'Pending'),
(2, 51, 25, 'STL', '2', 'BE-3253', '17-18', 13, '2017-04-14', 17, 'Hindustan Zinc Ltd.,\r\nDariba Smelter Complex,\r\nRD Mines Dist.- Rajasthan\r\n', '2000039196', '2017-04-14', 'Normal ', 'Pending'),
(3, 54, 25, 'STL', '3', 'BE-3311', '17-18', 15, '2017-04-14', 15, 'Book material To-Pay Basis Nimbahera', '4100096473', '2017-04-22', 'Cartoon Packing', 'Closed');

-- --------------------------------------------------------

--
-- Table structure for table `job_card_rows`
--

CREATE TABLE IF NOT EXISTS `job_card_rows` (
  `id` int(10) NOT NULL AUTO_INCREMENT,
  `job_card_id` int(10) NOT NULL,
  `sales_order_row_id` int(10) NOT NULL,
  `item_id` int(10) NOT NULL,
  `quantity` int(10) NOT NULL,
  `remark` varchar(255) NOT NULL,
  PRIMARY KEY (`id`)
) ENGINE=InnoDB  DEFAULT CHARSET=latin1 AUTO_INCREMENT=22 ;

--
-- Dumping data for table `job_card_rows`
--

INSERT INTO `job_card_rows` (`id`, `job_card_id`, `sales_order_row_id`, `item_id`, `quantity`, `remark`) VALUES
(2, 1, 241, 685, 2, 'KGEN pump with SS Impeller '),
(3, 1, 241, 1145, 2, ''),
(4, 1, 241, 897, 2, ''),
(5, 1, 241, 888, 2, ''),
(6, 1, 241, 863, 2, ''),
(7, 1, 241, 1021, 16, ''),
(8, 1, 241, 1030, 16, ''),
(9, 1, 241, 1035, 32, ''),
(10, 1, 241, 1017, 4, ''),
(11, 1, 241, 1034, 8, ''),
(12, 1, 241, 1029, 4, ''),
(13, 1, 241, 1048, 2, ''),
(14, 1, 241, 788, 2, ''),
(16, 2, 217, 1212, 900, 'Shaft EXP 160 CT (2)'),
(21, 3, 232, 1152, 750, 'CCR 25 160 Pump Shaft  Qty 2 Nos.) 750 MM');

-- --------------------------------------------------------

--
-- Table structure for table `journal_vouchers`
--

CREATE TABLE IF NOT EXISTS `journal_vouchers` (
  `id` int(10) NOT NULL AUTO_INCREMENT,
  `voucher_no` varchar(10) NOT NULL,
  `created_on` date NOT NULL,
  `transaction_date` date NOT NULL,
  `narration` text NOT NULL,
  `company_id` int(11) NOT NULL,
  `created_by` int(11) NOT NULL,
  `edited_on` date NOT NULL,
  `edited_by` int(11) NOT NULL,
  PRIMARY KEY (`id`)
) ENGINE=InnoDB DEFAULT CHARSET=latin1 AUTO_INCREMENT=1 ;

-- --------------------------------------------------------

--
-- Table structure for table `journal_voucher_rows`
--

CREATE TABLE IF NOT EXISTS `journal_voucher_rows` (
  `id` int(10) NOT NULL AUTO_INCREMENT,
  `journal_voucher_id` int(10) NOT NULL,
  `ledger_account_id` int(10) NOT NULL,
  `cr_dr` varchar(10) NOT NULL,
  `amount` int(10) NOT NULL,
  PRIMARY KEY (`id`)
) ENGINE=InnoDB DEFAULT CHARSET=latin1 AUTO_INCREMENT=1 ;

-- --------------------------------------------------------

--
-- Table structure for table `leave_types`
--

CREATE TABLE IF NOT EXISTS `leave_types` (
  `id` int(10) NOT NULL AUTO_INCREMENT,
  `leave_name` varchar(100) NOT NULL,
  `maximum_leave_in_month` decimal(4,2) NOT NULL,
  PRIMARY KEY (`id`)
) ENGINE=MyISAM  DEFAULT CHARSET=latin1 AUTO_INCREMENT=2 ;

--
-- Dumping data for table `leave_types`
--

INSERT INTO `leave_types` (`id`, `leave_name`, `maximum_leave_in_month`) VALUES
(1, 'Casual Leave', '1.25');

-- --------------------------------------------------------

--
-- Table structure for table `ledgers`
--

CREATE TABLE IF NOT EXISTS `ledgers` (
  `id` int(11) NOT NULL AUTO_INCREMENT,
  `transaction_date` date NOT NULL,
  `ledger_account_id` int(10) NOT NULL,
  `debit` decimal(18,2) NOT NULL,
  `credit` decimal(18,2) NOT NULL,
  `voucher_id` int(10) NOT NULL,
  `voucher_source` varchar(255) NOT NULL,
  `company_id` int(11) NOT NULL,
  `ref_no` varchar(100) DEFAULT NULL,
  PRIMARY KEY (`id`)
) ENGINE=InnoDB  DEFAULT CHARSET=latin1 AUTO_INCREMENT=359 ;

--
-- Dumping data for table `ledgers`
--

INSERT INTO `ledgers` (`id`, `transaction_date`, `ledger_account_id`, `debit`, `credit`, `voucher_id`, `voucher_source`, `company_id`, `ref_no`) VALUES
(33, '2017-04-01', 399, '0.00', '771700.00', 0, 'Opening Balance', 25, 'NIL'),
(34, '2017-04-01', 400, '0.00', '3620029.47', 0, 'Opening Balance', 25, 'Op.'),
(35, '2017-04-01', 401, '0.00', '3464263.00', 0, 'Opening Balance', 25, 'Op'),
(36, '2017-04-01', 402, '0.00', '1135420.00', 0, 'Opening Balance', 25, 'Op'),
(37, '2017-04-01', 403, '0.00', '263741.00', 0, 'Opening Balance', 25, 'Op'),
(38, '2017-04-01', 147, '0.00', '250244.40', 0, 'Opening Balance', 25, 'Op'),
(39, '2017-04-01', 149, '0.00', '643170.50', 0, 'Opening Balance', 25, 'Op'),
(40, '2017-04-01', 406, '0.00', '0.00', 0, 'Opening Balance', 25, 'Op'),
(41, '2017-04-01', 404, '0.00', '0.00', 0, 'Opening Balance', 25, 'Op'),
(42, '2017-04-01', 405, '0.00', '0.00', 0, 'Opening Balance', 25, 'Op'),
(43, '2017-04-01', 408, '0.00', '65531.68', 0, 'Opening Balance', 25, 'Op'),
(44, '2017-04-01', 407, '0.00', '24000.00', 0, 'Opening Balance', 25, 'Op'),
(45, '2017-04-01', 409, '0.00', '13450.00', 0, 'Opening Balance', 25, 'Op'),
(46, '2017-04-01', 411, '0.00', '40147.00', 0, 'Opening Balance', 25, 'Op'),
(47, '2017-04-01', 413, '0.00', '71428.00', 0, 'Opening Balance', 25, 'Op'),
(48, '2017-04-01', 412, '0.00', '176240.00', 0, 'Opening Balance', 25, 'Op'),
(49, '2017-04-01', 23, '0.00', '100.00', 0, 'Opening Balance', 25, '001'),
(51, '2017-04-01', 414, '0.00', '25000.00', 0, 'Opening Balance', 25, 'Op.'),
(52, '2017-04-01', 415, '0.00', '8000.00', 0, 'Opening Balance', 25, 'Op'),
(53, '2017-04-01', 416, '0.00', '26000.00', 0, 'Opening Balance', 25, 'Op.'),
(54, '2017-04-01', 418, '0.00', '48000.00', 0, 'Opening Balance', 25, 'Op.'),
(55, '2017-04-01', 417, '0.00', '14000.00', 0, 'Opening Balance', 25, 'Op.'),
(56, '2017-04-01', 419, '0.00', '12500.00', 0, 'Opening Balance', 25, 'Op.'),
(57, '2017-04-01', 420, '0.00', '50000.00', 0, 'Opening Balance', 25, 'Op.'),
(58, '2017-04-01', 421, '0.00', '41000.00', 0, 'Opening Balance', 25, 'Op.'),
(59, '2017-04-01', 422, '0.00', '24000.00', 0, 'Opening Balance', 25, 'op.'),
(60, '2017-04-01', 423, '0.00', '24000.00', 0, 'Opening Balance', 25, 'Op.'),
(61, '2017-04-01', 428, '0.00', '2000.00', 0, 'Opening Balance', 25, 'AmbujaSharma'),
(62, '2017-04-01', 428, '0.00', '6000.00', 0, 'Opening Balance', 25, 'AshokRana'),
(63, '2017-04-01', 428, '0.00', '2500.00', 0, 'Opening Balance', 25, 'Dashrath'),
(64, '2017-04-01', 428, '0.00', '5000.00', 0, 'Opening Balance', 25, 'DeepakVerma'),
(65, '2017-04-01', 428, '0.00', '3000.00', 0, 'Opening Balance', 25, 'DineshVaishnav'),
(66, '2017-04-01', 428, '0.00', '2500.00', 0, 'Opening Balance', 25, 'GajendraTanwar'),
(67, '2017-04-01', 428, '0.00', '4500.00', 0, 'Opening Balance', 25, 'GurpreetKaur'),
(68, '2017-04-01', 428, '0.00', '8000.00', 0, 'Opening Balance', 25, 'Gyaneshwar'),
(69, '2017-04-01', 428, '0.00', '3000.00', 0, 'Opening Balance', 25, 'Hozefa'),
(70, '2017-04-01', 428, '0.00', '11500.00', 0, 'Opening Balance', 25, 'PradeepSisodiya'),
(71, '2017-04-01', 428, '0.00', '5000.00', 0, 'Opening Balance', 25, 'Saiffuddin'),
(72, '2017-04-01', 428, '0.00', '12000.00', 0, 'Opening Balance', 25, 'SawaiSingh'),
(73, '2017-04-01', 428, '0.00', '48000.00', 0, 'Opening Balance', 25, 'VijayGohil'),
(74, '2017-04-01', 428, '0.00', '3000.00', 0, 'Opening Balance', 25, 'VinayBhatnagar'),
(75, '2017-04-01', 428, '0.00', '6000.00', 0, 'Opening Balance', 25, 'Yogeshnagar'),
(76, '2017-04-01', 428, '0.00', '3000.00', 0, 'Opening Balance', 25, 'Zainab'),
(77, '2017-04-01', 430, '500.00', '0.00', 0, 'Opening Balance', 25, 'Op.'),
(78, '2017-04-01', 431, '9900.00', '0.00', 0, 'Opening Balance', 25, 'Op.'),
(79, '2017-04-01', 432, '12000.00', '0.00', 0, 'Opening Balance', 25, 'Op.'),
(80, '2017-04-01', 152, '492222.98', '0.00', 0, 'Opening Balance', 25, 'Op.'),
(81, '2017-04-01', 153, '11549961.10', '0.00', 0, 'Opening Balance', 25, 'Op.'),
(82, '2017-04-01', 155, '625700.00', '0.00', 0, 'Opening Balance', 25, 'Op.'),
(83, '2017-04-01', 434, '4264387.69', '0.00', 0, 'Opening Balance', 25, 'Op.'),
(84, '2017-04-01', 433, '161709.00', '0.00', 0, 'Opening Balance', 25, 'Op.'),
(85, '2017-04-01', 436, '68404.00', '0.00', 0, 'Opening Balance', 25, 'Op.'),
(86, '2017-04-01', 435, '100000.00', '0.00', 0, 'Opening Balance', 25, 'Op.'),
(87, '2017-04-01', 437, '0.00', '448838.00', 0, 'Opening Balance', 25, 'Op.'),
(88, '2017-04-01', 438, '0.00', '1810970.00', 0, 'Opening Balance', 25, 'Op.'),
(89, '2017-04-01', 439, '0.00', '524516.00', 0, 'Opening Balance', 25, 'Op.'),
(90, '2017-04-01', 440, '0.00', '2470979.00', 0, 'Opening Balance', 25, 'Op.'),
(91, '2017-04-01', 442, '3000.00', '0.00', 0, 'Opening Balance', 25, 'Op.'),
(92, '2017-04-01', 444, '864850.00', '0.00', 0, 'Opening Balance', 25, 'Op.'),
(93, '2017-04-01', 446, '203656.00', '0.00', 0, 'Opening Balance', 25, 'Op.'),
(94, '2017-04-01', 443, '45001.00', '0.00', 0, 'Opening Balance', 25, 'Op.'),
(95, '2017-04-01', 443, '7300.00', '0.00', 0, 'Opening Balance', 25, 'IOCL'),
(96, '2017-04-01', 443, '51485.00', '0.00', 0, 'Opening Balance', 25, 'PHED'),
(97, '2017-04-01', 443, '35000.00', '0.00', 0, 'Opening Balance', 25, 'CTPP'),
(98, '2017-04-01', 443, '2500.00', '0.00', 0, 'Opening Balance', 25, 'HCL'),
(99, '2017-04-01', 451, '117279.00', '0.00', 0, 'Opening Balance', 25, 'Op.'),
(100, '2017-04-01', 452, '509045.00', '0.00', 0, 'Opening Balance', 25, 'Op.'),
(101, '2017-04-01', 453, '10000.00', '0.00', 0, 'Opening Balance', 25, 'Op.'),
(102, '2017-04-01', 454, '0.00', '0.00', 0, 'Opening Balance', 25, 'Op.'),
(103, '2017-04-01', 32, '9000.00', '0.00', 0, 'Opening Balance', 25, 'Op.'),
(104, '2017-04-01', 142, '397657.43', '0.00', 0, 'Opening Balance', 25, 'Op.'),
(105, '2017-04-01', 145, '252097.20', '0.00', 0, 'Opening Balance', 25, 'Op.'),
(106, '2017-04-01', 301, '21846.60', '0.00', 0, 'Opening Balance', 25, 'V500'),
(107, '2017-04-01', 301, '7912.50', '0.00', 0, 'Opening Balance', 25, 'V526'),
(108, '2017-04-01', 274, '45500.75', '0.00', 0, 'Opening Balance', 25, 'V432'),
(109, '2017-04-01', 274, '22511.00', '0.00', 0, 'Opening Balance', 25, 'V505'),
(110, '2017-04-01', 69, '31492.50', '0.00', 0, 'Opening Balance', 25, 'R071'),
(111, '2017-04-01', 91, '209396.66', '0.00', 0, 'Opening Balance', 25, 'V410'),
(112, '2017-04-01', 369, '67802.22', '0.00', 0, 'Opening Balance', 25, 'V475'),
(113, '2017-04-01', 369, '43838.42', '0.00', 0, 'Opening Balance', 25, 'V493'),
(114, '2017-04-01', 368, '91283.98', '0.00', 0, 'Opening Balance', 25, 'V516'),
(115, '2017-04-01', 368, '91575.32', '0.00', 0, 'Opening Balance', 25, 'V517'),
(116, '2017-04-01', 23, '94052.50', '0.00', 0, 'Opening Balance', 25, 'R069'),
(117, '2017-04-01', 23, '197870.00', '0.00', 0, 'Opening Balance', 25, 'R072'),
(118, '2017-04-01', 54, '103925.00', '0.00', 0, 'Opening Balance', 25, 'V510'),
(119, '2017-04-01', 299, '7763.43', '0.00', 0, 'Opening Balance', 25, 'V509'),
(120, '2017-04-01', 89, '15650.59', '0.00', 0, 'Opening Balance', 25, 'V390'),
(121, '2017-04-01', 374, '173291.14', '0.00', 0, 'Opening Balance', 25, 'V511'),
(122, '2017-04-01', 372, '6630.00', '0.00', 0, 'Opening Balance', 25, 'V514'),
(123, '2017-04-01', 372, '4420.00', '0.00', 0, 'Opening Balance', 25, 'V530'),
(124, '2017-04-01', 275, '9697.44', '0.00', 0, 'Opening Balance', 25, 'V489'),
(125, '2017-04-01', 275, '67757.38', '0.00', 0, 'Opening Balance', 25, 'V490'),
(126, '2017-04-01', 97, '32577.40', '0.00', 0, 'Opening Balance', 25, 'V525'),
(127, '2017-04-01', 63, '293187.50', '0.00', 0, 'Opening Balance', 25, 'R070'),
(128, '2017-04-01', 64, '75837.00', '0.00', 0, 'Opening Balance', 25, 'R066'),
(129, '2017-04-01', 64, '26718.34', '0.00', 0, 'Opening Balance', 25, 'R065'),
(130, '2017-04-01', 64, '61994.58', '0.00', 0, 'Opening Balance', 25, 'R067'),
(131, '2017-04-01', 73, '52441.68', '0.00', 0, 'Opening Balance', 25, 'V524'),
(132, '2017-04-01', 39, '0.00', '90603.80', 0, 'Opening Balance', 25, 'Op.'),
(133, '2017-04-01', 41, '56225.17', '0.00', 0, 'Opening Balance', 25, 'V502'),
(134, '2017-04-01', 41, '53906.28', '0.00', 0, 'Opening Balance', 25, 'V501'),
(135, '2017-04-01', 41, '49008.72', '0.00', 0, 'Opening Balance', 25, 'V512'),
(136, '2017-04-01', 41, '52044.21', '0.00', 0, 'Opening Balance', 25, 'V513'),
(137, '2017-04-01', 41, '17618.50', '0.00', 0, 'Opening Balance', 25, 'V521'),
(138, '2017-04-01', 41, '36879.51', '0.00', 0, 'Opening Balance', 25, 'V523'),
(139, '2017-04-01', 41, '19788.84', '0.00', 0, 'Opening Balance', 25, 'V528'),
(140, '2017-04-01', 41, '19261.01', '0.00', 0, 'Opening Balance', 25, 'V529'),
(141, '2017-04-01', 28, '10634.40', '0.00', 0, 'Opening Balance', 25, 'V280'),
(142, '2017-04-01', 25, '59936.95', '0.00', 0, 'Opening Balance', 25, 'V434'),
(143, '2017-04-01', 58, '14700.00', '0.00', 0, 'Opening Balance', 25, 'V396'),
(144, '2017-04-01', 273, '84302.45', '0.00', 0, 'Opening Balance', 25, 'V118'),
(145, '2017-04-01', 273, '43300.00', '0.00', 0, 'Opening Balance', 25, 'V200'),
(146, '2017-04-01', 273, '19035.90', '0.00', 0, 'Opening Balance', 25, 'V295'),
(147, '2017-04-01', 93, '3851.13', '0.00', 0, 'Opening Balance', 25, 'V508'),
(148, '2017-04-01', 93, '0.00', '0.00', 0, 'Opening Balance', 25, '3'),
(149, '2017-04-01', 291, '121314.72', '0.00', 0, 'Opening Balance', 25, 'V310'),
(150, '2017-04-01', 291, '110968.86', '0.00', 0, 'Opening Balance', 25, 'V309'),
(172, '2017-04-01', 479, '0.00', '133080.00', 0, 'Opening Balance', 25, '801'),
(173, '2017-04-01', 479, '0.00', '3488.00', 0, 'Opening Balance', 25, 'SA298'),
(174, '2017-04-01', 479, '0.00', '253389.00', 0, 'Opening Balance', 25, '800'),
(175, '2017-04-01', 479, '0.00', '29491.00', 0, 'Opening Balance', 25, 'SA297'),
(176, '2017-04-01', 479, '0.00', '180020.00', 0, 'Opening Balance', 25, '835'),
(177, '2017-04-01', 479, '0.00', '94677.00', 0, 'Opening Balance', 25, 'Op.'),
(178, '2017-04-01', 481, '0.00', '9563.00', 0, 'Opening Balance', 25, 'T157'),
(179, '2017-04-01', 481, '0.00', '3022.00', 0, 'Opening Balance', 25, '616'),
(180, '2017-04-01', 481, '0.00', '2945.00', 0, 'Opening Balance', 25, '632'),
(181, '2017-04-01', 481, '0.00', '1511.00', 0, 'Opening Balance', 25, '647'),
(182, '2017-04-01', 481, '0.00', '6503.00', 0, 'Opening Balance', 25, 'T169'),
(183, '2017-04-01', 481, '0.00', '6082.00', 0, 'Opening Balance', 25, '646'),
(184, '2017-04-01', 481, '0.00', '9486.00', 0, 'Opening Balance', 25, '671'),
(185, '2017-04-01', 475, '0.00', '15342.00', 0, 'Opening Balance', 25, '938'),
(186, '2017-04-01', 478, '0.00', '25245.00', 0, 'Opening Balance', 25, 'Op.'),
(187, '2017-04-01', 480, '0.00', '5005.00', 0, 'Opening Balance', 25, '3888V/17'),
(188, '2017-04-01', 480, '0.00', '6203.00', 0, 'Opening Balance', 25, '3887V/17'),
(189, '2017-04-01', 480, '0.00', '24153.00', 0, 'Opening Balance', 25, '3886V/17'),
(190, '2017-04-01', 480, '0.00', '8190.00', 0, 'Opening Balance', 25, '3885V/17'),
(193, '2017-04-01', 476, '0.00', '90652.50', 0, 'Opening Balance', 25, '0101602456'),
(194, '2017-04-01', 476, '0.00', '5163.75', 0, 'Opening Balance', 25, '0101602525'),
(195, '2017-04-01', 476, '0.00', '20196.00', 0, 'Opening Balance', 25, '0101602632'),
(200, '2017-04-11', 57, '6857.50', '0.00', 2, 'Invoice', 25, NULL),
(201, '2017-04-11', 37, '0.00', '6500.00', 2, 'Invoice', 25, NULL),
(202, '2017-04-11', 488, '0.00', '357.50', 2, 'Invoice', 25, NULL),
(203, '2017-04-11', 394, '27308.25', '0.00', 3, 'Invoice', 25, NULL),
(204, '2017-04-11', 37, '0.00', '23850.00', 3, 'Invoice', 25, NULL),
(205, '2017-04-11', 487, '0.00', '3458.25', 3, 'Invoice', 25, NULL),
(206, '2017-04-11', 40, '53846.94', '0.00', 4, 'Invoice', 25, NULL),
(207, '2017-04-11', 37, '0.00', '47027.90', 4, 'Invoice', 25, NULL),
(208, '2017-04-11', 487, '0.00', '6819.04', 4, 'Invoice', 25, NULL),
(209, '2017-04-11', 72, '94000.50', '0.00', 5, 'Invoice', 25, NULL),
(210, '2017-04-11', 37, '0.00', '89100.00', 5, 'Invoice', 25, NULL),
(211, '2017-04-11', 488, '0.00', '4900.50', 5, 'Invoice', 25, NULL),
(212, '2017-04-11', 396, '12640.80', '0.00', 6, 'Invoice', 25, NULL),
(213, '2017-04-11', 37, '0.00', '11040.00', 6, 'Invoice', 25, NULL),
(214, '2017-04-11', 487, '0.00', '1600.80', 6, 'Invoice', 25, NULL),
(215, '2017-04-11', 63, '33420.70', '0.00', 7, 'Invoice', 25, NULL),
(216, '2017-04-11', 37, '0.00', '29188.38', 7, 'Invoice', 25, NULL),
(217, '2017-04-11', 487, '0.00', '4232.32', 7, 'Invoice', 25, NULL),
(218, '2017-04-11', 299, '1411.17', '0.00', 8, 'Invoice', 25, NULL),
(219, '2017-04-11', 37, '0.00', '1337.60', 8, 'Invoice', 25, NULL),
(220, '2017-04-11', 488, '0.00', '73.57', 8, 'Invoice', 25, NULL),
(221, '2017-04-11', 299, '54039.55', '0.00', 9, 'Invoice', 25, NULL),
(222, '2017-04-11', 37, '0.00', '51222.32', 9, 'Invoice', 25, NULL),
(223, '2017-04-11', 488, '0.00', '2817.23', 9, 'Invoice', 25, NULL),
(224, '2017-04-11', 77, '59831.42', '0.00', 10, 'Invoice', 25, NULL),
(225, '2017-04-11', 37, '0.00', '56712.25', 10, 'Invoice', 25, NULL),
(226, '2017-04-11', 488, '0.00', '3119.17', 10, 'Invoice', 25, NULL),
(227, '2017-04-11', 79, '30349.71', '0.00', 11, 'Invoice', 25, NULL),
(228, '2017-04-11', 37, '0.00', '28767.50', 11, 'Invoice', 25, NULL),
(229, '2017-04-11', 488, '0.00', '1582.21', 11, 'Invoice', 25, NULL),
(230, '2017-04-11', 54, '7337.52', '0.00', 12, 'Invoice', 25, NULL),
(231, '2017-04-11', 37, '0.00', '6955.00', 12, 'Invoice', 25, NULL),
(232, '2017-04-11', 488, '0.00', '382.52', 12, 'Invoice', 25, NULL),
(233, '2017-04-11', 23, '103425.87', '0.00', 13, 'Invoice', 25, NULL),
(234, '2017-04-11', 37, '0.00', '98034.00', 13, 'Invoice', 25, NULL),
(235, '2017-04-11', 488, '0.00', '5391.87', 13, 'Invoice', 25, NULL),
(236, '2017-04-11', 301, '7912.50', '0.00', 14, 'Invoice', 25, NULL),
(237, '2017-04-11', 37, '0.00', '7500.00', 14, 'Invoice', 25, NULL),
(238, '2017-04-11', 488, '0.00', '412.50', 14, 'Invoice', 25, NULL),
(239, '2017-04-11', 521, '13029.25', '0.00', 15, 'Invoice', 25, NULL),
(240, '2017-04-11', 37, '0.00', '12350.00', 15, 'Invoice', 25, NULL),
(241, '2017-04-11', 488, '0.00', '679.25', 15, 'Invoice', 25, NULL),
(242, '2017-04-11', 94, '25847.50', '0.00', 16, 'Invoice', 25, NULL),
(243, '2017-04-11', 37, '0.00', '24500.00', 16, 'Invoice', 25, NULL),
(244, '2017-04-11', 488, '0.00', '1347.50', 16, 'Invoice', 25, NULL),
(245, '2017-04-12', 41, '18439.75', '0.00', 17, 'Invoice', 25, NULL),
(246, '2017-04-12', 37, '0.00', '17478.44', 17, 'Invoice', 25, NULL),
(247, '2017-04-12', 488, '0.00', '961.31', 17, 'Invoice', 25, NULL),
(248, '2017-04-12', 39, '43582.99', '0.00', 18, 'Invoice', 25, NULL),
(249, '2017-04-12', 37, '0.00', '38063.75', 18, 'Invoice', 25, NULL),
(250, '2017-04-12', 487, '0.00', '5519.24', 18, 'Invoice', 25, NULL),
(251, '2017-04-12', 50, '54872.80', '0.00', 19, 'Invoice', 25, NULL),
(252, '2017-04-12', 37, '0.00', '52012.13', 19, 'Invoice', 25, NULL),
(253, '2017-04-12', 488, '0.00', '2860.67', 19, 'Invoice', 25, NULL),
(254, '2017-04-12', 369, '68729.29', '0.00', 20, 'Invoice', 25, NULL),
(255, '2017-04-12', 37, '0.00', '65146.25', 20, 'Invoice', 25, NULL),
(256, '2017-04-12', 488, '0.00', '3583.04', 20, 'Invoice', 25, NULL),
(257, '2017-04-12', 54, '115452.87', '0.00', 21, 'Invoice', 25, NULL),
(258, '2017-04-12', 37, '0.00', '109434.00', 21, 'Invoice', 25, NULL),
(259, '2017-04-12', 488, '0.00', '6018.87', 21, 'Invoice', 25, NULL),
(260, '2017-04-12', 41, '52044.21', '0.00', 22, 'Invoice', 25, NULL),
(261, '2017-04-12', 37, '0.00', '49331.00', 22, 'Invoice', 25, NULL),
(262, '2017-04-12', 488, '0.00', '2713.20', 22, 'Invoice', 25, NULL),
(263, '2017-04-12', 41, '47925.36', '0.00', 23, 'Invoice', 25, NULL),
(264, '2017-04-12', 37, '0.00', '45426.88', 23, 'Invoice', 25, NULL),
(265, '2017-04-12', 488, '0.00', '2498.48', 23, 'Invoice', 25, NULL),
(266, '2017-04-12', 275, '11465.21', '0.00', 24, 'Invoice', 25, NULL),
(267, '2017-04-12', 37, '0.00', '10867.50', 24, 'Invoice', 25, NULL),
(268, '2017-04-12', 488, '0.00', '597.71', 24, 'Invoice', 25, NULL),
(269, '2017-04-12', 462, '26970.55', '0.00', 25, 'Invoice', 25, NULL),
(270, '2017-04-12', 37, '0.00', '25564.50', 25, 'Invoice', 25, NULL),
(271, '2017-04-12', 488, '0.00', '1406.05', 25, 'Invoice', 25, NULL),
(272, '2017-04-12', 387, '11878.67', '0.00', 26, 'Invoice', 25, NULL),
(273, '2017-04-12', 37, '0.00', '11259.40', 26, 'Invoice', 25, NULL),
(274, '2017-04-12', 488, '0.00', '619.27', 26, 'Invoice', 25, NULL),
(275, '2017-04-13', 381, '89016.68', '0.00', 27, 'Invoice', 25, NULL),
(276, '2017-04-13', 37, '0.00', '84376.00', 27, 'Invoice', 25, NULL),
(277, '2017-04-13', 488, '0.00', '4640.68', 27, 'Invoice', 25, NULL),
(281, '2017-04-13', 64, '195469.74', '0.00', 28, 'Invoice', 25, NULL),
(282, '2017-04-13', 37, '0.00', '191637.00', 28, 'Invoice', 25, NULL),
(283, '2017-04-13', 490, '0.00', '3832.74', 28, 'Invoice', 25, NULL),
(284, '2017-04-14', 53, '122430.61', '0.00', 29, 'Invoice', 25, NULL),
(285, '2017-04-14', 37, '0.00', '106926.30', 29, 'Invoice', 25, NULL),
(286, '2017-04-14', 487, '0.00', '15504.31', 29, 'Invoice', 25, NULL),
(287, '2017-04-14', 372, '2848.50', '0.00', 30, 'Invoice', 25, NULL),
(288, '2017-04-14', 37, '0.00', '2700.00', 30, 'Invoice', 25, NULL),
(289, '2017-04-14', 488, '0.00', '148.50', 30, 'Invoice', 25, NULL),
(290, '2017-04-14', 461, '18736.80', '0.00', 31, 'Invoice', 25, NULL),
(291, '2017-04-14', 37, '0.00', '17760.00', 31, 'Invoice', 25, NULL),
(292, '2017-04-14', 488, '0.00', '976.80', 31, 'Invoice', 25, NULL),
(302, '2017-04-11', 291, '884368.40', '0.00', 1, 'Invoice', 25, NULL),
(303, '2017-04-11', 37, '0.00', '830680.95', 1, 'Invoice', 25, NULL),
(304, '2017-04-11', 488, '0.00', '45687.45', 1, 'Invoice', 25, NULL),
(305, '2017-04-11', 106, '0.00', '8000.00', 1, 'Invoice', 25, NULL),
(309, '2017-04-14', 58, '30960.80', '0.00', 32, 'Invoice', 25, NULL),
(310, '2017-04-14', 37, '0.00', '27040.00', 32, 'Invoice', 25, NULL),
(311, '2017-04-14', 487, '0.00', '3920.80', 32, 'Invoice', 25, NULL),
(318, '2017-04-17', 65, '59329.32', '0.00', 33, 'Invoice', 25, NULL),
(319, '2017-04-17', 37, '0.00', '58166.00', 33, 'Invoice', 25, NULL),
(320, '2017-04-17', 490, '0.00', '1163.32', 33, 'Invoice', 25, NULL),
(321, '2017-04-17', 534, '43255.00', '0.00', 34, 'Invoice', 27, NULL),
(322, '2017-04-17', 311, '0.00', '41000.00', 34, 'Invoice', 27, NULL),
(323, '2017-04-17', 505, '0.00', '2255.00', 34, 'Invoice', 27, NULL),
(324, '2017-04-17', 543, '95996.56', '0.00', 35, 'Invoice', 27, NULL),
(325, '2017-04-17', 311, '0.00', '90992.00', 35, 'Invoice', 27, NULL),
(326, '2017-04-17', 505, '0.00', '5004.56', 35, 'Invoice', 27, NULL),
(327, '2017-04-17', 514, '31333.50', '0.00', 36, 'Invoice', 27, NULL),
(328, '2017-04-17', 311, '0.00', '29700.00', 36, 'Invoice', 27, NULL),
(329, '2017-04-17', 505, '0.00', '1633.50', 36, 'Invoice', 27, NULL),
(330, '2017-04-17', 545, '59618.05', '0.00', 37, 'Invoice', 27, NULL),
(331, '2017-04-17', 311, '0.00', '56510.00', 37, 'Invoice', 27, NULL),
(332, '2017-04-17', 505, '0.00', '3108.05', 37, 'Invoice', 27, NULL),
(333, '2017-04-17', 513, '22682.50', '0.00', 38, 'Invoice', 27, NULL),
(334, '2017-04-17', 311, '0.00', '21500.00', 38, 'Invoice', 27, NULL),
(335, '2017-04-17', 505, '0.00', '1182.50', 38, 'Invoice', 27, NULL),
(336, '2017-04-17', 513, '9231.25', '0.00', 39, 'Invoice', 27, NULL),
(337, '2017-04-17', 311, '0.00', '8750.00', 39, 'Invoice', 27, NULL),
(338, '2017-04-17', 505, '0.00', '481.25', 39, 'Invoice', 27, NULL),
(342, '2017-04-21', 62, '7748.75', '0.00', 40, 'Invoice', 25, NULL),
(343, '2017-04-21', 37, '0.00', '7250.00', 40, 'Invoice', 25, NULL),
(344, '2017-04-21', 488, '0.00', '398.75', 40, 'Invoice', 25, NULL),
(345, '2017-04-21', 106, '0.00', '100.00', 40, 'Invoice', 25, NULL),
(346, '2017-04-21', 546, '5438.75', '0.00', 41, 'Invoice', 25, NULL),
(347, '2017-04-21', 37, '0.00', '4750.00', 41, 'Invoice', 25, NULL),
(348, '2017-04-21', 487, '0.00', '688.75', 41, 'Invoice', 25, NULL),
(349, '2017-04-03', 275, '0.00', '9697.44', 2, 'Receipt Voucher', 25, NULL),
(350, '2017-04-03', 544, '0.44', '0.00', 2, 'Receipt Voucher', 25, NULL),
(351, '2017-04-03', 145, '9697.00', '0.00', 2, 'Receipt Voucher', 25, NULL),
(352, '2017-04-22', 28, '2580.72', '0.00', 42, 'Invoice', 25, NULL),
(353, '2017-04-22', 37, '0.00', '2304.00', 42, 'Invoice', 25, NULL),
(354, '2017-04-22', 488, '0.00', '126.72', 42, 'Invoice', 25, NULL),
(355, '2017-04-22', 106, '0.00', '150.00', 42, 'Invoice', 25, NULL),
(356, '2017-04-15', 63, '0.00', '293187.50', 1, 'Receipt Voucher', 25, NULL),
(357, '2017-04-15', 544, '0.50', '0.00', 1, 'Receipt Voucher', 25, NULL),
(358, '2017-04-15', 145, '293187.00', '0.00', 1, 'Receipt Voucher', 25, NULL);

-- --------------------------------------------------------

--
-- Table structure for table `ledger_accounts`
--

CREATE TABLE IF NOT EXISTS `ledger_accounts` (
  `id` int(12) NOT NULL AUTO_INCREMENT,
  `account_second_subgroup_id` int(12) NOT NULL,
  `name` varchar(255) NOT NULL,
  `alias` varchar(255) NOT NULL,
  `source_model` varchar(255) NOT NULL,
  `source_id` int(10) NOT NULL,
  `bill_to_bill_account` varchar(10) NOT NULL,
  `company_id` int(10) NOT NULL,
  PRIMARY KEY (`id`)
) ENGINE=InnoDB  DEFAULT CHARSET=latin1 AUTO_INCREMENT=547 ;

--
-- Dumping data for table `ledger_accounts`
--

INSERT INTO `ledger_accounts` (`id`, `account_second_subgroup_id`, `name`, `alias`, `source_model`, `source_id`, `bill_to_bill_account`, `company_id`) VALUES
(22, 10, 'Jagdish Salvi', '', 'Employees', 4, '', 25),
(23, 2, 'Hindustan Zinc Ltd', 'Dariba Smelter Complex', 'Customers', 1, 'Yes', 25),
(25, 2, 'Ultratech Cement Ltd', 'Unit-Aditya Cement Works', 'Customers', 2, 'Yes', 25),
(26, 2, 'JK Laxmi Cement Ltd', 'JK Laxmi Cement Ltd', 'Customers', 3, 'Yes', 25),
(27, 2, 'Shree Cement Ltd', 'Shree Cement Ltd Unit 1', 'Customers', 4, 'Yes', 25),
(28, 2, 'Trinetra Cement Ltd', 'The India Cement', 'Customers', 5, 'Yes', 25),
(31, 10, 'Jitendra Singh Jhala', '', 'Employees', 8, '', 25),
(32, 10, 'Usha Mali', '', 'Employees', 9, '', 25),
(33, 2, 'Ultratech Cement Limited', 'Unit: Vikram Cement Works', 'Customers', 6, 'Yes', 25),
(35, 14, 'CST Purchases', '', 'Ledger Account', 0, '', 25),
(37, 8, 'Sales Income', '', 'Ledger Account', 0, '', 25),
(38, 2, 'Adani Power Rajasthan Ltd', 'Adani Power Rajasthan Ltd', 'Customers', 7, 'Yes', 25),
(39, 1, 'Shriram Rayons', 'Shriram Rayons', 'Customers', 8, 'Yes', 25),
(40, 2, 'Mangalam Cement Ltd', 'Mangalam Cement Ltd', 'Customers', 9, 'Yes', 25),
(41, 2, 'Sutlej Textiles and Industries Limited', 'Sutlej Textiles and Industries Limited', 'Customers', 10, 'Yes', 25),
(43, 2, 'Ambuja Cements Limited', 'Unit-Rabriyawas', 'Customers', 11, 'Yes', 25),
(44, 10, 'Pushpendra Nath Chauhan', '', 'Employees', 11, '', 25),
(45, 10, 'Vikram Singh ', '', 'Employees', 12, '', 25),
(46, 10, 'Bhopal Singh Jhala', '', 'Employees', 13, '', 25),
(47, 2, 'Hindustan Zinc Ltd.', 'Sindesar Khurd Mine', 'Customers', 12, 'Yes', 25),
(50, 2, 'J.K. Cement Works Mangrol', 'Unit of J.K. Cement Ltd.', 'Customers', 15, 'Yes', 25),
(51, 2, 'Hindustan Zinc Ltd', 'Haridwar Zinc Plant', 'Customers', 16, 'Yes', 25),
(52, 10, 'Reena Khandelwal', '', 'Employees', 14, '', 25),
(53, 2, 'Hindustan Zinc Ltd', 'Rajpura Dariba Mines', 'Customers', 17, 'Yes', 25),
(54, 2, 'Hindustan Zinc Ltd', 'Chanderia Smelter Complex (CPP)', 'Customers', 18, 'Yes', 25),
(55, 2, 'Hindustan Zinc Ltd', 'Unit-Pyro', 'Customers', 19, 'Yes', 25),
(56, 2, 'Hindustan Zinc ltd', 'Zinc Smelter Debari', 'Customers', 20, 'Yes', 25),
(57, 2, 'Hindustan Zinc Ltd', 'CPP Zawar Mines', 'Customers', 21, 'Yes', 25),
(58, 2, 'Ultratech Cement Limited', 'Unit-Birla White', 'Customers', 22, 'Yes', 25),
(59, 2, 'Ultratech Cement Limited', 'Unit-Sewagram Cement Works', 'Customers', 23, 'Yes', 25),
(60, 2, 'Ultratech Cement Limited', 'Unit-Bathinda Cement Works', 'Customers', 24, 'Yes', 25),
(61, 2, 'Ultratech Cement Limited', 'Unit-Awarpur Cement Works', 'Customers', 25, 'Yes', 25),
(62, 2, 'Ultratech Cement Limited', 'Unit-Kotputli Cement Works', 'Customers', 26, 'Yes', 25),
(63, 2, 'Shree Cement Limited', 'Unit -RAS', 'Customers', 29, 'Yes', 25),
(64, 2, 'Shree Raipur Cement Plant', 'Unit-Shree Cement Ltd', 'Customers', 30, 'Yes', 25),
(65, 2, 'Shree Cement Unit Panipat', 'Panipat', 'Customers', 31, 'Yes', 25),
(66, 2, 'RSWM Limited', 'Power Plant', 'Customers', 32, '', 25),
(67, 2, 'RSWM Limited', 'Unit:-LNJ Denim', 'Customers', 33, 'Yes', 25),
(68, 2, 'RSWM Limited', 'Unit-Rishabhdev', 'Customers', 34, 'Yes', 25),
(69, 2, 'Cavendish Industries Limited', 'Cavendish Industries Limited', 'Customers', 35, 'Yes', 25),
(70, 10, 'Mohammed Arif', '', 'Employees', 15, '', 26),
(71, 2, 'BMD Pvt Ltd', 'BMD ', 'Customers', 36, 'Yes', 25),
(72, 2, 'Ginni international Ltd.', 'Ginni international Ltd.', 'Customers', 37, 'Yes', 25),
(73, 2, 'Shriram Fertilisers & Chemicals', 'Shriram Fertilisers & Chemicals', 'Customers', 38, 'Yes', 25),
(75, 11, 'Anshul Mogra', '', 'Employees', 16, '', 25),
(77, 2, 'Maharaja Shree Umaid Mills Ltd', 'Maharaja Shree Umaid Mills Ltd', 'Customers', 40, 'Yes', 25),
(78, 2, 'Banawara Syntex Limited', 'Unit BTM', 'Customers', 41, 'Yes', 25),
(79, 2, 'Udaipur Cement Works Ltd', 'Unit of JK Laxmi Cement', 'Customers', 42, 'Yes', 25),
(80, 2, 'Neyveli Lignite Corporation Limited', 'NLC', 'Customers', 43, 'Yes', 25),
(85, 2, 'Wonder Cement Ltd.', 'Nimbahera', 'Customers', 44, 'Yes', 25),
(86, 2, 'Sangam (India) Limited', 'Spinning Unit -I', 'Customers', 45, 'Yes', 25),
(87, 2, 'RSWM Limited', 'Unit-Gulabpura', 'Customers', 46, 'Yes', 25),
(88, 2, 'Lafarge India Pvt.Ltd. ', 'Lafarge India Pvt.Ltd. ', 'Customers', 47, 'Yes', 25),
(89, 2, 'Jindal Saw Ltd.', 'Jindal Saw Ltd.', 'Customers', 48, 'Yes', 25),
(90, 2, 'Kalisindh Thermal Power Project ', 'KTPP-RRVUNL', 'Customers', 49, 'Yes', 25),
(91, 2, 'Chhabra Thermal Power Project', 'CTPS-RRVUNL', 'Customers', 50, 'Yes', 25),
(92, 2, 'Parle Biscuit Pvt. Ltd. ', 'Parle Biscuit Pvt. Ltd. ', 'Customers', 51, 'Yes', 25),
(93, 2, 'United Spirits Limited ', 'Unit- Alwar', 'Customers', 52, 'Yes', 25),
(94, 2, 'United Spirits Ltd.', 'Unit- Udaipur', 'Customers', 53, 'Yes', 25),
(95, 2, 'Balkrishna Industries Ltd.', 'Unit-Chopanki', 'Customers', 54, 'Yes', 25),
(96, 2, 'Balkrishna Industries Ltd.', 'Unit-Bhiwadi', 'Customers', 55, 'Yes', 25),
(97, 2, 'Sabmiller India Ltd.', 'Unit-Rochees Breweries', 'Customers', 56, 'Yes', 25),
(98, 2, 'Shriram Axiall', 'Shriram Polytech', 'Customers', 57, 'Yes', 25),
(100, 16, 'VAT Paid Purchases', '', 'Ledger Account', 0, '', 25),
(101, 17, 'Purchase Thela Bhada', '', 'Ledger Account', 0, '', 25),
(102, 2, 'J K Tyre & Industries Ltd.', 'J K Tyre & Industries Ltd.', 'Customers', 58, 'Yes', 25),
(103, 17, 'Purchase Freight', '', 'Ledger Account', 0, '', 25),
(104, 17, 'Purchase Other Expenses', '', 'Ledger Account', 0, '', 25),
(105, 18, 'Sales Thela Bhada', '', 'Ledger Account', 0, '', 25),
(106, 18, 'Sales Freight Expenses', '', 'Ledger Account', 0, '', 25),
(107, 52, 'Sales Promotion', '', 'Ledger Account', 0, '', 25),
(108, 52, 'Exhibition & Seminar Expenses', '', 'Ledger Account', 0, '', 25),
(109, 52, 'Guest Entertainment Expenses', '', 'Ledger Account', 0, '', 25),
(111, 52, 'Sales Commission', '', 'Ledger Account', 0, '', 25),
(112, 19, 'Professional & Membership Expenses', '', 'Ledger Account', 0, '', 25),
(113, 20, 'Communication Staff Expenses', '', 'Ledger Account', 0, '', 25),
(114, 19, 'Electricity Expenses', '', 'Ledger Account', 0, '', 25),
(115, 19, 'Rent Expenses', '', 'Ledger Account', 0, '', 25),
(116, 19, 'Water Expenses', '', 'Ledger Account', 0, '', 25),
(117, 19, 'Printing & Stationary Expenses', '', 'Ledger Account', 0, '', 25),
(118, 19, 'Depreciation of Fixed Assets', '', 'Ledger Account', 0, '', 25),
(119, 19, 'Repair & Maintenance Expenses', '', 'Ledger Account', 0, '', 25),
(120, 20, 'Salary & Wages', '', 'Ledger Account', 0, '', 25),
(121, 21, 'Directors Remuneration', '', 'Ledger Account', 0, '', 25),
(122, 21, 'Communication Director Expenses', '', 'Ledger Account', 0, '', 25),
(123, 21, 'Local Conveyance Director Expenses', '', 'Ledger Account', 0, '', 25),
(124, 20, 'Local Conveyance Staff Expenses', '', 'Ledger Account', 0, '', 25),
(125, 19, 'Travelling Expenses', '', 'Ledger Account', 0, '', 25),
(126, 19, 'Postage & Courier Expenses', '', 'Ledger Account', 0, '', 25),
(127, 20, 'Staff Welfare Expenses', '', 'Ledger Account', 0, '', 25),
(128, 2, 'Sanjeev Traders', 'Sanjeev Traders', 'Customers', 59, 'Yes', 25),
(129, 20, 'LTA Expenses', '', 'Ledger Account', 0, '', 25),
(130, 20, 'Mecical Expenses', '', 'Ledger Account', 0, '', 25),
(131, 19, 'Late Delivery Expenses', '', 'Ledger Account', 0, '', 25),
(132, 19, 'Legal Expenses', '', 'Ledger Account', 0, '', 25),
(133, 22, 'Bank Charges', '', 'Ledger Account', 0, '', 25),
(134, 19, 'Office Expenses', '', 'Ledger Account', 0, '', 25),
(135, 19, 'Other Office Expenses', '', 'Ledger Account', 0, '', 25),
(137, 22, 'Interest on OD Limit', '', 'Ledger Account', 0, '', 25),
(138, 22, 'Interest Paid', '', 'Ledger Account', 0, '', 25),
(139, 22, 'Interest on Unsecured Loan', '', 'Ledger Account', 0, '', 25),
(140, 23, 'Interest Received', '', 'Ledger Account', 0, '', 25),
(142, 24, 'SBBJ STL Bank', '', 'Ledger Account', 0, '', 25),
(145, 24, 'Union Bank of India Bank', '', 'Ledger Account', 0, '', 25),
(146, 26, 'Kotak Mahindra Bank', '', 'Ledger Account', 0, '', 25),
(147, 27, 'ICICI Bank Loan Account', '', 'Ledger Account', 0, '', 25),
(148, 2, 'Birla Corporation Limited', 'Unit-Birla cement Works', 'Customers', 60, 'Yes', 25),
(149, 27, 'HDFC Bank Loan Account', '', 'Ledger Account', 0, '', 25),
(151, 29, 'Plant & Machinery', '', 'Ledger Account', 0, '', 25),
(152, 29, 'Laptop, Computer & Printers', '', 'Ledger Account', 0, '', 25),
(153, 30, 'Office Furniture', '', 'Ledger Account', 0, '', 25),
(155, 30, 'Office Equipment', '', 'Ledger Account', 0, '', 25),
(158, 2, 'Chambal Fertilisers And Chemicals Limited', 'Chambal Fertilisers And Chemicals Limited', 'Customers', 61, 'Yes', 25),
(160, 13, 'VAT Purchases', '', 'Ledger Account', 0, '', 26),
(161, 14, 'CST Purchases', '', 'Ledger Account', 0, '', 26),
(162, 9, 'Fright Amount', '', 'Ledger Account', 0, '', 26),
(163, 8, 'Sales Income', '', 'Ledger Account', 0, '', 26),
(164, 16, 'VAT Paid Purchases', '', 'Ledger Account', 0, '', 26),
(165, 17, 'Purchase Thela Bhada', '', 'Ledger Account', 0, '', 26),
(166, 17, 'Purchase Freight', '', 'Ledger Account', 0, '', 26),
(167, 17, 'Purchase Other Expenses', '', 'Ledger Account', 0, '', 26),
(168, 18, 'Sales Thela Bhada', '', 'Ledger Account', 0, '', 26),
(169, 18, 'Sales Freight Expenses', '', 'Ledger Account', 0, '', 26),
(170, 18, 'Sales Promotion', '', 'Ledger Account', 0, '', 26),
(171, 18, 'Exhibition & Seminar Expenses', '', 'Ledger Account', 0, '', 26),
(172, 18, 'Guest Entertainment Expenses', '', 'Ledger Account', 0, '', 26),
(173, 18, 'Sales Commission', '', 'Ledger Account', 0, '', 26),
(174, 19, 'Professional & Membership Expenses', '', 'Ledger Account', 0, '', 26),
(175, 20, 'Communication Staff Expenses', '', 'Ledger Account', 0, '', 26),
(176, 19, 'Electricity Expenses', '', 'Ledger Account', 0, '', 26),
(177, 19, 'Rent Expenses', '', 'Ledger Account', 0, '', 26),
(178, 19, 'Water Expenses', '', 'Ledger Account', 0, '', 26),
(179, 19, 'Printing & Stationary Expenses', '', 'Ledger Account', 0, '', 26),
(180, 19, 'Depreciation of Fixed Assets', '', 'Ledger Account', 0, '', 26),
(181, 19, 'Repair & Maintenance Expenses', '', 'Ledger Account', 0, '', 26),
(182, 20, 'Salary & Wages', '', 'Ledger Account', 0, '', 26),
(183, 21, 'Directors Remuneration', '', 'Ledger Account', 0, '', 26),
(184, 21, 'Communication Director Expenses', '', 'Ledger Account', 0, '', 26),
(185, 21, 'Local Conveyance Director Expenses', '', 'Ledger Account', 0, '', 26),
(186, 20, 'Local Conveyance Staff Expenses', '', 'Ledger Account', 0, '', 26),
(187, 19, 'Travelling Expenses', '', 'Ledger Account', 0, '', 26),
(188, 19, 'Postage & Courier Expenses', '', 'Ledger Account', 0, '', 26),
(189, 20, 'Staff Welfare Expenses', '', 'Ledger Account', 0, '', 26),
(190, 20, 'LTA Expenses', '', 'Ledger Account', 0, '', 26),
(191, 20, 'Mecical Expenses', '', 'Ledger Account', 0, '', 26),
(192, 19, 'Late Delivery Expenses', '', 'Ledger Account', 0, '', 26),
(193, 19, 'Legal Expenses', '', 'Ledger Account', 0, '', 26),
(194, 22, 'Bank Charges', '', 'Ledger Account', 0, '', 26),
(195, 19, 'Office Expenses', '', 'Ledger Account', 0, '', 26),
(196, 19, 'Other Office Expenses', '', 'Ledger Account', 0, '', 26),
(197, 22, 'Interest on OD Limit', '', 'Ledger Account', 0, '', 26),
(198, 22, 'Interest Paid', '', 'Ledger Account', 0, '', 26),
(199, 22, 'Interest on Unsecured Loan', '', 'Ledger Account', 0, '', 26),
(200, 23, 'Interest Received', '', 'Ledger Account', 0, '', 26),
(201, 25, 'Sales Commission Received', '', 'Ledger Account', 0, '', 26),
(203, 24, 'SBBJ SML Bank', '', 'Ledger Account', 0, '', 26),
(205, 24, 'Union Bank of India Bank', '', 'Ledger Account', 0, '', 26),
(206, 26, 'Kotak Mahindra Bank', '', 'Ledger Account', 0, '', 26),
(207, 27, 'ICICI Bank Loan Account', '', 'Ledger Account', 0, '', 26),
(208, 27, 'HDFC Bank Loan Account', '', 'Ledger Account', 0, '', 26),
(209, 28, 'Petty Cash', '', 'Ledger Account', 0, '', 26),
(210, 29, 'Plant & Machinery', '', 'Ledger Account', 0, '', 26),
(211, 30, 'Laptop, Computer & Printers', '', 'Ledger Account', 0, '', 26),
(212, 30, 'Office Furniture', '', 'Ledger Account', 0, '', 26),
(213, 30, 'Office Equipment', '', 'Ledger Account', 0, '', 26),
(214, 31, 'Vehicle ', '', 'Ledger Account', 0, '', 26),
(271, 2, 'Lucid Colloid Ltd.', 'Lucid Colloid Ltd.', 'Customers', 62, 'Yes', 25),
(272, 2, 'Kota Super Thermal Power Plant ', 'KSTPS-RRVUNL', 'Customers', 63, 'Yes', 25),
(273, 2, 'United Breweries Limited', 'Unit- Chopanki', 'Customers', 64, 'Yes', 25),
(274, 2, 'Carlsberg India Pvt. Ltd.', 'Carlsberg India Pvt. Ltd.', 'Customers', 65, 'Yes', 25),
(275, 2, 'RSWM Limited', 'Unit- Mandpam', 'Customers', 66, 'Yes', 25),
(276, 10, 'Jagdish Salvi', '', 'Employees', 4, '', 26),
(277, 10, 'Jagdish Salvi', '', 'Employees', 4, '', 27),
(278, 2, 'H.S. Engineering & Marketing', 'H.S. Engineering & Marketing', 'Customers', 67, 'Yes', 25),
(279, 10, 'Jitendra Singh Jhala', '', 'Employees', 8, '', 26),
(280, 10, 'Jitendra Singh Jhala', '', 'Employees', 8, '', 27),
(281, 10, 'Usha Mali', '', 'Employees', 9, '', 26),
(282, 10, 'Usha Mali', '', 'Employees', 9, '', 27),
(285, 10, 'Pushpendra Nath Chauhan', '', 'Employees', 11, '', 26),
(286, 10, 'Pushpendra Nath Chauhan', '', 'Employees', 11, '', 27),
(287, 10, 'Vikram Singh', '', 'Employees', 12, '', 26),
(288, 10, 'Vikram Singh', '', 'Employees', 12, '', 27),
(289, 10, 'Bhopal Singh Jhala', '', 'Employees', 13, '', 26),
(290, 10, 'Bhopal Singh Jhala', '', 'Employees', 13, '', 27),
(291, 2, 'Suratgarh Super thermal Power Station', 'SSTPS-RRVUNL', 'Customers', 68, 'Yes', 25),
(292, 10, 'Reena Khandelwal', '', 'Employees', 14, '', 26),
(293, 10, 'Reena Khandelwal', '', 'Employees', 14, '', 27),
(294, 10, 'Mohammed Arif', '', 'Employees', 15, '', 25),
(295, 10, 'Mohammed Arif', '', 'Employees', 15, '', 27),
(296, 11, 'Anshul Mogra', '', 'Employees', 16, '', 26),
(297, 11, 'Anshul Mogra', '', 'Employees', 16, '', 27),
(298, 2, 'United Breweries Ltd.-Dharuhera', 'Unit-Dharuhera', 'Customers', 69, 'Yes', 25),
(299, 2, 'Honda Cars India Pvt. Ltd.', 'Honda Cars India Pvt. Ltd.', 'Customers', 70, 'Yes', 25),
(300, 2, 'Wasser Technochem (India) Ltd.', 'Wasser Technochem (India) Ltd.', 'Customers', 71, 'Yes', 25),
(301, 2, 'Bhavik Terryfab', 'Unit of KG Petrochem Limited', 'Customers', 72, 'Yes', 25),
(302, 2, 'Rajasthan Liquors Ltd', 'Rajasthan Liquors Ltd', 'Customers', 73, 'Yes', 25),
(303, 2, 'Varun Breverages Ltd.', 'Varun Breverages Ltd.', 'Customers', 74, 'Yes', 25),
(304, 2, 'Nissin Brake India Pvt. Ltd.', 'Nissin Brake India Pvt. Ltd.', 'Customers', 75, 'Yes', 25),
(305, 2, 'Saint Gobain Glass India Ltd.', 'Saint Gobain Glass India Ltd.', 'Customers', 76, 'Yes', 25),
(306, 2, 'Kajaria Ceramics Ltd.', 'Kajaria Ceramics Ltd.', 'Customers', 77, 'Yes', 25),
(308, 13, 'VAT Purchases', '', 'Ledger Account', 0, '', 27),
(309, 14, 'CST Purchases', '', 'Ledger Account', 0, '', 27),
(310, 9, 'Fright Amount', '', 'Ledger Account', 0, '', 27),
(311, 8, 'Sales Income', '', 'Ledger Account', 0, '', 27),
(312, 16, 'VAT Paid Purchases', '', 'Ledger Account', 0, '', 27),
(313, 17, 'Purchase Thela Bhada', '', 'Ledger Account', 0, '', 27),
(314, 17, 'Purchase Freight', '', 'Ledger Account', 0, '', 27),
(315, 17, 'Purchase Other Expenses', '', 'Ledger Account', 0, '', 27),
(316, 18, 'Sales Thela Bhada', '', 'Ledger Account', 0, '', 27),
(317, 18, 'Sales Freight Expenses', '', 'Ledger Account', 0, '', 27),
(318, 18, 'Sales Promotion', '', 'Ledger Account', 0, '', 27),
(319, 18, 'Exhibition & Seminar Expenses', '', 'Ledger Account', 0, '', 27),
(320, 18, 'Guest Entertainment Expenses', '', 'Ledger Account', 0, '', 27),
(321, 18, 'Sales Commission', '', 'Ledger Account', 0, '', 27),
(322, 19, 'Professional & Membership Expenses', '', 'Ledger Account', 0, '', 27),
(323, 20, 'Communication Staff Expenses', '', 'Ledger Account', 0, '', 27),
(324, 19, 'Electricity Expenses', '', 'Ledger Account', 0, '', 27),
(325, 19, 'Rent Expenses', '', 'Ledger Account', 0, '', 27),
(326, 19, 'Water Expenses', '', 'Ledger Account', 0, '', 27),
(327, 19, 'Printing & Stationary Expenses', '', 'Ledger Account', 0, '', 27),
(328, 19, 'Depreciation of Fixed Assets', '', 'Ledger Account', 0, '', 27),
(329, 19, 'Repair & Maintenance Expenses', '', 'Ledger Account', 0, '', 27),
(330, 20, 'Salary & Wages', '', 'Ledger Account', 0, '', 27),
(331, 21, 'Directors Remuneration', '', 'Ledger Account', 0, '', 27),
(332, 21, 'Communication Director Expenses', '', 'Ledger Account', 0, '', 27),
(333, 21, 'Local Conveyance Director Expenses', '', 'Ledger Account', 0, '', 27),
(334, 20, 'Local Conveyance Staff Expenses', '', 'Ledger Account', 0, '', 27),
(335, 19, 'Travelling Expenses', '', 'Ledger Account', 0, '', 27),
(336, 19, 'Postage & Courier Expenses', '', 'Ledger Account', 0, '', 27),
(337, 20, 'Staff Welfare Expenses', '', 'Ledger Account', 0, '', 27),
(338, 20, 'LTA Expenses', '', 'Ledger Account', 0, '', 27),
(339, 20, 'Mecical Expenses', '', 'Ledger Account', 0, '', 27),
(340, 19, 'Late Delivery Expenses', '', 'Ledger Account', 0, '', 27),
(341, 19, 'Legal Expenses', '', 'Ledger Account', 0, '', 27),
(342, 22, 'Bank Charges', '', 'Ledger Account', 0, '', 27),
(343, 19, 'Office Expenses', '', 'Ledger Account', 0, '', 27),
(344, 19, 'Other Office Expenses', '', 'Ledger Account', 0, '', 27),
(345, 22, 'Interest on OD Limit', '', 'Ledger Account', 0, '', 27),
(346, 22, 'Interest Paid', '', 'Ledger Account', 0, '', 27),
(347, 22, 'Interest on Unsecured Loan', '', 'Ledger Account', 0, '', 27),
(348, 23, 'Interest Received', '', 'Ledger Account', 0, '', 27),
(349, 25, 'Sales Commission Received', '', 'Ledger Account', 0, '', 27),
(352, 24, 'SBBJ FMSL Bank', '', 'Ledger Account', 0, '', 27),
(353, 24, 'Union Bank of India Bank', '', 'Ledger Account', 0, '', 27),
(354, 26, 'Kotak Mahindra Bank', '', 'Ledger Account', 0, '', 27),
(355, 27, 'ICICI Bank Loan Account', '', 'Ledger Account', 0, '', 27),
(356, 27, 'HDFC Bank Loan Account', '', 'Ledger Account', 0, '', 27),
(357, 28, 'Petty Cash', '', 'Ledger Account', 0, '', 27),
(358, 29, 'Plant & Machinery', '', 'Ledger Account', 0, '', 27),
(359, 30, 'Laptop, Computer & Printers', '', 'Ledger Account', 0, '', 27),
(360, 30, 'Office Furniture', '', 'Ledger Account', 0, '', 27),
(361, 30, 'Office Equipment', '', 'Ledger Account', 0, '', 27),
(362, 31, 'Vehicle ', '', 'Ledger Account', 0, '', 27),
(363, 2, 'Adani Wilmar Ltd.', 'Unit- Alwar', 'Customers', 78, 'Yes', 25),
(364, 2, 'Jaquar & Company Pvt. Ltd.', 'Jaquar & Co. Pvt. Ltd.(Bhiwadi)', 'Customers', 79, 'Yes', 25),
(365, 2, 'Siegwerk India Pvt. Ltd.', 'Siegwerk India Pvt. Ltd.', 'Customers', 80, 'Yes', 25),
(368, 2, 'Hindustan Zinc Ltd', 'Rampura Agucha Mines', 'Customers', 83, 'Yes', 25),
(369, 2, 'Dabur India Limited-Alwar Unit', 'Unit-Alwar', 'Customers', 84, 'Yes', 25),
(370, 2, 'Sika India Pvt. Ltd.', 'Sika India Pvt. Ltd.', 'Customers', 85, 'Yes', 25),
(372, 2, 'Nachi Technology India Pvt Ltd ', 'Nachi Technology India Pvt Ltd ', 'Customers', 86, 'Yes', 25),
(374, 2, 'J.K White Cement Works ', 'Unit of JK Cement Ltd. ', 'Customers', 88, 'Yes', 25),
(375, 2, 'Ajanta Polymer (P) lTD.', 'Ajanta Polymer (P) lTD.', 'Customers', 89, 'Yes', 25),
(376, 2, 'Daikin Airconditioning India Pvt. Ltd. ', 'Daikin Airconditioning India Pvt. Ltd. ', 'Customers', 90, 'Yes', 25),
(377, 2, 'Vintage Distillers Ltd.', 'Vintage Distillers Ltd.', 'Customers', 91, 'Yes', 25),
(378, 2, 'Rajshree Pilp And Board Mills Pvt. Ltd.', 'Rajshree Pilp And Board Mills Pvt. Ltd.', 'Customers', 92, 'Yes', 25),
(381, 2, 'Hindustan Zinc Ltd', 'Hydro -I ,Unit II', 'Customers', 95, 'Yes', 25),
(383, 2, 'Rajasthan Rajya Vidhyut Utpadan Ltd', '(Banswara)', 'Customers', 97, 'Yes', 25),
(384, 2, 'Adani Wilmar Ltd.', 'Unit-Bundi', 'Customers', 98, 'Yes', 25),
(385, 2, 'Manglam Cement Limited', 'Manglam Cement Limited', 'Customers', 99, 'Yes', 25),
(387, 2, 'Advantage Oils Pvt. Ltd.', 'Advantage Oils Pvt. Ltd.', 'Customers', 101, 'Yes', 25),
(388, 2, 'Mahesh Edible Oil Industries Ltd.', 'Mahesh Edible Oil Industries Ltd.', 'Customers', 102, 'Yes', 25),
(389, 2, 'ACC Limited', 'Unit-Lakheri Cement  Works', 'Customers', 103, 'Yes', 25),
(390, 2, 'Ruchi Soya Industries Ltd.', 'Ruchi Soya Industries Ltd.', 'Customers', 104, 'Yes', 25),
(391, 2, 'K.S.Oils Limited', 'K.S.Oils Limited', 'Customers', 105, 'Yes', 25),
(394, 2, 'KEI Industries Limited ', 'Kei Industries Limited', 'Customers', 108, 'Yes', 25),
(396, 2, 'Shree Cement Ltd.,', '(Khushkhera Cement Grinding Project)', 'Customers', 110, 'Yes', 25),
(397, 2, 'Cattle Feed Plant ', 'A Unit of Rajasthan Dairy Federation Limited', 'Customers', 111, 'Yes', 25),
(398, 2, 'Sigma Electric Mfg Corp (P) Ltd.', 'Sigma Electric Mfg Corp (P) Ltd.', 'Customers', 112, 'Yes', 25),
(399, 32, 'Share Capital', '', 'Ledger Account', 0, '', 25),
(400, 33, 'Reserves & Surplus', '', 'Ledger Account', 0, '', 25),
(401, 11, 'Unsecured Loan - Anshul Mogra', '', 'Ledger Account', 0, '', 25),
(402, 11, 'Unsecured Loan - K S Mogra', '', 'Ledger Account', 0, '', 25),
(403, 12, 'Unsecured Loan - Rajendra Mehta', '', 'Ledger Account', 0, '', 25),
(404, 37, 'Anshul Mogra Current Account', '', 'Ledger Account', 0, '', 25),
(405, 37, 'K S Mogra Current Account', '', 'Ledger Account', 0, '', 25),
(406, 37, 'Priya Mogra Current Account', '', 'Ledger Account', 0, '', 25),
(407, 38, 'Provision for Audit Fees', '', 'Ledger Account', 0, '', 25),
(408, 38, 'Provision for Sales Tax', '', 'Ledger Account', 0, '', 25),
(409, 38, 'Provision for Turnover Incentive', '', 'Ledger Account', 0, '', 25),
(411, 38, 'Provision for Staff Sales Commission', '', 'Ledger Account', 0, '', 25),
(412, 39, 'Lakshmi Enterprises', '', 'Ledger Account', 0, '', 25),
(413, 39, 'Ludhiana Refrigeration', '', 'Ledger Account', 0, '', 25),
(414, 40, 'Security Deposit - Ger Singh', '', 'Ledger Account', 0, '', 25),
(415, 40, 'Security Deposit - Jayanti Jain', '', 'Ledger Account', 0, '', 25),
(416, 40, 'Security Deposit - Anjana Jain', '', 'Ledger Account', 0, '', 25),
(417, 40, 'Security Deposit - Jagdish Salvi', '', 'Ledger Account', 0, '', 25),
(418, 40, 'Security Deposit - Jitendra Jhala', '', 'Ledger Account', 0, '', 25),
(419, 40, 'Security Deposit - Lehari Lal', '', 'Ledger Account', 0, '', 25),
(420, 40, 'Security Deposit - Reena Khandelwal', '', 'Ledger Account', 0, '', 25),
(421, 40, 'Security Deposit - Usha Mali', '', 'Ledger Account', 0, '', 25),
(422, 40, 'Security Deposit - Mukesh Jain', '', 'Ledger Account', 0, '', 25),
(423, 40, 'Security Deposit - Snigdha Bhattacharya', '', 'Ledger Account', 0, '', 25),
(424, 40, 'Security Deposit - Vikram Singh', '', 'Ledger Account', 0, '', 25),
(425, 40, 'Security Deposit - Waheed Khan', '', 'Ledger Account', 0, '', 25),
(426, 40, 'Security Deposit - Ajita Chopra', '', 'Ledger Account', 0, '', 25),
(427, 40, 'Security Deposit - Rajendra Mehta', '', 'Ledger Account', 0, '', 25),
(428, 40, 'Security Deposit - Others', '', 'Ledger Account', 0, '', 25),
(429, 2, 'Shree Cement Limited', '(Shree Mega Power)', 'Customers', 114, 'Yes', 25),
(430, 41, 'Shares - Kandhari Rubbers Ltd.', '', 'Ledger Account', 0, '', 25),
(431, 41, 'Shares - Shilpa Mechtrad Ltd.', '', 'Ledger Account', 0, '', 25),
(432, 41, 'Shares - Sinetron Power Ltd.', '', 'Ledger Account', 0, '', 25),
(433, 29, 'Plant & Machinery', '', 'Ledger Account', 0, '', 25),
(434, 29, 'Vehicles', '', 'Ledger Account', 0, '', 25),
(435, 30, 'Software Accounting', '', 'Ledger Account', 0, '', 25),
(436, 29, 'Auto Battery Operated', '', 'Ledger Account', 0, '', 25),
(437, 44, 'Accrued Depreciation on Computer, Laptop & Printers', '', 'Ledger Account', 0, '', 25),
(438, 44, 'Accrued Depreciation on Furniture & Fixtures', '', 'Ledger Account', 0, '', 25),
(439, 44, 'Accrued Depreciation on Office Equipments', '', 'Ledger Account', 0, '', 25),
(440, 44, 'Accrued Depreciation on Vehicles', '', 'Ledger Account', 0, '', 25),
(441, 49, 'Accrued Depreciation on Accounting Softwares', '', 'Ledger Account', 0, '', 25),
(442, 50, 'Deposit Mobile 97727 04777', '', 'Ledger Account', 0, '', 25),
(443, 50, 'EMD Deposit', '', 'Ledger Account', 0, '', 25),
(444, 50, 'Deposit Office Premises', '', 'Ledger Account', 0, '', 25),
(445, 50, 'Prepaid Insurance', '', 'Ledger Account', 0, '', 25),
(446, 50, 'Deposit - Dealership', '', 'Ledger Account', 0, '', 25),
(447, 50, 'Deposit - Electricity Connection', '', 'Ledger Account', 0, '', 25),
(448, 50, 'Deposit - Others', '', 'Ledger Account', 0, '', 25),
(449, 50, 'Deposit - Telephone', '', 'Ledger Account', 0, '', 25),
(450, 50, 'Deposit - Advance Income tax', '', 'Ledger Account', 0, '', 25),
(451, 51, 'Accrued Interest on FD UBI', '', 'Ledger Account', 0, '', 25),
(452, 51, 'Fixed Deposits UBI', '', 'Ledger Account', 0, '', 25),
(453, 28, 'Petty Cash - B S Jhala', '', 'Ledger Account', 0, '', 25),
(454, 28, 'Petty Cash - Jaya Kuwar', '', 'Ledger Account', 0, '', 25),
(455, 2, 'Raj West Power Limited', 'RWPL', 'Customers', 115, 'Yes', 25),
(456, 2, 'Heavy Water Project Stores', 'Stores Unit', 'Customers', 116, 'Yes', 25),
(457, 2, 'G.D. Foods Mfg.(I) Pvt. Ltd.', 'G.D. Industrial', 'Customers', 117, 'Yes', 25),
(458, 2, 'Jai Maaa Sagra Construction ', 'JMSC', 'Customers', 118, 'Yes', 25),
(459, 2, 'Mark Splendour Nonwovens (P) Limited', 'MSNPL', 'Customers', 119, 'Yes', 25),
(460, 2, 'Binai Cement Ltd.', 'BCL', 'Customers', 120, 'Yes', 25),
(461, 2, 'Bestex MM India Pvt. Ltd. ', 'BIPL', 'Customers', 121, 'Yes', 25),
(462, 2, 'Taya Ceramics Pvt. Ltd. ', 'TCPL', 'Customers', 122, 'Yes', 25),
(463, 2, 'P.I. Industries Ltd.', 'PIIND-Udaipur ', 'Customers', 123, 'Yes', 25),
(465, 10, 'Mukesh Jain ', '', 'Employees', 18, '', 25),
(466, 10, 'Mukesh Jain ', '', 'Employees', 18, '', 26),
(467, 10, 'Mukesh Jain ', '', 'Employees', 18, '', 27),
(468, 2, 'Sodexo Food Solution India Pvt. Ltd', '(Jodhpur)', 'Customers', 93, 'Yes', 25),
(469, 2, 'A.H. Corporation', 'A.H. Corporation', 'Customers', 94, 'Yes', 25),
(471, 2, 'Khilari Infrastructure Pvt. Ltd.', 'KIPL', 'Customers', 106, 'Yes', 25),
(472, 2, 'Shriram Cement Works ', 'Shriram Cement Works ', 'Customers', 107, 'Yes', 25),
(473, 2, 'Juneja Wires Pvt. Ltd.', 'Juneja Wires Pvt. Ltd.', 'Customers', 109, 'Yes', 25),
(474, 4, 'SPX Flow Technology Pvt. Ltd.', '', 'Vendors', 1, 'Yes', 25),
(475, 4, 'Mechneers India', '', 'Vendors', 2, 'Yes', 25),
(476, 4, 'Tushaco Pumps Pvt. Ltd. ', '', 'Vendors', 3, 'Yes', 25),
(477, 4, 'Antico Equipment Pvt. Ltd. ', '', 'Vendors', 5, 'Yes', 25),
(478, 4, 'Positive Metering Pumps Pvt. Ltd. ', '', 'Vendors', 6, 'Yes', 25),
(479, 4, 'Darling Pumps Pvt. Ltd. ', '', 'Vendors', 7, 'Yes', 25),
(480, 4, 'Remi Elektrotechnik Limited', '', 'Vendors', 8, 'Yes', 25),
(481, 4, 'Liqtech Industries', '', 'Vendors', 9, 'Yes', 25),
(482, 4, 'Tranter India Pvt. Ltd. ', '', 'Vendors', 10, 'Yes', 25),
(483, 4, 'Filter Concept Pvt. Ltd. ', '', 'Vendors', 11, 'Yes', 25),
(484, 4, 'Remi Sales And Engg. Ltd.', '', 'Vendors', 12, 'Yes', 25),
(485, 10, 'Harshit Patel', '', 'Employees', 7, '', 25),
(486, 37, 'Priya Mogra', '', 'Employees', 17, '', 25),
(487, 5, '14.50', '', 'SaleTaxes', 1, '', 25),
(488, 5, '5.50', '', 'SaleTaxes', 2, '', 25),
(489, 5, '0.00', '', 'SaleTaxes', 3, '', 25),
(490, 5, '2.00', '', 'SaleTaxes', 4, '', 25),
(491, 5, '2', '', 'SaleTaxes', 5, '', 25),
(492, 5, '2', '', 'SaleTaxes', 5, '', 27),
(493, 4, 'ATUL ENTERPRISES', '', 'Vendors', 13, '', 25),
(494, 4, 'ATUL ENTERPRISES', '', 'Vendors', 13, '', 27),
(495, 2, 'Ronak Processors Pvt.Ltd', 'RPPL', 'Customers', 124, 'Yes', 25),
(496, 2, 'Fateh Enviro Engineers Pvt Ltd', 'FEPL', 'Customers', 125, 'Yes', 25),
(497, 2, 'Fateh Enviro Engineers Pvt Ltd', 'FEPL', 'Customers', 125, 'Yes', 26),
(498, 2, 'Fateh Enviro Engineers Pvt Ltd', 'FEPL', 'Customers', 125, 'Yes', 27),
(499, 5, '14.50', '', 'SaleTaxes', 1, '', 26),
(500, 5, '5.50', '', 'SaleTaxes', 2, '', 26),
(501, 5, '0.00', '', 'SaleTaxes', 3, '', 26),
(502, 5, '2.00', '', 'SaleTaxes', 4, '', 26),
(503, 5, '2', '', 'SaleTaxes', 5, '', 26),
(504, 5, '2', '', 'SaleTaxes', 1, '', 27),
(505, 5, '2', '', 'SaleTaxes', 2, '', 27),
(506, 5, '2', '', 'SaleTaxes', 3, '', 27),
(507, 5, '2', '', 'SaleTaxes', 4, '', 27),
(508, 2, 'Reliance Chemotex Industries Limited', 'RCIL', 'Customers', 126, 'Yes', 25),
(509, 2, 'Reliance Chemotex Industries Limited', 'RCIL', 'Customers', 126, 'Yes', 26),
(510, 2, 'Reliance Chemotex Industries Limited', 'RCIL', 'Customers', 126, 'Yes', 27),
(511, 2, 'Tripple Star Agri Pvt. Ltd.', 'TSAPL', 'Customers', 127, 'Yes', 25),
(512, 2, 'Tripple Star Agri Pvt. Ltd.', 'TSAPL', 'Customers', 127, 'Yes', 26),
(513, 2, 'Tripple Star Agri Pvt. Ltd.', 'TSAPL', 'Customers', 127, 'Yes', 27),
(514, 2, 'A.H. Corporation', 'A.H. Corporation', 'Customers', 94, 'Yes', 27),
(515, 29, 'Test Compny', '', 'Vendors', 16, '', 25),
(516, 29, 'Test Compny', '', 'Vendors', 16, '', 27),
(517, 26, 'Matrix India', '', 'Vendors', 19, '', 25),
(518, 2, 'JCT Limited', 'Integrated Textile Solutions   ', 'Customers', 128, 'No', 25),
(519, 2, 'JCT Limited', 'Integrated Textile Solutions   ', 'Customers', 128, 'No', 26),
(520, 2, 'JCT Limited', 'Integrated Textile Solutions   ', 'Customers', 128, 'No', 27),
(521, 2, 'Otsuka Cemnical (India) Pvt. Ltd.,', 'Otsuka Cemnical (India) Pvt. Ltd.,', 'Customers', 129, 'Yes', 25),
(522, 2, 'Otsuka Cemnical (India) Pvt. Ltd.,', 'Otsuka Cemnical (India) Pvt. Ltd.,', 'Customers', 129, 'Yes', 27),
(523, 4, 'Alloy Steel Traders ', '', 'Vendors', 20, '', 25),
(524, 4, 'Alloy Steel Traders ', '', 'Vendors', 20, '', 26),
(525, 4, 'Alloy Steel Traders ', '', 'Vendors', 20, '', 27),
(526, 4, 'Uni Trade India ', '', 'Vendors', 21, '', 25),
(527, 4, 'Uni Trade India ', '', 'Vendors', 21, '', 26),
(528, 4, 'Uni Trade India ', '', 'Vendors', 21, '', 27),
(529, 4, 'Sethia Iron  And Steel Co. ', '', 'Vendors', 22, '', 25),
(530, 4, 'Sethia Iron  And Steel Co. ', '', 'Vendors', 22, '', 26),
(531, 4, 'Sethia Iron  And Steel Co. ', '', 'Vendors', 22, '', 27),
(532, 2, 'China Coal No 5 Construction India Pvt. ltd.', 'CCCIL', 'Customers', 130, 'Yes', 25),
(533, 2, 'China Coal No 5 Construction India Pvt. ltd.', 'CCCIL', 'Customers', 130, 'Yes', 26),
(534, 2, 'China Coal No 5 Construction India Pvt. ltd.', 'CCCIL', 'Customers', 130, 'Yes', 27),
(535, 2, 'PI Industries Ltd', 'PI', 'Customers', 131, 'Yes', 25),
(536, 2, 'PI Industries Ltd', 'PI', 'Customers', 131, 'Yes', 26),
(537, 2, 'PI Industries Ltd', 'PI', 'Customers', 131, 'Yes', 27),
(538, 13, 'VAT Purchases', '', 'Ledger Account', 0, '', 25),
(539, 2, 'RSPL Group', 'RSPL Group', 'Customers', 96, 'Yes', 27),
(540, 2, 'RSWM Ltd. ', 'Unit - Ringas', 'Customers', 132, 'No', 25),
(541, 2, 'RSWM Ltd. ', 'Unit - Ringas', 'Customers', 132, 'No', 27),
(542, 2, 'Crystal Chemicals & Engineers', 'Crystal Chemicals & Engineers', 'Customers', 133, 'Yes', 27),
(543, 2, 'Crystal Chemicals & Engineers', 'CCE', 'Customers', 81, 'Yes', 27),
(544, 17, 'Discount', '', 'Ledger Account', 0, '', 25),
(545, 2, 'H.S. Engineering & Marketing', 'HSEM', 'Customers', 67, 'Yes', 27),
(546, 2, 'RSWM Limited Lodha', 'Lodha Unit', 'Customers', 134, 'Yes', 25);

-- --------------------------------------------------------

--
-- Table structure for table `logins`
--

CREATE TABLE IF NOT EXISTS `logins` (
  `id` int(5) NOT NULL AUTO_INCREMENT,
  `employee_id` int(10) NOT NULL,
  `username` varchar(50) NOT NULL,
  `password` varchar(100) NOT NULL,
  `status` varchar(50) NOT NULL DEFAULT 'Active',
  PRIMARY KEY (`id`)
) ENGINE=InnoDB  DEFAULT CHARSET=utf8 AUTO_INCREMENT=15 ;

--
-- Dumping data for table `logins`
--

INSERT INTO `logins` (`id`, `employee_id`, `username`, `password`, `status`) VALUES
(1, 1, 'admin', 'admin', 'Active'),
(2, 4, 'jagdish', 'jagdish', 'Active'),
(3, 5, 'jagdishs', 'jagdishs', 'Active'),
(4, 8, 'jitendra Singh Jhala', 'mogragroup', 'Active'),
(5, 9, 'usha ', 'usha', 'Active'),
(6, 7, 'harshit', 'harshit', 'Active'),
(7, 10, 'priya', 'ayirp', 'Active'),
(8, 11, 'pushpendra', 'pushpendra', 'Active'),
(9, 12, 'vikram', 'vikram', 'Active'),
(10, 13, 'bhopal', 'bhopal', 'Active'),
(11, 14, 'reena', 'reena', 'Active'),
(12, 15, 'Mohammed ', 'arifmo12', 'Active'),
(13, 16, 'anshul', 'anshul', 'Active'),
(14, 17, 'priyamogra', 'priya', 'Active');

-- --------------------------------------------------------

--
-- Table structure for table `material_indents`
--

CREATE TABLE IF NOT EXISTS `material_indents` (
  `id` int(10) NOT NULL AUTO_INCREMENT,
  `company_id` int(11) NOT NULL,
  `created_on` date NOT NULL,
  `created_by` int(10) NOT NULL,
  `mi_number` varchar(10) NOT NULL,
  PRIMARY KEY (`id`)
) ENGINE=InnoDB DEFAULT CHARSET=latin1 AUTO_INCREMENT=1 ;

-- --------------------------------------------------------

--
-- Table structure for table `material_indent_rows`
--

CREATE TABLE IF NOT EXISTS `material_indent_rows` (
  `id` int(10) NOT NULL AUTO_INCREMENT,
  `material_indent_id` int(10) NOT NULL,
  `item_id` int(10) NOT NULL,
  `required_quantity` int(10) NOT NULL,
  `processed_quantity` int(10) NOT NULL,
  `status` varchar(10) NOT NULL DEFAULT 'Open',
  PRIMARY KEY (`id`)
) ENGINE=InnoDB DEFAULT CHARSET=latin1 AUTO_INCREMENT=1 ;

-- --------------------------------------------------------

--
-- Table structure for table `pages`
--

CREATE TABLE IF NOT EXISTS `pages` (
  `id` int(11) NOT NULL AUTO_INCREMENT,
  `controller` varchar(100) NOT NULL,
  `action` varchar(100) NOT NULL,
  PRIMARY KEY (`id`)
) ENGINE=InnoDB  DEFAULT CHARSET=latin1 AUTO_INCREMENT=21 ;

--
-- Dumping data for table `pages`
--

INSERT INTO `pages` (`id`, `controller`, `action`) VALUES
(1, 'Quotations', 'Add'),
(2, 'Quotations', 'Edit'),
(3, 'SalesOrders', 'Add'),
(4, 'SalesOrders', 'Edit'),
(5, 'JobCards', 'Add'),
(6, 'JobCards', 'Edit'),
(7, 'Invoices', 'Add'),
(8, 'Invoices', 'Edit'),
(9, 'InventoryVouchers', 'Add'),
(10, 'InventoryVouchers', 'Edit'),
(11, 'Challans', 'Add'),
(12, 'Challans', 'Edit'),
(13, 'PurchaseOrders', 'Add'),
(14, 'PurchaseOrders', 'Edit'),
(15, 'Grns', 'Add'),
(16, 'Grns', 'Edit'),
(17, 'InvoiceBookings', 'Add'),
(18, 'InvoiceBookings', 'Edit'),
(19, 'Logins', 'Add'),
(20, 'UserRights', 'Add');

-- --------------------------------------------------------

--
-- Table structure for table `payments`
--

CREATE TABLE IF NOT EXISTS `payments` (
  `id` int(10) NOT NULL AUTO_INCREMENT,
  `voucher_no` int(10) NOT NULL,
  `bank_cash_id` int(10) NOT NULL,
  `created_by` int(10) NOT NULL,
  `created_on` date NOT NULL,
  `payment_mode` varchar(50) NOT NULL,
  `company_id` int(10) NOT NULL,
  `transaction_date` date NOT NULL,
  `edited_by` int(10) NOT NULL,
  `edited_on` date NOT NULL,
  `cheque_no` varchar(100) NOT NULL,
  PRIMARY KEY (`id`)
) ENGINE=InnoDB DEFAULT CHARSET=latin1 AUTO_INCREMENT=1 ;

-- --------------------------------------------------------

--
-- Table structure for table `payment_rows`
--

CREATE TABLE IF NOT EXISTS `payment_rows` (
  `id` int(10) NOT NULL AUTO_INCREMENT,
  `payment_id` int(10) NOT NULL,
  `received_from_id` int(10) NOT NULL,
  `amount` decimal(20,5) NOT NULL,
  `narration` text NOT NULL,
  PRIMARY KEY (`id`)
) ENGINE=InnoDB DEFAULT CHARSET=latin1 AUTO_INCREMENT=1 ;

-- --------------------------------------------------------

--
-- Table structure for table `payment_vouchers`
--

CREATE TABLE IF NOT EXISTS `payment_vouchers` (
  `id` int(10) NOT NULL AUTO_INCREMENT,
  `voucher_no` varchar(10) NOT NULL,
  `created_on` date NOT NULL,
  `transaction_date` date NOT NULL,
  `paid_to_id` int(10) NOT NULL,
  `payment_mode` varchar(100) NOT NULL,
  `cash_bank_account_id` int(10) NOT NULL,
  `narration` text NOT NULL,
  `amount` decimal(15,2) NOT NULL,
  `cheque_no` varchar(25) NOT NULL,
  `company_id` int(11) NOT NULL,
  `created_by` int(11) NOT NULL,
  `edited_by` int(10) NOT NULL,
  `edited_on` date NOT NULL,
  `advance_amount` decimal(10,2) NOT NULL,
  `receipt_type` varchar(15) NOT NULL,
  PRIMARY KEY (`id`)
) ENGINE=InnoDB DEFAULT CHARSET=latin1 AUTO_INCREMENT=1 ;

-- --------------------------------------------------------

--
-- Table structure for table `petty_cash_receipt_vouchers`
--

CREATE TABLE IF NOT EXISTS `petty_cash_receipt_vouchers` (
  `id` int(10) NOT NULL AUTO_INCREMENT,
  `voucher_no` varchar(10) NOT NULL,
  `received_from_id` int(10) NOT NULL,
  `bank_cash_id` int(10) NOT NULL,
  `narration` text NOT NULL,
  `amount` decimal(15,2) NOT NULL,
  `company_id` int(10) NOT NULL,
  `created_on` date NOT NULL,
  `transaction_date` date NOT NULL,
  `payment_mode` varchar(10) NOT NULL,
  `created_by` int(11) NOT NULL,
  `edited_by` int(11) NOT NULL,
  `edited_on` date NOT NULL,
  `cheque_no` varchar(25) NOT NULL,
  PRIMARY KEY (`id`)
) ENGINE=InnoDB DEFAULT CHARSET=latin1 AUTO_INCREMENT=1 ;

-- --------------------------------------------------------

--
-- Table structure for table `purchase_orders`
--

CREATE TABLE IF NOT EXISTS `purchase_orders` (
  `id` int(10) NOT NULL AUTO_INCREMENT,
  `company_id` int(10) NOT NULL,
  `vendor_id` int(10) NOT NULL,
  `shipping_method` varchar(100) NOT NULL,
  `shipping_terms` int(5) NOT NULL,
  `delivery_date` date NOT NULL,
  `total` decimal(15,2) NOT NULL,
  `terms_conditions` text NOT NULL,
  `po1` varchar(10) NOT NULL,
  `po2` int(10) NOT NULL,
  `po3` varchar(10) NOT NULL,
  `po4` varchar(10) NOT NULL,
  `discount` decimal(5,2) NOT NULL,
  `discount_per` decimal(5,2) NOT NULL,
  `pnf` varchar(100) NOT NULL,
  `pnf_type` varchar(5) NOT NULL,
  `excise_duty` varchar(50) NOT NULL,
  `descryption` varchar(255) NOT NULL,
  `grand_total` decimal(18,2) NOT NULL,
  `material_to_be_transported` varchar(255) NOT NULL,
  `delivery` varchar(255) NOT NULL,
  `lr_to_be_prepared_in_favour_of` varchar(255) NOT NULL,
  `payment_terms` varchar(255) NOT NULL,
  `road_permit_form47` varchar(255) NOT NULL,
  `transporter_id` int(10) NOT NULL,
  `sale_tax_per` decimal(4,2) NOT NULL,
  `created_by` int(10) NOT NULL,
  `date_created` date NOT NULL,
  `customer_id` int(10) NOT NULL,
  `discount_type` varchar(5) NOT NULL,
  `sale_tax_description` text NOT NULL,
  `is_exceise_for_customer` varchar(10) NOT NULL,
  PRIMARY KEY (`id`)
) ENGINE=InnoDB  DEFAULT CHARSET=latin1 AUTO_INCREMENT=80 ;

--
-- Dumping data for table `purchase_orders`
--

INSERT INTO `purchase_orders` (`id`, `company_id`, `vendor_id`, `shipping_method`, `shipping_terms`, `delivery_date`, `total`, `terms_conditions`, `po1`, `po2`, `po3`, `po4`, `discount`, `discount_per`, `pnf`, `pnf_type`, `excise_duty`, `descryption`, `grand_total`, `material_to_be_transported`, `delivery`, `lr_to_be_prepared_in_favour_of`, `payment_terms`, `road_permit_form47`, `transporter_id`, `sale_tax_per`, `created_by`, `date_created`, `customer_id`, `discount_type`, `sale_tax_description`, `is_exceise_for_customer`) VALUES
(7, 25, 12, '', 0, '1970-01-01', '5092.00', '', 'STL', 1, 'BE-2979', '17-18', '0.00', '0.00', 'NIL', '', 'N I L', 'Dear Sir,\r\nWith reference to your last supply vide Invoice No. BSA 1794 dated 27.12.2016 we are pleased to place an order for the following items as per conditions given below.', '0.00', 'Udaipur ', 'Immediate', 'Shilpa Trade Links Pvt. Ltd.', 'Within 7 days', 'Will Provide against Invoice Copy', 28, '2.00', 16, '2017-04-15', 29, '', '2% CST against C Form ', 'No'),
(8, 25, 3, '', 0, '1970-01-01', '120000.00', '', 'STL', 2, 'BE-3241', '17-18', '0.00', '0.00', 'N I L', '', '12.50', 'Dear Sir,\r\nWith reference to your price list we are pleased to place an order for the following items as per conditions given below.', '0.00', 'Udaipur - Rajasthan ', '3 to 4 Weeks ', 'Shilpa Trade Links Pvt. Ltd.', '30', 'NO', 8, '2.00', 9, '2017-04-03', 30, '', '2% CST against C Form ', 'Yes'),
(9, 25, 3, '', 0, '1970-01-01', '240000.00', '', 'STL', 3, 'BE-3368', '17-18', '0.00', '0.00', 'Nil ', '', '12.50  %', 'Dear Sir,\r\nWith reference to your price list we are pleased to place an order for the following items as per conditions given below.', '0.00', 'Udaipur ', '3 to 4 weeks ', 'Shilpa Trade Links Pvt. Ltd.', '30 days', 'No ', 8, '2.00', 9, '2017-04-04', 29, '', '2% CST against C Form ', 'Yes'),
(10, 25, 3, '', 0, '1970-01-01', '240000.00', '', 'STL', 4, 'BE-3368', '17-18', '0.00', '0.00', 'Nil', '', '12.50%', 'Dear Sir,\r\nWith reference to your price list we are pleased to place an order for the following items as per conditions given below.', '0.00', 'Udaipur ', '3 to 4 weeks', 'Shilpa Trade Links Pvt. Ltd.', '30 days ', 'No ', 8, '2.00', 9, '2017-04-15', 29, '', '2% CST against C Form ', 'Yes'),
(11, 25, 3, '', 0, '1970-01-01', '240000.00', '', 'STL', 5, 'BE-3241', '17-18', '0.00', '0.00', 'Nil', '', '12.50%', 'Dear Sir,\r\nWith reference to your price list we are pleased to place an order for the following items as per conditions given below.', '0.00', 'Udaipur ', '3 to 4 weeks', 'Shilpa Trade Links Pvt. Ltd.', '30 days', 'No', 8, '2.00', 9, '2017-04-04', 30, '', '2% CST against C Form ', 'Yes'),
(12, 25, 3, '', 0, '1970-01-01', '240000.00', '', 'STL', 6, 'BE-3368', '17-18', '0.00', '0.00', 'Nil', '', '12.50%', 'Dear Sir,\r\nWith reference to your price list we are pleased to place an order for the following items as per conditions given below.', '0.00', 'Udaipur', '3 to 4 weeks ', 'Shilpa Trade Links Pvt. Ltd.', '30 days ', 'No', 8, '2.00', 9, '2017-04-04', 29, '', '2% CST against C Form ', 'Yes'),
(13, 25, 3, '', 0, '1970-01-01', '270470.00', '', 'STL', 7, 'BE-2827', '17-18', '15.00', '0.00', 'Nil', '', '12.50%', 'Dear Sir,\r\nWith reference to your price list we are pleased to place an order for the following items as per conditions given below.', '0.00', 'Udaipur ', '8 weeks', 'Shilpa Trade Links Pvt. Ltd.', '30 days', 'No', 8, '2.00', 9, '2017-04-04', 22, '%', '2% CST against C Form ', 'Yes'),
(14, 25, 3, '', 0, '1970-01-01', '20580.00', '', 'STL', 8, 'BE-3291', '17-18', '0.00', '0.00', 'Nil', '', '12.50%', 'Dear Sir,\r\nWith reference to your price list we are pleased to place an order for the following items as per conditions given below.', '0.00', 'Udaipur ', 'Immediate', 'Shilpa Trade Links Pvt. Ltd.', '30 days', 'No', 8, '2.00', 9, '2017-04-04', 111, '', '2% CST against C Form ', 'No'),
(15, 25, 3, '', 0, '1970-01-01', '139950.00', '', 'STL', 9, 'BE-2720', '17-18', '0.00', '0.00', 'Nil', '', '12.50%', 'Dear Sir,\r\nWith reference to your last SO Number 1516417  we are pleased to place an order for the following items as per conditions given below.', '0.00', 'Kotputli - Rajasthan ', '6 to 8 weeks ', 'Shilpa Trade Links Pvt. Ltd.', '30 days ', 'No', 27, '2.00', 9, '2017-04-11', 26, '', '2% CST against C & E1  Form ', 'Yes'),
(16, 25, 3, '', 0, '1970-01-01', '139950.00', '', 'STL', 10, 'BE-2720', '17-18', '0.00', '0.00', 'Nil', '', '12.50%', 'Dear Sir,\r\nWith reference to your last SO Number 1516417  we are pleased to place an order for the following items as per conditions given below.', '0.00', 'Kotputli  Rajasthan', '6 to 8 weeks', 'Shilpa Trade Links Pvt. Ltd.', '30 days ', 'No', 27, '2.00', 9, '2017-04-11', 26, '', '2% CST against C & E1 Form ', 'Yes'),
(17, 25, 3, '', 0, '1970-01-01', '3560.00', '', 'STL', 11, 'BE-2879', '17-18', '30.00', '0.00', 'Nil', '', '12.50%', 'Dear Sir,\r\nWith reference to your price list we are pleased to place an order for the following items as per conditions given below.', '0.00', 'Udaipur ', '4 to 6 weeks ', 'Shilpa Trade Links Pvt. Ltd.', '30 days ', 'No', 8, '2.00', 9, '2017-04-15', 1, '%', '2% CST against C Form ', 'Yes'),
(18, 25, 3, '', 0, '1970-01-01', '16100.00', '', 'STL', 12, 'BE-3371', '17-18', '30.00', '0.00', 'Nil', '', '12.50%', 'Dear Sir,\r\nWith reference to your price vide email date 10.02.2017,  we are pleased to place an order for the following items as per conditions given below.', '0.00', 'Udaipur ', 'Immediate', 'Shilpa Trade Links Pvt. Ltd.', '30 days ', 'No', 8, '2.00', 9, '2017-04-04', 4, '%', '2% CST against C Form ', 'Yes'),
(19, 25, 3, '', 0, '1970-01-01', '41000.00', '', 'STL', 13, 'BE-2830', '17-18', '0.00', '0.00', 'Nil', '', '12.50%', 'Dear Sir,\r\nWith reference to telephonic price from Sh. Manish Shukla ji we are pleased to place an order for the following items as per conditions given below.', '0.00', 'Udaipur ', '3 to 4 weeks', 'Shilpa Trade Links Pvt. Ltd.', '30 days ', 'No', 8, '2.00', 9, '2017-04-04', 4, '', '2% CST against C Form ', 'Yes'),
(20, 25, 3, '', 0, '1970-01-01', '64400.00', '', 'STL', 14, 'BE-3254', '17-18', '30.00', '0.00', 'Nil', '', '12.50%', 'Dear Sir,\r\nWith reference to your price list we are pleased to place an order for the following items as per conditions given below.', '0.00', 'Udaipur ', '4 to 6 Weeks ', 'Shilpa Trade Links Pvt. Ltd.', '30 days ', 'No', 8, '2.00', 9, '2017-04-04', 83, '%', '2% CST against C Form ', 'Yes'),
(21, 25, 3, '', 0, '1970-01-01', '41315.00', '', 'STL', 15, 'BE-2546', '17-18', '30.00', '0.00', 'Nil', '', '12.50%', 'Dear Sir,\r\nWith reference to your price list we are pleased to place an order for the following items as per conditions given below.', '0.00', 'Udaipur', '4 to 6 weeks', 'Shilpa Trade Links Pvt. Ltd.', '30 days ', 'No', 8, '2.00', 9, '2017-04-04', 17, '%', '2% CST against C Form ', 'Yes'),
(22, 25, 3, '', 0, '1970-01-01', '124800.00', '', 'STL', 16, 'BE-3064', '17-18', '40.00', '0.00', 'Nil', '', '12.50%', 'Dear Sir,\r\nWith reference to your price list we are pleased to place an order for the following items as per conditions given below.', '0.00', 'Udaipur ', '3 to 4 week', 'Shilpa Trade Links Pvt. Ltd.', '30 days ', 'No', 8, '2.00', 9, '2017-04-04', 29, '%', '2% CST against C Form ', 'No'),
(23, 25, 3, '', 0, '1970-01-01', '9500.00', '', 'STL', 17, 'BE-2405', '17-18', '0.00', '0.00', 'Nil', '', '12.50%', 'Dear Sir,\r\nWith reference to your price list we are pleased to place an order for the following items as per conditions given below.', '0.00', 'Kota ', '2 to 4  weeks', 'Shilpa Trade Links Pvt. Ltd.', '30 days ', 'No', 27, '2.00', 9, '2017-04-11', 107, '', '2% CST against C & E1 Form ', 'Yes'),
(24, 25, 3, '', 0, '1970-01-01', '18500.00', '', 'STL', 18, 'BE-2827', '17-18', '0.00', '0.00', 'Nil', '', '12.50%', 'Dear Sir,\r\nWith reference to your price vide email date  10.02.2017,  we are pleased to place an order for the following items as per conditions given below.', '0.00', 'Udaipur ', '6 to 8 weeks', 'Shilpa Trade Links Pvt. Ltd.', '30 days ', 'No', 8, '2.00', 9, '2017-04-15', 22, '', '2% CST against C Form ', 'Yes'),
(25, 25, 3, '', 0, '1970-01-01', '28500.00', '', 'STL', 19, 'BE-2626', '17-18', '0.00', '0.00', 'Nil', '', '12.50%', 'Dear Sir,\r\nWith reference to your price list we are pleased to place an order for the following items as per conditions given below.', '0.00', 'Udaipur ', '2 to 3 weeks', 'Shilpa Trade Links Pvt. Ltd.', '30 days ', 'No', 8, '2.00', 9, '2017-04-04', 4, '', '2% CST against C Form ', 'Yes'),
(26, 25, 3, '', 0, '1970-01-01', '168000.00', '', 'STL', 20, 'BE-3174', '17-18', '0.00', '0.00', 'Nil', '', '12.50%', 'Dear Sir,\r\nWith reference to your price vide email 10.02.2017, we are pleased to place an order for the following items as per conditions given below.', '0.00', 'Neemrana - Rajasthan', '6 to 8 weeks ', 'Shilpa Trade Links Pvt. Ltd.', '30 days ', 'No', 27, '2.00', 9, '2017-04-15', 51, '', '2% CST against C Form ', 'Yes'),
(27, 25, 1, '', 0, '1970-01-01', '70160.00', '', 'STL', 21, 'BE-3142', '17-18', '0.00', '0.00', 'As Applicable ', '', '12.50%', 'Dear Sir,\r\nWith reference to your price list we are pleased to place an order for the following items as per conditions given below.', '0.00', 'Udaipur ', 'Immediate ', 'Shilpa Trade Links Pvt. Ltd.', '45 days ', 'Will Provide against Invoice Copy', 9, '2.00', 9, '2017-04-05', 21, '', '2% CST against C Form ', 'Yes'),
(29, 25, 1, '', 0, '1970-01-01', '13873.00', '', 'STL', 22, 'BE-3320', '17-18', '0.00', '0.00', 'As Applicable ', '', '12.50%', 'Dear Sir,\r\nWith reference to your price list we are pleased to place an order for the following items as per conditions given below.', '0.00', 'Udaipur ', 'Immediate ', 'Shilpa Trade Links Pvt. Ltd.', '45 days ', 'Will Provide against Invoice Copy', 9, '2.00', 9, '2017-04-05', 66, '', '2% CST against C Form ', 'No'),
(30, 25, 1, '', 0, '1970-01-01', '27056.00', '', 'STL', 23, 'BE-3363', '17-18', '0.00', '0.00', 'As Applicable ', '', '12.50%', 'Dear Sir,\r\nWith reference to your price list we are pleased to place an order for the following items as per conditions given below.', '0.00', 'Udaipur ', 'Immediate', 'Shilpa Trade Links Pvt. Ltd.', '45 days ', 'Will Provide against Invoice Copy', 9, '2.00', 9, '2017-04-05', 15, '', '2% CST against C Form ', 'Yes'),
(31, 25, 1, '', 0, '1970-01-01', '34282.00', '', 'STL', 24, 'BE-3293', '17-18', '0.00', '0.00', 'As Applicable ', '', '6%', 'Dear Sir,\r\nWith reference to your price list we are pleased to place an order for the following items as per conditions given below.', '0.00', 'Udaipur ', 'Immediate ', 'Shilpa Trade Links Pvt. Ltd.', '45 days ', 'Will Provide against Invoice Copy', 9, '2.00', 9, '2017-04-15', 1, '', '2% CST against C Form ', 'Yes'),
(32, 25, 1, '', 0, '1970-01-01', '351441.00', '', 'STL', 25, 'BE-3359', '17-18', '0.00', '0.00', 'As Applicable ', '', '12.50%', 'Dear Sir,\r\nWith reference to your price list we are pleased to place an order for the following items as per conditions given below.', '0.00', 'Udaipur ', 'Immediate ', 'Shilpa Trade Links Pvt. Ltd.', '45 days ', 'Will Provide against Invoice Copy', 9, '2.00', 9, '2017-04-05', 12, '', '2% CST against C Form ', 'Yes'),
(33, 25, 1, '', 0, '1970-01-01', '77038.00', '', 'STL', 26, 'BE-3363', '17-18', '0.00', '0.00', 'As Applicable ', '', '12.50%', 'Dear Sir,\r\nWith reference to your price list we are pleased to place an order for the following items as per conditions given below.', '0.00', 'Udaipur ', 'Immediate ', 'Shilpa Trade Links Pvt. Ltd.', '45 days ', 'Will Provide against Invoice Copy', 9, '2.00', 9, '2017-04-05', 15, '', '2% CST against C Form ', 'Yes'),
(34, 25, 1, '', 0, '1970-01-01', '98784.00', '', 'STL', 27, 'BE-3359', '17-18', '0.00', '0.00', 'As applicable ', '', '12.50%', 'Dear Sir,\r\nWith reference to your price list we are pleased to place an order for the following items as per conditions given below.', '0.00', 'Udaipur ', 'Immediate', 'Shilpa Trade Links Pvt. Ltd.', '45  days ', 'Will Provide against Invoice Copy', 9, '2.00', 9, '2017-04-05', 12, '', '2% CST against C Form ', 'Yes'),
(35, 25, 1, '', 0, '1970-01-01', '38050.00', '', 'STL', 28, 'BE-3370', '17-18', '0.00', '0.00', 'As Applicable ', '', '12.50%', 'Dear Sir,\r\nWith reference to your price list we are pleased to place an order for the following items as per conditions given below.', '0.00', 'Udaipur ', 'Immediate ', 'Shilpa Trade Links Pvt. Ltd.', '45 days ', 'Will Provide against Invoice Copy', 9, '2.00', 9, '2017-04-15', 40, '', '2% CST against C Form ', 'Yes'),
(36, 25, 1, '', 0, '1970-01-01', '74276.00', '', 'STL', 29, 'BE-3080', '17-18', '35.00', '0.00', 'As Applicable ', '', 'As Applicable ', 'Dear Sir,\r\nWith reference to your price list we are pleased to place an order for the following items as per conditions given below.', '0.00', 'Udaipur ', 'Immediate ', 'Shilpa Trade Links Pvt. Ltd.', '45 days ', 'Will Provide against Invoice Copy', 9, '2.00', 9, '2017-04-05', 126, '%', '2% CST against C Form ', 'No'),
(37, 25, 1, '', 0, '1970-01-01', '51621.00', '', 'STL', 30, 'BE-3359', '17-18', '0.00', '0.00', 'As Applicable ', '', '12.50%', 'Dear Sir,\r\nWith reference to your price list we are pleased to place an order for the following items as per conditions given below.', '0.00', 'Udaipur ', 'Immediate ', 'Shilpa Trade Links Pvt. Ltd.', '45 days ', 'Will Provide against Invoice Copy', 9, '2.00', 9, '2017-04-05', 12, '', '2% CST against C Form ', 'Yes'),
(38, 25, 1, '', 0, '1970-01-01', '74004.00', '', 'STL', 31, 'BE-2780', '17-18', '35.00', '0.00', 'As Applicable ', '', '12.50%', 'Dear Sir,\r\nWith reference to your price list we are pleased to place an order for the following items as per conditions given below.', '0.00', 'Udaipur ', 'Immediate ', 'Shilpa Trade Links Pvt. Ltd.', '45 days ', 'Will Provide against Invoice Copy', 9, '2.00', 9, '2017-04-05', 11, '%', '2% CST against C Form ', 'Yes'),
(39, 25, 1, '', 0, '1970-01-01', '1056743.00', '', 'STL', 32, 'BE-3359', '17-18', '0.00', '0.00', 'As Applicable ', '', '12.50%', 'Dear Sir,\r\nWith reference to your price list we are pleased to place an order for the following items as per conditions given below.', '0.00', 'Udaipur ', 'Immediate ', 'Shilpa Trade Links Pvt. Ltd.', '45 days ', 'Will Provide against Invoice Copy', 9, '2.00', 9, '2017-04-05', 12, '', '2% CST against C Form ', 'Yes'),
(40, 25, 1, '', 0, '1970-01-01', '165872.00', '', 'STL', 33, 'BE-3349', '17-18', '0.00', '0.00', 'As Applicable ', '', 'As applicable ', 'Dear Sir,\r\nWith reference to your price list we are pleased to place an order for the following items as per conditions given below.', '0.00', 'Udaipur ', 'Immediate ', 'Shilpa Trade Links Pvt. Ltd.', '45 days ', 'Will Provide against Invoice Copy', 9, '2.00', 9, '2017-04-05', 125, '', '2% CST against C Form ', 'No'),
(41, 25, 1, '', 0, '1970-01-01', '74738.00', '', 'STL', 34, 'BE-2900', '17-18', '0.00', '0.00', 'As Applicable ', '', '12.50%', 'Dear Sir,\r\nWith reference to your price list we are pleased to place an order for the following items as per conditions given below.', '0.00', 'Udaipur ', 'Immediate ', 'Shilpa Trade Links Pvt. Ltd.', '45 days ', 'Will Provide against Invoice Copy', 9, '2.00', 9, '2017-04-17', 95, '', '2% CST against C Form ', 'Yes'),
(42, 25, 1, '', 0, '1970-01-01', '64982.00', '', 'STL', 35, 'BE-3346', '17-18', '40.00', '0.00', 'As Applicable ', '', '12.50%', 'Dear Sir,\r\nWith reference to your price list we are pleased to place an order for the following items as per conditions given below.', '0.00', 'Udaipur ', 'Immediate ', 'Shilpa Trade Links Pvt. Ltd.', '45 days ', 'Will Provide against Invoice Copy', 9, '2.00', 9, '2017-04-15', 10, '%', '2% CST against C Form ', 'Yes'),
(43, 25, 8, '', 0, '1970-01-01', '12830.00', '', 'STL', 36, 'BE-3194', '17-18', '66.00', '0.00', 'Nil', '', '12.50%', 'Dear Sir,\r\nWith reference to your price list we are pleased to place an order for the following items as per conditions given below.', '0.00', 'Udaipur', 'Immediate ', 'Shilpa Trade Links Pvt. Ltd.', '30 days ', 'Will Provide against Invoice Copy', 11, '2.00', 9, '2017-04-15', 112, '%', '2% CST against C Form ', 'Yes'),
(44, 25, 1, '', 0, '1970-01-01', '331500.00', '', 'STL', 37, 'BE-3366', '17-18', '0.00', '0.00', 'As Applicable ', '', '6%', 'Dear Sir,\r\nWith reference to your price list we are pleased to place an order for the following items as per conditions given below.', '0.00', 'Udaipur ', 'Immediate ', 'Shilpa Trade Links Pvt. Ltd.', '45 days ', 'Will Provide against Invoice Copy', 9, '2.00', 9, '2017-04-11', 45, '', '2% CST against C Form ', 'Yes'),
(45, 25, 1, '', 0, '1970-01-01', '393948.00', '', 'STL', 38, 'BE-3226', '17-18', '40.00', '0.00', 'As Applicable ', '', '6%', 'Dear Sir,\r\nWith reference to your price list we are pleased to place an order for the following items as per conditions given below.', '0.00', 'Udaipur ', 'Immediate ', 'Shilpa Trade Links Pvt. Ltd.', '45 days ', 'Will Provide against Invoice Copy', 9, '2.00', 9, '2017-04-07', 70, '%', '2% CST against C Form ', 'No'),
(46, 25, 6, '', 0, '1970-01-01', '8100.00', '', 'STL', 39, 'BE-3373', '17-18', '0.00', '0.00', 'Nil', '', '12.50%', 'Dear Sirs,\r\nWith reference to your quotation no. POSITIVE PUMPS 8PMP/16-17/OFR/SP/545/00 date 03.01.2017,we are\r\npleased to place an order for the following items as per conditions given below..', '0.00', ' Chittorgarh  Freight Paid ', 'After 1st April 17', 'Shilpa Trade Links Pvt. Ltd.', '7 days ', 'Will Provide against Invoice Copy', 1, '2.00', 9, '2017-04-11', 95, '', '2% CST against C and E1 Form ', 'Yes'),
(47, 25, 5, '', 0, '1970-01-01', '25725.00', '', 'STL', 40, 'BE-3194', '17-18', '0.00', '0.00', 'Nil ', '', '12.50%', 'Dear Sirs,\r\nWith reference to your price vide email date 28.01.2017 , we are pleased to place an order for the following items as per conditions given below', '0.00', 'Udaipur  Freight Paid ', 'IMMEDIATE', 'Shilpa Trade Links Pvt. Ltd.', '7 days ', 'Will Provide against Invoice Copy', 11, '2.00', 9, '2017-04-15', 112, '', '2% CST against C Form ', 'Yes'),
(48, 25, 8, '', 0, '1970-01-01', '61170.00', '', 'STL', 41, 'BE-3320', '17-18', '66.00', '0.00', 'Nil', '', '12.50%', 'Dear Sir,\r\nWith reference to your price list we are pleased to place an order for the following items as per conditions given below.', '0.00', 'Udaipur ', 'Immediate ', 'Shilpa Trade Links Pvt. Ltd.', '30 days ', 'Will Provide against Invoice Copy', 11, '2.00', 9, '2017-04-15', 66, '%', '2% CST against C Form ', 'Yes'),
(49, 25, 6, '', 0, '1970-01-01', '16528.00', '', 'STL', 42, 'BE-3373', '17-18', '0.00', '0.00', 'Nil', '', '12.50%', 'Dear Sirs,\r\nWith reference to your quotation no. POSITIVE PUMPS 8PMP/16-17/OFR/SP/545/00 date 03.01.2017,we are pleased to place an order for the following items as per conditions given below..', '0.00', 'Chittorgarh - Freight Paid ', 'After  1.4.2017', 'Shilpa Trade Links Pvt. Ltd.', '7 days ', 'will Provide against Invoice Copy', 1, '2.00', 9, '2017-04-11', 95, '', '2% CST against C and E1 Form ', 'Yes'),
(50, 25, 6, '', 0, '1970-01-01', '47960.00', '', 'STL', 43, 'BE-3373', '17-18', '0.00', '0.00', 'Nil', '', '12.50%', 'Dear Sirs,\r\nWith reference to your quotation no. POSITIVE PUMPS 8PMP/16-17/OFR/SP/545/00 date 03.01.2017,we are pleased to place an order for the following items as per conditions given below.', '0.00', 'Chittorgarh -Freight Paid', 'After 1.4.2017', 'Shilpa Trade Links Pvt. Ltd.', '7 days ', 'will Provide against Invoice Copy ', 1, '2.00', 9, '2017-04-11', 95, '', '2% CST against C and E1 form', 'Yes'),
(51, 25, 6, '', 0, '1970-01-01', '29700.00', '', 'STL', 44, 'BE-3369', '17-18', '0.00', '0.00', 'Nil', '', '12.50%', 'Dear Sirs,\r\nWith reference to your quotation no. POSITIVE PUMPS 8PMP/16-17/OFR/SP/527/00 date 14.12.2016, we are pleased to place an order for the following items as per conditions given below.', '0.00', 'Chittorgarh - Freight Paid ', 'after 1.4.2017', 'Shilpa Trade Links Pvt. Ltd.', '7 days ', 'Will Provide against Invoice Copy', 1, '2.00', 9, '2017-04-11', 19, '', '2% CST against C  & E1 form', 'Yes'),
(52, 25, 13, '', 0, '1970-01-01', '3666.00', '', 'STL', 45, 'BE-3346', '17-18', '25.00', '0.00', 'Nil', '', 'No', 'Dear Sir,\r\nWith reference to your price list we are pleased to place an order for the following items as per conditions given below.', '0.00', 'Udaipiur ', 'Within 3 to 4 weeks', 'Shilpa Trade Links Pvt. Ltd.', '7 days ', 'No', 29, '5.50', 9, '2017-04-11', 10, '%', 'VAT @ 5.50%', 'No'),
(53, 25, 2, '', 0, '1970-01-01', '23500.00', '', 'STL', 46, 'BE-3346', '17-18', '70.15', '0.00', 'Nil ', '', '12.50%', 'Dear Sir,\r\nWith reference to your price list we are pleased to place an order for the following items as per conditions given below.', '0.00', 'Udaipur - Freight Paid ', '4 weeks ', 'Shilpa Trade Links Pvt. Ltd.', '7 days ', 'No', 29, '5.50', 9, '2017-04-11', 10, '%', 'VAT @ 5.50%', 'Yes'),
(54, 25, 20, '', 0, '1970-01-01', '3024.56', '', 'STL', 47, 'BE-2932', '17-18', '0.00', '0.00', 'Nil', '', 'No ', 'Dear Sir,\r\nWith reference to your price list we are pleased to place an order for the following items as per conditions given below.', '0.00', 'Udaipur', 'Immediate ', 'Shilpa Trade Links Pvt. Ltd.', '7 days ', 'No', 29, '5.50', 9, '2017-04-12', 8, '', 'VAT @ 5.50%', 'No'),
(55, 25, 1, '', 0, '1970-01-01', '66399.00', '', 'STL', 48, 'BE-3049', '17-18', '0.00', '0.00', 'As Applicable ', '', 'As Applicable ', 'Dear Sir,\r\nWith reference to your price list we are pleased to place an order for the following items as per conditions given below.', '0.00', 'Udaipur ', 'Immediate ', 'Shilpa Trade Links Pvt. Ltd.', '45 days ', 'Will Provide against Invoice Copy ', 9, '2.00', 9, '2017-04-11', 37, '', '2% CST against C Form ', 'No'),
(56, 25, 1, '', 0, '1970-01-01', '116810.00', '', 'STL', 49, 'BE-3083', '17-18', '35.00', '0.00', 'As Applicable ', '', 'As Applicable ', 'Dear Sir,\r\nWith reference to your price list we are pleased to place an order for the following items as per conditions given below.', '0.00', 'Udaipur ', 'Immediate ', 'Shilpa Trade Links Pvt. Ltd.', '45 days ', 'Will Provide against Invoice Copy', 9, '2.00', 9, '2017-04-11', 56, '%', '2% CST against C Form ', 'No'),
(57, 25, 1, '', 0, '1970-01-01', '108757.00', '', 'STL', 50, 'BE-2886', '17-18', '0.00', '0.00', 'As Applicable ', '', '12.50%', 'Dear Sir,\r\nWith reference to your price list we are pleased to place an order for the following items as per conditions given below.', '0.00', 'Udaipur ', 'Immediate ', 'Shilpa Trade Links Pvt. Ltd.', '45 days ', 'Will Provide against Invoice Copy ', 9, '2.00', 9, '2017-04-11', 1, '', '2% CST against C Form ', 'Yes'),
(58, 25, 1, '', 0, '1970-01-01', '630000.00', '', 'STL', 51, 'BE-3372', '17-18', '0.00', '0.00', 'As Applicable ', '', '12.50%', 'Dear Sir,\r\nWith reference to your price list we are pleased to place an order for the following items as per conditions given below.', '0.00', 'Udaipur ', 'Immediate ', 'Shilpa Trade Links Pvt. Ltd.', '45 days ', 'Will Provide against Invoice Copy ', 9, '2.00', 9, '2017-04-11', 96, '', '2% CST against C Form ', 'No'),
(59, 25, 7, '', 0, '1970-01-01', '84900.00', '', 'STL', 52, 'BE-3374', '17-18', '0.00', '0.00', 'Nil', '', '6%', 'Dear Sir,\r\nWith reference to your price list we are pleased to place an order for the following items as per conditions given below.', '0.00', 'Udaipur - Freight Paid ', 'Immediate ', 'S E L F ', '30 days ', 'Will Provide against Invoice Copy ', 18, '2.00', 9, '2017-04-11', 17, '', '2% CST against C & E1 form ', 'Yes'),
(60, 25, 7, '', 0, '1970-01-01', '292488.00', '', 'STL', 53, 'BE-3341', '17-18', '0.00', '0.00', 'Nil', '', '6.12%', 'Dear Sir,\r\nWith reference to your quotation no. Darling Pump Qtn. No. I/J/RSB/14-15/EN 070 M date 05.12.2017 , we are pleased to place an order for the following items as per conditions given below.', '0.00', 'Udaipur - Rajasthan ', 'Immediate ', 'Shilpa Trade Links Pvt. Ltd.', '30 days ', 'Will Provide against Invoice Copy ', 18, '2.00', 9, '2017-04-11', 130, '', '2% CST against C Form ', 'No'),
(61, 25, 9, '', 0, '1970-01-01', '5910.00', '', 'STL', 54, 'BE-3359', '17-18', '25.00', '0.00', 'Nil', '', 'No', 'Dear Sir,\r\nWith reference to your price list we are pleased to place an order for the following items as per conditions given below.', '0.00', 'Udaipur', 'Immediate ', 'Shilpa Trade Links Pvt. Ltd.', '15 days ', 'No', 24, '2.00', 9, '2017-04-12', 12, '%', '2% CST against C Form ', 'No'),
(62, 25, 19, '', 0, '1970-01-01', '47950.00', '', 'STL', 55, 'BE-3364', '17-18', '68.00', '0.00', 'Nil', '', 'As Applicable ', 'Dear Sir,\r\nWith reference to your price list we are pleased to place an order for the following items as per conditions given below.', '0.00', 'Udaipur ', 'Immediate', 'Shilpa Trade Links Pvt. Ltd.', '15  days ', 'No', 29, '14.50', 9, '2017-04-12', 11, '%', 'VAT @ 14.50 %', 'Yes'),
(63, 25, 1, '', 0, '1970-01-01', '14955.00', '', 'STL', 56, 'BE-3320', '17-18', '0.00', '0.00', 'As Applicable ', '', 'As Applicable ', 'Dear Sir,\r\nWith reference to your price list we are pleased to place an order for the following items as per conditions given below.', '0.00', 'Udaipur ', 'Immediate ', 'Shilpa Trade Links Pvt. Ltd.', '45 days ', 'Will Provide against Invoice Copy ', 9, '2.00', 9, '2017-04-12', 66, '', '2% CST against C Form ', 'No'),
(64, 27, 21, '', 0, '1970-01-01', '5526.00', '', 'FMSL', 1, 'BE-3341', '17-18', '0.00', '0.00', 'Nil', '', 'No', 'Dear Sir,\r\nWith reference to your price list we are pleased to place an order for the following items as per conditions given below.', '0.00', 'Udaipur ', 'Immediate', 'Fluid Management & Solutions Llp', '7 days ', 'No', 29, '5.50', 9, '2017-04-12', 130, '', 'VAT @ 5.50%', 'No'),
(65, 25, 1, '', 0, '1970-01-01', '14888.00', '', 'STL', 57, 'BE-2932', '17-18', '0.00', '0.00', 'As Applicable', '', 'As Applicable ', 'Dear Sir,\r\nWith reference to your price list we are pleased to place an order for the following items as per conditions given below.', '0.00', 'Udaipur', 'Immediate ', 'Shilpa Trade Links Pvt. Ltd.', '45 days ', 'Will Provide against Invoice Copy ', 9, '2.00', 9, '2017-04-12', 8, '', '2% CST against C Form ', 'No'),
(66, 25, 1, '', 0, '1970-01-01', '23546.00', '', 'STL', 58, 'BE-3365', '17-18', '22.50', '0.00', 'As Applicable ', '', 'As Applicable ', 'Dear Sir,\r\nWith reference to your price list we are pleased to place an order for the following items as per conditions given below.', '0.00', 'Udaipur ', 'Immediate ', 'Shilpa Trade Links Pvt. Ltd.', '45 days ', 'Will Provide against Invoice Copy', 9, '2.00', 9, '2017-04-12', 91, '%', '2% CST against C Form ', 'No'),
(67, 25, 3, '', 0, '1970-01-01', '65000.00', '', 'STL', 59, 'BE-3376', '17-18', '0.00', '0.00', 'Nil', '', '12.50%', 'Dear Sir,\r\nWith reference to your price list we are pleased to place an order for the following items as per conditions given below.', '0.00', 'Udaipur - Rajasthan ', 'Immediate ', 'Shilpa Trade Links Pvt. Ltd.', '30 days ', 'No', 8, '2.00', 9, '2017-04-12', 30, '', '2% CST against C Form ', 'Yes'),
(68, 25, 3, '', 0, '1970-01-01', '20580.00', '', 'STL', 60, 'BE-3375', '17-18', '0.00', '0.00', 'Nil', '', '12.50%', 'Dear Sir,\r\nWith reference to your price list we are pleased to place an order for the following items as per conditions given below.', '0.00', 'Udaipur - Rajasthan ', 'Immediate ', 'Shilpa Trade Links Pvt. Ltd.', '30 days ', 'No', 8, '2.00', 9, '2017-04-18', 123, '', '2% CST against C Form ', 'Yes'),
(69, 25, 2, '', 0, '1970-01-01', '1120.00', '', 'STL', 61, 'BE-3258', '17-18', '0.00', '0.00', 'Nil', '', 'No', 'Dear Sir,\r\nWith reference to your price list we are pleased to place an order for the following items as per conditions given below.', '0.00', 'Udaipur ', 'Immediate ', 'Shilpa Trade Links Pvt. Ltd.', '7 days ', 'No', 29, '5.50', 9, '2017-04-13', 81, '', 'VAT @ 5.50%', 'No'),
(70, 25, 2, '', 0, '1970-01-01', '51170.00', '', 'STL', 62, 'BE-3375', '17-18', '67.00', '0.00', 'NIL', '', 'As Applicable ', 'Dear Sir,\r\nWith reference to your price list we are pleased to place an order for the following items as per conditions given below.', '0.00', 'Udaipur - Rajasthan ', 'Immediate ', 'Shilpa Trade Links Pvt. Ltd.', '7 days ', 'No', 29, '14.50', 9, '2017-04-13', 123, '%', 'VAT @ 14.50 %', 'Yes'),
(71, 25, 22, '', 0, '1970-01-01', '20784.80', '', 'STL', 63, 'BE-3350', '17-18', '0.00', '0.00', 'Nil', '', 'No', 'Dear Sir,\r\nWith reference to your price list we are pleased to place an order for the following items as per conditions given below.', '0.00', 'Udaipur ', 'Immediate ', 'Shilpa Trade Links Pvt. Ltd.', '7 days ', 'No', 29, '5.50', 9, '2017-04-14', 122, '', 'VAT @ 5.50%', 'No'),
(72, 25, 7, '', 0, '1970-01-01', '36950.00', '', 'STL', 64, 'BE-3377', '17-18', '0.00', '0.00', 'Nil ', '', 'As applicable ', 'Dear Sir,\r\nWith reference to your price list we are pleased to place an order for the following items as per conditions given below.', '0.00', 'Kotputli - Rajasthan ', 'Immediate ', 'SELF ', '30 days ', 'Will Provide against Invoice Copy ', 27, '2.00', 9, '2017-04-15', 26, '', '2% CST against C & E1 Form ', 'Yes'),
(73, 25, 5, '', 0, '1970-01-01', '13200.00', '', 'STL', 65, 'BE-3253', '17-18', '15.00', '0.00', 'Nil', '', '12.50%', 'Dear Sir,\r\nWith reference to your price list we are pleased to place an order for the following items as per conditions given below.', '0.00', 'Udaipur', 'Immediate ', 'Shilpa Trade Links Pvt. Ltd.', '7 days ', 'Will Provide against Invoice Copy ', 11, '2.00', 9, '2017-04-17', 17, '%', '2% CST against C Form ', 'No'),
(74, 25, 3, '', 0, '1970-01-01', '120000.00', '', 'STL', 66, 'BE-3241', '17-18', '0.00', '0.00', 'NIL ', '', '12.50%', 'Dear Sir,\r\nWith reference to your price list we are pleased to place an order for the following items as per conditions given below.', '0.00', 'Udaipur ', '3 to 4 weeks ', 'Shilpa Trade Links Pvt. Ltd.', '30 days ', 'No', 8, '2.00', 9, '2017-04-17', 30, '', '2% CST against C Form ', 'Yes'),
(75, 25, 9, '', 0, '1970-01-01', '11698.00', '', 'STL', 67, 'BE-3241', '17-18', '0.00', '0.00', 'Nil', '', 'NIL', 'Dear Sirs,\r\nWith reference to your quotation no LQ/AY/071/2016-17 date 30.06.2016 , we are pleased to place an order for the following items as per \r\nconditions given below .', '0.00', 'Udaipur ', 'Immediate ', 'Shilpa Trade Links Pvt. Ltd.', '15 days ', 'No', 6, '2.00', 9, '2017-04-17', 30, '', '2% CST against C Form ', 'No'),
(76, 25, 7, '', 0, '1970-01-01', '80724.00', '', 'STL', 68, 'BE-3164', '17-18', '42.50', '0.00', 'Nil', '', 'As Applicable ', 'Dear Sir,\r\nWith reference to your price list we are pleased to place an order for the following items as per conditions given below.', '0.00', 'Chittorgarh - Rajasthan ', 'Immediate ', 'SELF ', '30 days ', 'Will Provide against Invoice Copy ', 33, '2.00', 9, '2017-04-18', 95, '%', '2% CST against C & E1 Form ', 'Yes'),
(77, 25, 7, '', 0, '1970-01-01', '84900.00', '', 'STL', 69, 'BE-3164', '17-18', '0.00', '0.00', 'Nil', '', 'As Applicable ', 'Dear Sir,\r\nWith reference to your price list we are pleased to place an order for the following items as per conditions given below.', '0.00', 'Chittorgarh - Rajasthan ', 'Immediate ', 'SELF ', '30 days ', 'Will Provide against Invoice Copy ', 33, '2.00', 9, '2017-04-18', 95, '', '2% CST against C & E1 Form ', 'Yes'),
(78, 25, 7, '', 0, '1970-01-01', '147590.00', '', 'STL', 70, 'BE-3378', '17-18', '2.00', '0.00', 'Nil', '', 'As Applicable ', 'Dear Sirs,\r\nWith reference to your quotation no. DPPL/ HO/QTN/17-18/EN- 0035- RSB date 11-4-2017, we are pleased to place an order for the following items \r\nas per conditions given below. ', '0.00', 'Chittorgarh - Rajasthan ', 'Immediate ', '  SELF ', '30 days ', 'Will Provide against Invoice Copy ', 33, '2.00', 9, '2017-04-21', 95, '%', '2% CST against C & E1 Form ', 'Yes'),
(79, 25, 7, '', 0, '1970-01-01', '28300.00', '', 'STL', 71, 'BE-3156', '17-18', '0.00', '0.00', 'Nil', '', 'As Applicable ', 'Dear Sir,\r\nWith reference to your price list we are pleased to place an order for the following items as per conditions given below.', '0.00', 'Udaipur - Freight Paid ', 'Immediate ', 'SELF ', '30 days ', 'Will Provide against Invoice Copy ', 18, '2.00', 9, '2017-04-18', 12, '', '2% CST against C & E1 Form ', 'Yes');

-- --------------------------------------------------------

--
-- Table structure for table `purchase_order_rows`
--

CREATE TABLE IF NOT EXISTS `purchase_order_rows` (
  `id` int(10) NOT NULL AUTO_INCREMENT,
  `purchase_order_id` int(10) NOT NULL,
  `item_id` int(10) NOT NULL,
  `description` text NOT NULL,
  `quantity` int(5) NOT NULL,
  `rate` decimal(10,2) NOT NULL,
  `amount` decimal(15,2) NOT NULL,
  `processed_quantity` int(5) NOT NULL DEFAULT '0',
  `height` int(3) NOT NULL,
  `pull_status` varchar(20) NOT NULL DEFAULT 'Direct',
  PRIMARY KEY (`id`)
) ENGINE=InnoDB  DEFAULT CHARSET=latin1 AUTO_INCREMENT=379 ;

--
-- Dumping data for table `purchase_order_rows`
--

INSERT INTO `purchase_order_rows` (`id`, `purchase_order_id`, `item_id`, `description`, `quantity`, `rate`, `amount`, `processed_quantity`, `height`, `pull_status`) VALUES
(33, 8, 606, 'Pump Model : T3ST 45/42\r\n120 LPM at 40kg/cm2\r\n\r\n\r\nNote :\r\nInterchangeable with Sr. No. 1549075-3041', 1, '120000.00', '120000.00', 0, 260, 'Direct'),
(36, 9, 606, 'Model  : T3ST 45/42\r\n120 LPM at 40kg/cm2\r\n\r\nSr. No.  1594982/2672', 2, '120000.00', '240000.00', 0, 270, 'Direct'),
(40, 11, 606, ' Model : T3ST 45/42\r\n120 LPM at 40kg/cm2\r\nSr. No. 1594982/2672', 2, '120000.00', '240000.00', 0, 260, 'Direct'),
(41, 12, 606, 'Model : T3ST 45/42\r\n120 LPM at 40kg/cm2\r\nSr. No. 1594982/2672', 2, '120000.00', '240000.00', 0, 260, 'Direct'),
(42, 13, 608, 'Model : T3ST 52 /40\r\nWith base frame and suction filter\r\n\r\nIdentical as per Sr. No. 1330812/664', 1, '270470.00', '270470.00', 0, 260, 'Direct'),
(43, 14, 605, 'Capacity : 480 kg/minute\r\nSuc*Dis : 40 mm\r\nMOC : CI Body and SS Internals\r\nSealing : Gland Packing', 1, '20580.00', '20580.00', 0, 260, 'Direct'),
(47, 18, 602, 'Mounting : Foot\r\nSealing : Oil Seal', 1, '16100.00', '16100.00', 0, 290, 'Direct'),
(48, 19, 622, 'Cap. : 1 m3/ hr\r\nHead : 10 mtrs\r\nTemperature 70 to 120 C ( Waste Oil )\r\nIdentical to Sr. No. : 115037 / 1725\r\nStator : Hypalon', 1, '17500.00', '17500.00', 0, 80, 'Direct'),
(49, 19, 623, 'Cap. : 2 m3/hr\r\nHead : 50 mtrs\r\nTemperature 70 to 120 C ( Waste Oil )\r\nIdentical to Sr. No. : 136902/3400\r\nStator : Hypalon', 1, '23500.00', '23500.00', 0, 80, 'Direct'),
(66, 20, 602, 'Sealing : Gland Packing', 4, '16100.00', '64400.00', 0, 290, 'Direct'),
(67, 21, 1143, 'Duty : Jacking\r\nCapacity : 50mm\r\nPressure :150kg./cm2\r\nNOTE : Kindly supply as per last supply vide SO no.\r\n1588556 and sr. no. 095038 / 6260, 1467179/6453', 1, '41315.00', '41315.00', 0, 250, 'Direct'),
(68, 22, 600, 'Sealing : Oil Seal\r\nMounting : Foot', 20, '4800.00', '96000.00', 0, 120, 'Direct'),
(69, 22, 1148, 'Sealing : Oil Seal\r\nMounting : Foot', 10, '2880.00', '28800.00', 0, 120, 'Direct'),
(90, 25, 1155, 'Model : 3. 20/56 (T3ST 20/56)\r\nPressure : 15 Kg / cm2\r\nCapacity : 14 LPM', 1, '28500.00', '28500.00', 0, 260, 'Direct'),
(96, 27, 737, '(Full Dia Impeller )\r\nDiscount of 35% on Pumps will be settled through credit note ', 1, '70160.00', '70160.00', 1, 0, 'Direct'),
(101, 29, 798, 'Model : KGEN 14 8 G1', 1, '6271.00', '6271.00', 0, 50, 'Direct'),
(102, 29, 799, 'Model : KGEN 16 6 G1', 1, '6156.00', '6156.00', 0, 50, 'Direct'),
(103, 29, 965, 'Model  : CN 25 160  G1 S2 L3 ', 1, '131.00', '131.00', 0, 50, 'Direct'),
(104, 29, 967, 'Model : CN 25 160 G1 S2 L3', 1, '1315.00', '1315.00', 0, 50, 'Direct'),
(105, 30, 964, 'Mechanical Seal Burgmann MG12 G6 O/U (Sic /Sic 316 Viton )\r\nConversion Kit\r\n', 1, '27056.00', '27056.00', 0, 0, 'Direct'),
(109, 32, 964, 'CCR 25 160 R6 150 Ibs M2 L3 (Imp Dia 162mm)\r\nConvertion Kit Plan 11,62\r\nBurgmann M7N Sic / Car / SS 316 / TTV \r\nSr, No. C411031006\r\nDiscount of 35% on pumps and Ms 15% will be settled through credit note ', 3, '40067.00', '120201.00', 0, 0, 'Direct'),
(110, 32, 968, 'CCR 32C 125  R6 150 LBS M2 L3 (Imp Dia 119mm)\r\nConvertion Kit Plan 11,62\r\nBurgmann M7N Sic / Car / SS 316 / TTV \r\nSr. No. C411031009\r\nDiscount of 35% on pumps and Ms 15% will be settled through credit note ', 2, '46248.00', '92496.00', 0, 0, 'Direct'),
(111, 32, 968, 'CCR 32C 125  R6 150 LBS M2 L3 (Imp Dia 119mm)\r\nConvertion Kit Plan 11,62\r\nBurgmann M7N Sic / Car / SS 316 / TTV \r\nSr. No. C411031009\r\nDiscount of 35% on pumps and Ms 15% will be settled through credit note ', 3, '46248.00', '138744.00', 0, 0, 'Direct'),
(112, 33, 964, 'Mechanical Seal Burgmann MG12 G6 O/U (Sic /Sic 316 Viton )\r\nConversion Kit\r\nDis. of 35% on pump and 15% on Ms will be settled through credit note ', 2, '38519.00', '77038.00', 0, 0, 'Direct'),
(113, 34, 970, 'CCR 32 200 R6 150 lbs M2 L3 (Imp Dia 188mm)\r\nBurgmann M7N Sic / Car / SS 316 / TTV \r\nConvertion Kit Plan 11,62\r\nSr.No. C411031011\r\n\r\nDiscount of 35 % on pumps and MS 15 % will be settled through credit note', 2, '49392.00', '98784.00', 0, 0, 'Direct'),
(115, 36, 702, 'Full Dia Impeller ', 2, '12475.00', '24950.00', 0, 0, 'Direct'),
(116, 36, 703, 'Full Dia Impeller ', 2, '12763.00', '25526.00', 0, 0, 'Direct'),
(117, 36, 729, 'Full Dia Impeller ', 1, '23800.00', '23800.00', 0, 0, 'Direct'),
(122, 37, 962, 'CCR 65C 160 R6 150 LBS M2 L3  ( Imp dia 159 mm )\r\nBurgmann M7N Sic / Car / SS 316 / TTV \r\nConversion Kit with Plan 11, 62\r\nSr. No. C411031007', 1, '51621.00', '51621.00', 0, 0, 'Direct'),
(123, 38, 731, '( Impeller Dia 166mm )', 2, '37002.00', '74004.00', 0, 0, 'Direct'),
(124, 39, 954, 'Convertion Kit Plan 11,62\r\nBurgmann HJ977GNB Sic / Sic / 316 / TTV Prefitted\r\nCCR 25 125 R6 M3 L3 \r\nDiscount of 35 % on pumps and MS 15 % will be settled through credit note', 12, '38062.00', '456744.00', 0, 0, 'Direct'),
(125, 39, 955, 'Convertion Kit Plan 11,62\r\nBurgmann HJ977GNB Sic / Sic / 316 / TTV Prefitted\r\nCCR 32 125 R6 M3 L3 \r\nDiscount of 35 % on pumps and MS 15 % will be settled through credit note', 10, '51755.00', '517550.00', 0, 0, 'Direct'),
(126, 39, 960, 'Convertion Kit Plan 11,62\r\nMech Seal Flowserve FROTT / Car / Sic / SS 316 / PTFE\r\nIdentical to sr. no. PA111308005\r\nCCR 65 160 R6 M2 L3\r\nDiscount of 35 % on pumps and MS 15 % will be settled through credit note', 1, '82449.00', '82449.00', 0, 0, 'Direct'),
(127, 40, 1171, 'CB 80 200 G1 M2 with 5 HP 1500 RPM Motor\r\nPower : 5HP / 1500RPM  Frame 112 M\r\nBurgmann make 0021 MG12-G60/U Sic / Sic 316 TTV', 2, '21500.00', '43000.00', 2, 0, 'Direct'),
(128, 40, 964, 'Mechanical Seal Burgmann MG12 G6 O/U (Sic /Sic 316 Viton )\r\nConversion Kit', 2, '27056.00', '54112.00', 2, 0, 'Direct'),
(129, 40, 1167, ' ( Full Dia )', 1, '46814.00', '46814.00', 1, 0, 'Direct'),
(130, 40, 1168, 'Mechanical Seal Burgmann MG12 G6 O/U (Sic /Sic 316 Viton )\r\nConversion Kit', 1, '21946.00', '21946.00', 1, 0, 'Direct'),
(144, 45, 677, 'KGEN 11 3 G2  Pump', 2, '8924.00', '17848.00', 0, 0, 'Direct'),
(145, 45, 677, 'KGEN 11 3 G1 Pump', 10, '7112.00', '71120.00', 0, 0, 'Direct'),
(146, 45, 677, 'KGEN 11 3 G1 Pump ', 10, '7112.00', '71120.00', 0, 0, 'Direct'),
(147, 45, 681, 'KGEN 12 5 G1 Pump', 5, '10547.00', '52735.00', 0, 0, 'Direct'),
(148, 45, 692, 'KGEN 12 6 G1 Pump ', 5, '11692.00', '58460.00', 0, 0, 'Direct'),
(149, 45, 683, 'KGEN 12b 5 G1 Pump', 5, '9943.00', '49715.00', 0, 0, 'Direct'),
(150, 45, 685, 'KGEN 16 6 G1 Pump', 5, '14590.00', '72950.00', 0, 0, 'Direct'),
(225, 51, 1096, 'Capacity 0 to 65 LPH, Pressure : 55kg/cm2\r\nScope of supply : Pump with ,Base frame ,coupling ,\r\ncoupling guard', 1, '15000.00', '15000.00', 0, 20, 'Direct'),
(226, 51, 1097, 'Capacity 0 to 65 LPH, Pressure : 5kg/cm2\r\nScope of supply : Pump with ,Base frame ,coupling ,\r\ncoupling guard', 1, '14000.00', '14000.00', 0, 20, 'Direct'),
(227, 51, 1099, 'Positive Spares Model : PL 2017', 1, '350.00', '350.00', 0, 20, 'Direct'),
(228, 51, 1100, 'Positive Spares Model : PL 1011', 1, '350.00', '350.00', 0, 20, 'Direct'),
(244, 16, 634, 'Complete Major Seal Kit\r\nFor Pump Model: TRF 1700\r\n\r\nInterchangeable with existing pump Sr. No. 7036667\r\n\r\nLast supply reference : SO No. 1565519 & 1614615', 1, '139950.00', '139950.00', 0, 0, 'Direct'),
(245, 15, 634, 'Complete Major Seal Kit\r\nFor Pump Model: TRF 1700\r\n\r\nInterchangeable with existing pump Sr. No. 7036667\r\n\r\nLast supply reference : SO No. 1565519 & 1614615', 1, '139950.00', '139950.00', 0, 0, 'Direct'),
(246, 23, 627, 'Model : R 50 SL (H) (Without Relief Valve )\r\nFlow : 255 LPM\r\nPressure : 3kg./cm2\r\nSealing : Gland Packing\r\nSuc.* Dis. : 2 X 2 \r\nLiquid : Molasses\r\nPower : 3 HP / 1000 RPM\r\nEarlier Ref. : Ok.no.117004\r\n\r\nLast SO Number : 1591632/3016\r\nIdentical to sr. no. 117004/7725', 1, '9500.00', '9500.00', 0, 0, 'Direct'),
(247, 52, 867, 'Unbored', 2, '1833.00', '3666.00', 2, 0, 'Direct'),
(248, 53, 589, 'Power: 3HP / 2900RPM IE3\r\nMounting: Foot Mounted\r\nFrame Size : 90L', 1, '23500.00', '23500.00', 1, 0, 'Direct'),
(253, 56, 1166, 'FRE 80 210 G6', 1, '47188.00', '47188.00', 0, 0, 'Direct'),
(254, 56, 727, 'CCR 50 200 R1A S2 L6', 1, '39743.00', '39743.00', 0, 0, 'Direct'),
(255, 56, 730, 'CCR 25 160  R6 S2 L3', 1, '29879.00', '29879.00', 0, 0, 'Direct'),
(256, 55, 717, 'CN 80 200 G2 S2 L1 ', 1, '20150.00', '20150.00', 0, 0, 'Direct'),
(257, 55, 969, 'Mechanical seal MG12 /Sic / Sic / 316 / Viton for Caustic\r\nConversion Kit / API Plan 11\r\n', 1, '46249.00', '46249.00', 0, 0, 'Direct'),
(258, 57, 728, 'CCR 65 200 R6L M2 L3\r\nMechanical seal MG12 /Sic / Sic / 316 / Viton for DM Water\r\nConversion Kit / API Plan 11\r\nIdentical to last supply PB111272042\r\n35 % discount on pump and 15 % discount on MS will be thru credit note', 1, '108757.00', '108757.00', 0, 0, 'Direct'),
(259, 44, 1164, 'CN 100c 250 G1 M2 L3 with motor 150 HP / 2900RPM\r\nFrame Size : 315S ( Full Dia Impeller )', 1, '293500.00', '293500.00', 0, 0, 'Direct'),
(260, 44, 810, 'CN 32C 200 G1 M2 L3 with 10 HP / 2900 RPM\r\nFrame Size : 132S ( Full Dia Impeller )', 1, '38000.00', '38000.00', 0, 0, 'Direct'),
(261, 58, 1172, 'CCR 300 250 R6L MD2 L4 with motor 50HP/970RPM IE2 \r\nFrame Size : 250M  ( Make CGL / BBL )\r\nDouble Mechanical Seal  EBIPL make CARTEX\r\nDN Car/Sic & Sic/Sic TTV \r\nPlan API 54 for seal', 1, '630000.00', '630000.00', 0, 0, 'Direct'),
(262, 50, 1110, 'Positive Spares Model : PL 2017 ', 2, '1237.00', '2474.00', 0, 0, 'Direct'),
(263, 50, 1099, 'Positive Spares Model : PL 2017 ', 2, '393.00', '786.00', 0, 0, 'Direct'),
(264, 50, 1111, 'Positive Spares Model : PL 2017 ', 2, '3600.00', '7200.00', 0, 0, 'Direct'),
(265, 50, 1096, 'Capacity 0 to 65 LPH, Pressure : 55kg/cm2\r\nScope of supply : Pump with ,Base frame ,coupling ,\r\ncoupling guard\r\nNote : 20 % discount amount will be settled through\r\ncredit note separately.', 2, '18750.00', '37500.00', 0, 0, 'Direct'),
(266, 49, 1102, 'Positive Spares Model : PL 2017', 2, '731.00', '1462.00', 0, 0, 'Direct'),
(267, 49, 1101, 'Positive Spares Model : PL 2017', 2, '2475.00', '4950.00', 0, 0, 'Direct'),
(268, 49, 1103, 'Positive Spares Model : PL 2017', 4, '506.00', '2024.00', 0, 0, 'Direct'),
(269, 49, 1104, 'Positive Spares Model : PL 2017', 2, '168.00', '336.00', 0, 0, 'Direct'),
(270, 49, 1105, 'Positive Spares Model : PL 2017', 2, '168.00', '336.00', 0, 0, 'Direct'),
(271, 49, 1106, 'Positive Spares Model : PL 2017', 2, '168.00', '336.00', 0, 0, 'Direct'),
(272, 49, 1107, 'Positive Spares Model : PL 2017', 2, '196.00', '392.00', 0, 0, 'Direct'),
(273, 49, 1108, 'Positive Spares Model : PL 2017', 2, '196.00', '392.00', 0, 0, 'Direct'),
(274, 49, 1109, 'Positive Spares Model : PL 2017\r\nNote : 20 % discount amount will be settled through\r\ncredit note separately.', 2, '3150.00', '6300.00', 0, 0, 'Direct'),
(275, 46, 1113, 'Positive Spares Model : PL 2017\r\nNote : 20 % discount amount will be settled through\r\ncredit note separately.', 2, '4050.00', '8100.00', 0, 0, 'Direct'),
(277, 59, 931, 'Power : 6.5 HP / 2900 RPM\r\nCapacity Range : 0 to 17.50 LPS\r\nHead Range : 0 to 32 Mtrs\r\nDelivery outlet : 65 mm\r\nType of starting : DOL\r\nCable size : 1 * 3 * 1.5\r\nPump with 5 Mtrs cable\r\n\r\nNote: Rs. 500 per pump will be settled through credit\r\nnote', 6, '14150.00', '84900.00', 0, 180, 'Direct'),
(279, 60, 637, 'Model: T-2003 H  20 HP\r\nHead : 50-80 mtrs, Flow: 400-500 LPM\r\nLiquid: Abrasive mud water, Temp.: Ambient,\r\nPower: 20 HP / 2900 RPM\r\n\r\nScope of Supply:\r\nPump with 10 mtrs cable\r\nCustomer : China Coal Co., HZL, SK Mines\r\nGuarantee : Standard 12 /18 Months for all\r\nspares except winding\r\nDelivery : Within 6 weeks else LD applicable', 2, '146244.00', '292488.00', 0, 180, 'Direct'),
(280, 61, 1193, 'Complete Mechanical Seal Type : HJ97 Size : 35mm\r\nFace : Sic/Sic/316/TTV for CCR 32 / 125 Spring Fitted\r\nNOTE : As per last supply vide Challan No.61/58/2016/17\r\ndate 4/5/2016', 1, '5910.00', '5910.00', 0, 0, 'Direct'),
(290, 62, 1195, 'Simens make Motor\r\n\r\nPower: 3HP / 2900RPM IE3\r\nMounting: Foot Mounted\r\nFrame Size : 90L', 2, '23975.00', '47950.00', 0, 0, 'Direct'),
(296, 64, 1161, 'Bearing 6308 ', 1, '667.00', '667.00', 1, 0, 'Direct'),
(297, 64, 1161, 'Bearing 3308', 1, '4859.00', '4859.00', 1, 0, 'Direct'),
(300, 54, 1191, 'SS 304 / 45 MM SS Rod ', 495, '3.44', '1704.29', 495, 0, 'Direct'),
(301, 54, 1192, '33 316 / 36 mm SS Rod', 404, '3.27', '1320.27', 404, 0, 'Direct'),
(302, 63, 963, 'CN 25 160 G1 S2 L3 ', 2, '1876.50', '3753.00', 2, 0, 'Direct'),
(303, 63, 966, 'CI Pump Housing CN 25 160 G1 S2 L3 ', 1, '2251.00', '2251.00', 1, 0, 'Direct'),
(304, 63, 1178, 'Stub Shaft (SS 316) CB 32 160 G1 \r\nMotor 3HP /2900RPM Frame Size : 90L', 1, '2146.00', '2146.00', 1, 0, 'Direct'),
(305, 63, 746, 'KGEN 11 3 G1 ', 5, '595.00', '2975.00', 5, 0, 'Direct'),
(306, 63, 782, 'KGEN 11 4 G1 ', 2, '1460.00', '2920.00', 2, 0, 'Direct'),
(307, 63, 1207, 'Impeller Cap Nut CCR 50 200 R6A S2 L6', 2, '455.00', '910.00', 2, 0, 'Direct'),
(308, 65, 795, 'KGEN 12b 5 G1', 1, '3906.00', '3906.00', 0, 0, 'Direct'),
(309, 65, 1179, 'CB 32 250 G1', 1, '2382.00', '2382.00', 0, 0, 'Direct'),
(310, 65, 1180, 'CCR 40C 160 R1 M2 L3 ', 1, '927.00', '927.00', 0, 0, 'Direct'),
(311, 65, 820, 'CCR 40C 160 R1 M2 L3 ', 1, '3004.00', '3004.00', 0, 0, 'Direct'),
(312, 65, 1181, 'CN 32 160 G1 S2 L3 ', 1, '1941.00', '1941.00', 0, 0, 'Direct'),
(313, 65, 765, 'KGEN 12 5 to 16 6 G1 ', 4, '208.00', '832.00', 0, 0, 'Direct'),
(314, 65, 773, 'KGEN 12b 5 G1 ', 2, '411.00', '822.00', 0, 0, 'Direct'),
(315, 65, 771, 'KGEN 11 4 G1', 3, '358.00', '1074.00', 0, 0, 'Direct'),
(316, 66, 1182, 'CCR 250 250 R4 CD3 L4', 1, '16008.00', '16008.00', 0, 0, 'Direct'),
(317, 66, 1183, 'CN 100 160 G1 S2 L1', 1, '3404.00', '3404.00', 0, 0, 'Direct'),
(318, 66, 1184, 'CI Pump Housing FRE 50 125 R6', 2, '1312.00', '2624.00', 0, 0, 'Direct'),
(319, 66, 1184, 'Plug FRE  50 125 R6', 10, '53.00', '530.00', 0, 0, 'Direct'),
(320, 66, 1184, 'Allen Bolt FRE 50 125 R6', 20, '29.00', '580.00', 0, 0, 'Direct'),
(321, 66, 1184, 'Key FRE 50 125 R6', 10, '40.00', '400.00', 0, 0, 'Direct'),
(323, 67, 940, 'Capacity : 50 LPM\r\nBare Pump \r\nIdentical to Sr. no. : 1497297/2268', 1, '65000.00', '65000.00', 0, 260, 'Direct'),
(326, 69, 863, 'L 95 Coupling Unbored', 4, '280.00', '1120.00', 4, 280, 'Direct'),
(327, 70, 1209, 'Frame Size : 112M\r\nMounted : Flame proof food mounted ', 1, '51170.00', '51170.00', 0, 280, 'Direct'),
(334, 71, 1039, 'Channel 4" 60Kg ', 60, '41.50', '2490.00', 60, 0, 'Direct'),
(335, 71, 1038, 'Channel 3" 91Kg ', 91, '41.50', '3776.50', 91, 0, 'Direct'),
(336, 71, 1040, 'Angle 40mm X 5mm ', 23, '40.00', '928.00', 23, 0, 'Direct'),
(337, 71, 1041, 'Pattha 40mm X 10mm ', 23, '40.50', '931.50', 23, 0, 'Direct'),
(338, 71, 1185, 'Welding Rod 1 Box= 12 Packet ', 1, '2380.00', '2380.00', 1, 0, 'Direct'),
(339, 71, 1038, 'Channel 3" 239KG', 239, '41.50', '9926.80', 239, 0, 'Direct'),
(340, 71, 1214, 'Ms Pattha 40mm X 6mm', 8, '40.00', '352.00', 8, 0, 'Direct'),
(346, 72, 986, 'Capacity LPM : 300\r\nHead Mtrs : 11\r\nRPM : 2900\r\nMotor Rating  : 2HP \r\nPower consumed by pump (BKW) : 1.5 \r\n Impeller : SS 410\r\nPhase  : Three Phase \r\n( Pump set with 5mtrs cable )\r\n', 2, '18475.00', '36950.00', 0, 200, 'Direct'),
(347, 7, 1092, '150 mm Mini Car Fan', 8, '636.50', '5092.00', 0, 0, 'Direct'),
(348, 10, 606, 'Model :  T3ST 45 /42 \r\n120LPM at 40Kg/cm2\r\n\r\nSr. No. 1594982/2672 ', 2, '120000.00', '240000.00', 0, 0, 'Direct'),
(349, 17, 599, 'Speed Rating : 1440 RPM\r\nPressure Rating : 6Kg', 1, '3560.00', '3560.00', 0, 0, 'Direct'),
(350, 24, 614, 'Model : T3 ST 52 / 40\r\nSr. No : 1330812/6649\r\nLast supply SO. No. 1457617', 1, '9500.00', '9500.00', 0, 0, 'Direct'),
(351, 24, 621, 'Model : T3 SFP 40 / 38 \r\nSr. No : 964321 / 0125\r\nLast supply SO. No. 1467288', 1, '9000.00', '9000.00', 0, 0, 'Direct'),
(352, 26, 1156, 'Speed : 1450RPM\r\nLiquid : Glucose\r\nCapacity : 8 to 10 m3/hr\r\nPressure : 4kg /cm2\r\nMotor : 7.5KW/ 1450RPM\r\nMoc : SS 316\r\nSealing : Mechanical Seal\r\nBase Plate , Coupling ,Coupling Guard ,Foundation\r\nBolts and Non FLP Motor .\r\nNote : Material to be booked Freight Paid basis.', 1, '168000.00', '168000.00', 0, 0, 'Direct'),
(353, 31, 740, 'MCH 16 * 4 stage P Design \r\n35% discount to be settled through credit note ', 1, '34282.00', '34282.00', 0, 0, 'Direct'),
(354, 35, 732, '(Impeller Dia 154mm)\r\nDiscount 35% Will be settled through credit note ', 1, '38050.00', '38050.00', 0, 0, 'Direct'),
(355, 42, 1170, '-', 2, '32491.00', '64982.00', 2, 0, 'Direct'),
(356, 43, 568, 'Frame Size : 90S\r\nMounting : Foot Mounted ', 1, '12830.00', '12830.00', 0, 0, 'Direct'),
(357, 47, 649, 'Model : NSRP 50 TBG V1J (135S Impeller Dia)\r\nLiquid : 33% HCL \r\nHead : 10 mtr\r\nFlow : 7-8m3/hr\r\nPower : 2HP / 2900RPM (Remi  Make )\r\nSuc.*Dis. : 50*40MM\r\nMOC : PP/Flooded\r\nImpeller Type : Semi Open\r\nPump with Priming Chamber & Base Frame, Coupling , Coupling Guard , Fasteners .', 1, '18500.00', '18500.00', 0, 0, 'Direct'),
(358, 47, 893, 'Priming chamber 16 Ltrs  For NSRP Pump\r\n', 1, '7225.00', '7225.00', 0, 0, 'Direct'),
(359, 48, 1145, 'Frame Size : 112L\r\nMounting : Foot Mounted ', 2, '30585.00', '61170.00', 0, 0, 'Direct'),
(360, 73, 1213, '(Part 70211602)', 2, '1900.00', '3800.00', 0, 0, 'Direct'),
(361, 73, 1215, '(Part No. 70110522)', 2, '3000.00', '6000.00', 0, 0, 'Direct'),
(362, 73, 1173, '(Part No. 70422921)', 2, '1700.00', '3400.00', 0, 0, 'Direct'),
(363, 41, 1169, '( Impeller Dia 209mm )\r\nConversion Kit \r\nBurgmann MG12-G60/U /SIC/SIC/316/Viton \r\nDiscount of 35 % on pumps and MS 15 % will be settled through credit note', 1, '74738.00', '74738.00', 1, 0, 'Direct'),
(364, 74, 606, '<p>Model : T3ST 45/42</p><p>120LPM at 40kg/cm2</p><p><br></p><p>Note : Interchangeable with Sr.No. 1549075 - 3041&nbsp;</p>', 1, '120000.00', '120000.00', 0, 260, 'Direct'),
(365, 75, 612, '<p>Complete Mechanical Seal Type Size: 30mm</p><p>Face: Carbon/Silicon/Viton for John Crane</p><p>2100 Type 2 Model : T3ST 45 / 42&nbsp;</p><p>NOTE : Kindly supply as per last supply vide Invoice No.<br></p><p>172 dated 17.6.2017</p>', 4, '2437.00', '9748.00', 0, 80, 'Direct'),
(366, 75, 621, '<p>Complete Mechanical Seal&nbsp;Type &nbsp;LS -201 Size: 20mm&nbsp;Face: TC/TC&nbsp;</p><p>Model : T3 SFP 20 /56&nbsp;</p>', 1, '1950.00', '1950.00', 0, 80, 'Direct'),
(372, 77, 931, '<p>Power : 6.5 HP / 2900 RPM</p><p>Capacity Range : 0 to 17.50 LPS</p><p>Head Range : 0 to 32 Mtrs</p><p>Delivery outlet : 65 mm</p><p>Type of starting : DOL</p><p>Cable size : 1 * 3 * 1.5</p><p>Pump with 5 Mtrs cable</p><p>Note: Rs. 500 per pump will be settled through credit</p><p>note</p>', 1, '14150.00', '14150.00', 0, 20, 'Direct'),
(373, 77, 931, '<p>Power : 6.5 HP / 2900 RPM</p><p>Capacity Range : 0 to 17.50 LPS</p><p>Head Range : 0 to 32 Mtrs</p><p>Delivery outlet : 65 mm</p><p>Type of starting : DOL</p><p>Cable size : 1 * 3 * 1.5</p><p>Pump with 5 Mtrs cable</p><p>Note: Rs. 500 per pump will be settled through credit</p><p>note</p>', 5, '14150.00', '70750.00', 0, 20, 'Direct'),
(374, 68, 605, '<p>Flow  : 3 m3/hr &nbsp; &nbsp;Head : 25 Mtrs &nbsp; &nbsp; &nbsp; &nbsp;Sealing : Mechanical Seal </p><p>\r\nMOC :  CI &nbsp; &nbsp; &nbsp; &nbsp; &nbsp; &nbsp; &nbsp; &nbsp;Liquid : FO &nbsp; &nbsp; &nbsp; &nbsp; &nbsp; &nbsp; &nbsp; &nbsp; Motor Rating : 3 HP 960 RPM</p><p>  \r\n</p>', 1, '20580.00', '20580.00', 0, 260, 'Direct'),
(375, 76, 1228, '<p>Power &nbsp; &nbsp; &nbsp;: 5 HP / 2900 RPM</p><p>Head &nbsp; &nbsp; &nbsp; &nbsp; : &nbsp;41 mtrs Max&nbsp;</p><p>Flow &nbsp; &nbsp; &nbsp; &nbsp; &nbsp;: &nbsp;12m3/hr @ 24mtrs Head </p><p>Dis. Size &nbsp;: 50mm </p><p>Liquid &nbsp; &nbsp; &nbsp; : &nbsp;Water &nbsp;</p><p>Pump with 5 meters cable &nbsp;<br></p><p><br></p>', 4, '20181.00', '80724.00', 0, 200, 'Direct'),
(376, 79, 931, '<p>Power : 6.5 HP / 2900 RPM</p><p>Capacity Range : 0 to 17.50 LPS</p><p>Head Range : 0 to 32 Mtrs</p><p>Delivery outlet : 65 mm</p><p>Type of starting : DOL</p><p>Cable size : 1 * 3 * 1.5</p><p>Pump with 5 Mtrs cable</p><p>Note: Rs. 500 per pump will be settled through credit</p><p>note</p>', 2, '14150.00', '28300.00', 0, 200, 'Direct'),
(378, 78, 1227, '<p>H.P / K.W &nbsp; : &nbsp;7.5 / 5.5&nbsp;</p><p>Flow &nbsp; : 1000LPM</p><p>Head &nbsp;: &nbsp; 12 mtrs&nbsp;</p><p>Head Range : &nbsp;12 to 25 mtrs&nbsp;</p><p>Delivery Outlet : &nbsp;100</p><p>RPM : 2820</p><p>Material of Construction &nbsp;: Complete Pump in SS 316&nbsp;</p><p>Impeller &nbsp;: &nbsp;SS 316&nbsp;</p><p>Casing : SS 316&nbsp;</p><p>Size &nbsp;: &nbsp;3 Core X 2.5 Sq.mm for Power &amp; 3 Core X 0.75 Sq. mm for Control&nbsp;</p><p><br></p>', 1, '147590.00', '147590.00', 0, 150, 'Direct');

-- --------------------------------------------------------

--
-- Table structure for table `quotations`
--

CREATE TABLE IF NOT EXISTS `quotations` (
  `id` int(11) NOT NULL AUTO_INCREMENT,
  `customer_id` int(10) NOT NULL,
  `customer_address` text NOT NULL,
  `employee_id` int(10) NOT NULL,
  `item_group_id` int(10) NOT NULL,
  `finalisation_date` date NOT NULL,
  `customer_for_attention` varchar(100) NOT NULL,
  `customer_contact_no` varchar(200) NOT NULL,
  `enquiry_no` varchar(200) NOT NULL,
  `subject` varchar(200) NOT NULL,
  `text` text NOT NULL,
  `additional_note` text NOT NULL,
  `terms_conditions` text NOT NULL,
  `total` decimal(15,2) NOT NULL,
  `status` varchar(100) NOT NULL DEFAULT 'Pending',
  `company_id` int(10) NOT NULL,
  `qt1` varchar(10) NOT NULL,
  `qt2` int(10) NOT NULL,
  `qt3` varchar(10) NOT NULL,
  `qt4` varchar(10) NOT NULL,
  `created_by` int(10) NOT NULL,
  `edited_by` int(10) NOT NULL,
  `created_on` date NOT NULL,
  `edited_on` date NOT NULL,
  `reason` varchar(200) NOT NULL,
  `closing_date` date NOT NULL,
  `revision` int(10) NOT NULL,
  `quotation_id` int(10) NOT NULL,
  `pdf_font_size` varchar(10) NOT NULL DEFAULT '16px',
  PRIMARY KEY (`id`)
) ENGINE=InnoDB  DEFAULT CHARSET=latin1 AUTO_INCREMENT=77 ;

--
-- Dumping data for table `quotations`
--

INSERT INTO `quotations` (`id`, `customer_id`, `customer_address`, `employee_id`, `item_group_id`, `finalisation_date`, `customer_for_attention`, `customer_contact_no`, `enquiry_no`, `subject`, `text`, `additional_note`, `terms_conditions`, `total`, `status`, `company_id`, `qt1`, `qt2`, `qt3`, `qt4`, `created_by`, `edited_by`, `created_on`, `edited_on`, `reason`, `closing_date`, `revision`, `quotation_id`, `pdf_font_size`) VALUES
(1, 55, 'SP-923, RICCO Phase-III, \r\nP.O.Bhiwadi-301019', 15, 4, '2017-03-28', 'Mr. Manoj Gupta ', '8058998578', 'Your varbel enquiry dated 01.03.2017', 'Submersible Sewage pump Offer', 'With reference to above enquiry we are pleased to submit our quote as follows :-', '', '<ol><li>Price Basis &nbsp;&nbsp;&nbsp;&nbsp;&nbsp;&nbsp;&nbsp;&nbsp;&nbsp;&nbsp;&nbsp;&nbsp;&nbsp;&nbsp;&nbsp;&nbsp;&nbsp;&nbsp;&nbsp;&nbsp;&nbsp;&nbsp;&nbsp;&nbsp;&nbsp;&nbsp;&nbsp;&nbsp;&nbsp;&nbsp;&nbsp;&nbsp;: Ex-Our Works Udaipur</li><li>Packing &amp; Forwarding &nbsp;&nbsp;&nbsp;&nbsp;&nbsp;&nbsp;&nbsp;&nbsp;: Extra @ 2%</li><li>Sales Tax &nbsp;&nbsp;&nbsp;&nbsp;&nbsp;&nbsp;&nbsp;&nbsp;&nbsp;&nbsp;&nbsp;&nbsp;&nbsp;&nbsp;&nbsp;&nbsp;&nbsp;&nbsp;&nbsp;&nbsp;&nbsp;&nbsp;&nbsp;&nbsp;&nbsp;&nbsp;&nbsp;&nbsp;&nbsp; &nbsp; &nbsp; &nbsp; &nbsp;: Vat Extra @ 5.5% </li><li>Excise Duty : Extra as applicable</li><li>Delivery : Within 2 to 3 weeks from date of receipt of Techno-Commercially Clear PO.</li><li>Freight &amp; Insurance : In Buyers account. In case of transit damage you will have to claim from your insurance company.</li><li>Payment : Strictly within 30 days of receipt of material else interest will be charged @ 18 % p.a. for delayed period.</li><li style="text-align: justify; ">Warranty : For Pump &amp; Motors\r\nStandard as provided by manufacturer to be free from defects in both material &amp; workmanship for a period of 12 months from date of installation or 18 months from date of supply whichever is earlier. Provided the Motor/Pump is installed as per instructions. We shall not be liable for any loss and or consequential damages due to breakdown of the equipment either for repair purpose or otherwise. Winding failures is not covered under warranty. \r\nFor Spare\r\nOnly Interchange ability with original equipment is confirmed and any manufacturing defect is covered.</li><li>Discount :  @ 5%</li><li>Validity :30 Days.</li></ol>', '99000.00', 'Pending', 25, 'STL', 1, 'BE-2839', '16-17', 16, 0, '2017-03-18', '0000-00-00', '', '0000-00-00', 0, 1, '16px'),
(2, 5, '(Formerly Indo Zinc Ltd)\r\n(A Subsidiary of The India Cements Ltd)\r\nPost Wajwana\r\nBanswara -327025', 11, 1, '2017-04-12', 'Mr. Jitendra Sharma', '0296230151', 'Email Inquiry', 'Offer for JOHNSON make Pump', 'We thank you for your enquiry for Water Transfer pump  and we being authorised dealers for JOHNSON Pumps for State of Rajasthan are pleased to submit an offer as under :\r\n', 'Scope of Supply: Bare Pump', '<p>Price Basis : Ex-Our Works Udaipur</p><p>Packing &amp; Forwarding : Inclusive</p><p>Sales Tax : Vat Extra @ 5.5% </p><p>Excise Duty : Extra as applicable</p><p>Delivery : Within 6 to 8 weeks from date of receipt of Techno-Commercially Clear PO.</p><p>Freight &amp; Insurance : In Buyers account. In case of transit damage you will have to claim from your insurance company.</p><p>Payment : Strictly within 7 days of receipt of material else interest will be charged @ 18 % p.a. for delayed period.</p><p>Warranty : For Pump &nbsp;Standard As Provided By Manufacturer To Be Free From Defects In Both Material &amp; Workmanship For A Period Of 12 Months From Date Of Installation Or 18 Months From Date Of Supply Whichever Is Earlier. Provided The Motor/Pump Is Installed As Per Instructions. We Shall Not Be Liable For Any Loss And Or Consequential Damages Due To Breakdown Of The Equipment Either For Repair Purpose Or Otherwise.&nbsp;</p><p>Validity : 30 Days.</p>', '52500.00', 'Converted Into Sales Order', 25, 'STL', 2, 'BE-2977', '16-17', 11, 0, '2017-03-25', '0000-00-00', '', '0000-00-00', 0, 2, '16px'),
(3, 36, 'Post Box No 35\r\nLNJ Nagar , Mordi\r\nBanswara ( Raj)', 4, 26, '2017-04-15', 'Mr. R/Nilesh Shah', '9982232902', 'Indent 7464 /7498', 'Offer for Johnson Pump with motor', 'With reference to above enquiry we are pleased to submit our quote as follows :-', 'Scope of Supply: \r\nPump with IE2 three phase  BBL / REMI make motor with coupling, \r\ncoupling guard, Foundation Bolt ,Base frame duly assemble.\r\n', '<p>Price Basis : Ex-Our Works Udaipur</p><p>Packing &amp; Forwarding : Extra @ 2%</p><p>Sales Tax : Vat Extra @ 5.5% </p><p>Excise Duty : Extra as applicable</p><p>Delivery : Within 2 to 3 weeks from date of receipt of Techno-Commercially Clear PO.</p><p>Freight &amp; Insurance : In Buyers account. In case of transit damage you will have to claim from your insurance company.</p><p>Payment : Strictly within 30 days of receipt of material else interest will be charged @ 18 % p.a. for delayed period.</p><p>Warranty : For Pump &amp; Motors\r\nStandard As Provided By Manufacturer To Be Free From Defects In Both Material &amp; Workmanship For A Period Of 12 Months From Date Of Installation Or 18 Months From Date Of Supply Whichever Is Earlier. Provided The Motor/Pump Is Installed As Per Instructions. We Shall Not Be Liable For Any Loss And Or Consequential Damages Due To Breakdown Of The Equipment Either For Repair Purpose Or Otherwise. Winding Failures Is Not Covered Under Warranty. \r\nFor Spare\r\nOnly Interchange Ability With Original Equipment Is Confirmed And Any Manufacturing Defect Is Covered.</p><p>Validity : 30 Days.</p>', '129890.00', 'Pending', 25, 'STL', 3, 'BE-2681', '16-17', 4, 0, '2017-03-25', '0000-00-00', '', '0000-00-00', 0, 3, '16px'),
(4, 40, 'Pali-Marwar-306401\r\nRajastahn', 4, 26, '2017-04-12', 'Mr. Tapasvi Vaidya', '9001099411', 'Enquiry 16181', 'Offer for Johnson Pump With Motor', 'With reference to above enquiry we are pleased to submit our quote as follows :-', 'Scope of Supply :\r\nPrice for pump with REMI / BBL Make STD. Foot mounted motor,\r\nLove Joy Coupling, Coupling Guard MS Base Frame\r\n(Motorised Unit)\r\n', '<p>Price Basis : Transporter Godown Pali</p><p>Packing &amp; Forwarding : Inclusive</p><p>Sales Tax : Vat Extra @ 5.5% </p><p>Excise Duty : Extra as applicable</p><p>Delivery : Within 2 to 3 weeks from date of receipt of Techno-Commercially Clear PO.</p><p>Freight &amp; Insurance : In Buyers account. In case of transit damage you will have to claim from your insurance company.</p><p>Payment : Strictly within 30 days of receipt of material else interest will be charged @ 18 % p.a. for delayed period.</p><p>Warranty : For Pump &amp; Motors\r\nStandard As Provided By Manufacturer To Be Free From Defects In Both Material &amp; Workmanship For A Period Of 12 Months From Date Of Installation Or 18 Months From Date Of Supply Whichever Is Earlier. Provided The Motor/Pump Is Installed As Per Instructions. We Shall Not Be Liable For Any Loss And Or Consequential Damages Due To Breakdown Of The Equipment Either For Repair Purpose Or Otherwise. Winding Failures Is Not Covered Under Warranty. \r\nFor Spare\r\nOnly Interchange Ability With Original Equipment Is Confirmed And Any Manufacturing Defect Is Covered.</p><p>Discount :  @ 7.5%</p><p>Validity : 30 Days.</p>', '58500.00', 'Converted Into Sales Order', 25, 'STL', 4, 'BE-3250', '16-17', 4, 0, '2017-03-25', '0000-00-00', '', '0000-00-00', 0, 4, '16px'),
(5, 1, 'Dariba Smelter Complex\r\nRajpura Dariba Mines\r\nDist.: Rajsamand (Raj.)\r\nPin no- 313211', 4, 1, '2017-04-12', 'Debasish Chakladar', '8003097090', 'Pump for DSC', 'Offer for Johnson Pump', 'With reference to above enquiry we are pleased to submit our quote as follows :-', '  Scope of Supply: Bare Pump', '<ol><li style="text-align: justify; ">Price Basis : Ex-Our Works Udaipur</li><li style="text-align: justify;">Packing &amp; Forwarding : Inclusive</li><li style="text-align: justify;">Sales Tax : Vat Extra @ 5.5% </li><li style="text-align: justify;">Excise Duty : Extra as applicable</li><li style="text-align: justify;">Delivery : Within 6 to 8 weeks from date of receipt of Techno-Commercially Clear PO.</li><li style="text-align: justify;">Freight &amp; Insurance : In Buyers account. In case of transit damage you will have to claim from your insurance company.</li><li style="text-align: justify;">Payment : Strictly within 30 days of receipt of material else interest will be charged @ 18 % p.a. for delayed period.</li><li style="text-align: justify;">Warranty : For Pump &amp; Motors\r\nStandard As Provided By Manufacturer To Be Free From Defects In Both Material &amp; Workmanship For A Period Of 12 Months From Date Of Installation Or 18 Months From Date Of Supply Whichever Is Earlier. Provided The Motor/Pump Is Installed As Per Instructions. We Shall Not Be Liable For Any Loss And Or Consequential Damages Due To Breakdown Of The Equipment Either For Repair Purpose Or Otherwise. Winding Failures Is Not Covered Under Warranty. \r\nFor Spare\r\nOnly Interchange Ability With Original Equipment Is Confirmed And Any Manufacturing Defect Is Covered.</li><li style="text-align: justify;">Validity : 30 Days.</li></ol>', '123000.00', 'Pending', 25, 'STL', 5, 'BE-3251', '16-17', 16, 0, '2017-03-25', '0000-00-00', '', '0000-00-00', 0, 5, '16px'),
(6, 12, 'Sindesar Khurd Mine\r\nP.O. Dariba\r\nDistt. Rajsamand', 11, 4, '2017-04-12', 'Purva Pancholi', '8003093638', 'RFQ-PR-1610001589 & 1100100683 : Requirement of PuRFQ-PR-1610001589 & 1100100683 : Requirement of Pu', 'Offer for Darling / Johnson Pump', 'With reference to above enquiry we are pleased to submit our quote as follows :-', 'Note: Price are same as per previous supply against Purchase order for \r\nItem no 1 PO No 2000038800/4100087135 Dt. 22.02.17 \r\nItem No 2 PO No. 2000035433/4100084684 Dt. 30.09.16\r\n', '<p>Price Basis : Ex-Our Works Udaipur</p><p>Packing &amp; Forwarding : Inclusive</p><p>Sales Tax : CST Extra @ 2% against form C .</p><p>Excise Duty : Extra as applicable</p><p>Delivery : Within 8 to 10 weeks from date of receipt of Techno-Commercially Clear PO.</p><p>Freight &amp; Insurance : In Buyers account. In case of transit damage you will have to claim from your insurance company.</p><p>Payment : Strictly within 30 days of receipt of material else interest will be charged @ 18 % p.a. for delayed period.</p><p style="text-align: justify; ">Warranty : For Pump &amp; Motors\r\nStandard As Provided By Manufacturer To Be Free From Defects In Both Material &amp; Workmanship For A Period Of 12 Months From Date Of Installation Or 18 Months From Date Of Supply Whichever Is Earlier. Provided The Motor/Pump Is Installed As Per Instructions. We Shall Not Be Liable For Any Loss And Or Consequential Damages Due To Breakdown Of The Equipment Either For Repair Purpose Or Otherwise. Winding Failures Is Not Covered Under Warranty. \r\nFor Spare\r\nOnly Interchange Ability With Original Equipment Is Confirmed And Any Manufacturing Defect Is Covered.</p><p>Validity : 30 Days.</p>', '65270.00', 'Pending', 25, 'STL', 6, 'BE-3156', '16-17', 16, 0, '2017-03-25', '0000-00-00', '', '0000-00-00', 0, 6, '16px'),
(7, 33, 'Unit:-LNJ Denim\r\nPost Box No 28\r\nLNJ Nagar Mordi\r\nBanswara-327001 (Raj.)', 11, 26, '2017-04-13', 'Mr. BM Pathak', '2961131661', 'RFQ for Slef Priming PumpRFQ for Slef Priming PumpRFQ for Slef Priming Pump', 'Offer for Johnson Pump With Motor', 'With reference to above enquiry we are pleased to submit our quote as follows :-', '', '<p>Price Basis : Ex-Our  Works Udaipur .</p><p>Packing &amp; Forwarding : Inclusive</p><p>Sales Tax : Vat Extra @ 5.5%   or as applicable on date of dispatch.</p><p>Excise Duty : Extra if applicable for which we shall provide you EDGP to Claim Cenvat.</p><p>Delivery : Within 6 to 8 weeks from date of receipt of Techno-Commercially clear PO.</p><p>Freight &amp; Insurance : In Buyers account. In case of transit damage you will have to Claim from your Insurance Company.</p><p>Payment : Strictly within 15 days of receipt of material else interest will be charged @ 18 % p.a. for delayed period.</p><p>Warranty : For Pump &amp; Motors Standard as provided by manufacturer to be free from defects in both material &amp; workmanship for a period of 12 months from date of installation or 18 months from date of supply whichever is earlier. Provided the Motor/Pump is installed as per instructions. We shall not be liable for any loss and or consequential damages due to breakdown of the equipment either for repair purpose or otherwise. Winding failures is not covered under warranty.&nbsp;</p><p>Validity : 30 Days.</p>', '93400.00', 'Pending', 25, 'STL', 7, 'BE-3362', '16-17', 4, 0, '2017-03-25', '0000-00-00', '', '0000-00-00', 0, 7, '16px'),
(8, 93, 'C-17,Panchwati Colony\r\nNear Bhaskar Circle,\r\nRatanada , Jodhpur -342001', 4, 1, '2017-03-27', 'Mangesh Kawade', '7742505505', 'Enquiry for Pump', 'Offer for Johnson Pump', 'With reference to above enquiry we are pleased to submit our quote as follows :-', 'Scope of Supply : Bare Pump', '<p>Price Basis : Ex-Our Works Udaipur</p><p>Packing &amp; Forwarding : NIL</p><p>Sales Tax : Vat Extra @ 5.5% </p><p>Excise Duty : Not applicalbe</p><p>Delivery : Ready Stock</p><p>Freight &amp; Insurance : In Buyers account. In case of transit damage you will have to claim from your insurance company.</p><p>Payment : 100 % Advance at the time of Dispatch.</p><p>Warranty : For Pump &amp; Motors\r\nStandard As Provided By Manufacturer To Be Free From Defects In Both Material &amp; Workmanship For A Period Of 12 Months From Date Of Installation Or 18 Months From Date Of Supply Whichever Is Earlier. Provided The Motor/Pump Is Installed As Per Instructions. We Shall Not Be Liable For Any Loss And Or Consequential Damages Due To Breakdown Of The Equipment Either For Repair Purpose Or Otherwise. Winding Failures Is Not Covered Under Warranty. \r\nFor Spare\r\nOnly Interchange Ability With Original Equipment Is Confirmed And Any Manufacturing Defect Is Covered.</p><p>Discount :  @ 5%</p><p>Validity : 30 Days.</p>', '35540.00', 'Converted Into Sales Order', 27, 'FMSL', 1, 'BE-3247', '16-17', 4, 0, '2017-03-27', '0000-00-00', '', '0000-00-00', 0, 8, '16px'),
(9, 32, 'Power Plant\r\nLNJ Nagar\r\nVillage :Mordi\r\nBanswara-327001 (Raj.)', 11, 17, '2017-04-07', 'Mr. Parveen Rawan', '9413357059', 'Enquiry No.:  12660 dated 25-03-2017', 'Offer for Mechanical Seal of ANTICO pump', 'We thank you for your valued enquiry for spares, We being authorised dealers for ANTICO Pumps are pleased to submit our offer as under :- \r\n\r\n', 'You may placed Repeat PO as per last PO No.: L 120292 dt. : 12.06.2012 \r\n\r\n', 'Price Basis : Ex-Our  Works Udaipur .<br>Packing &amp; Forwarding : Rs. 150 &nbsp;for Courier Charges<br>Sales Tax : VAT "14.5 %   or as applicable on date of dispatch.<br>Delivery : Within 2 to 3 weeks from date of receipt of Techno-Commercially clear PO.<br>Freight &amp; Insurance : In Buyers account. In case of transit damage you will have to Claim from your Insurance Company.<br>Payment : Strictly within 15 days of receipt of material else interest will be charged @ 18 % p.a. for delayed period.<br>Warranty : For Spare\r\nOnly interchange ability with original equipment is confirmed and any manufacturing defect is covered.<br>Validity : 30 Days.<br>', '19000.00', 'Pending', 25, 'STL', 8, 'BE-2959', '16-17', 11, 0, '2017-03-28', '0000-00-00', '', '0000-00-00', 0, 9, '16px'),
(10, 53, 'United Spirits Ltd.\r\nUdaisagar Road,\r\nUdaipur-313003', 15, 1, '2017-04-18', 'Mr. Bhavesh Pandya', '2942492333', 'As per your verbal enquiry.', 'Quote for Jhonson pump.', 'With reference to above enquiry we are pleased to submit our quote as follows :-', '', 'Price Basis : Ex-Our  Works Udaipur .<br>Packing &amp; Forwarding : Extra @  %<br>Sales Tax : Vat Extra @ 5.5%   or as applicable on date of dispatch.<br>Excise Duty : Extra if applicable for which we shall provide you EDGP to Claim Cenvat.<br>Delivery : Within 2 to 3 weeks from date of receipt of Techno-Commercially clear PO.<br>Freight &amp; Insurance : In Buyers account. In case of transit damage you will have to Claim from your Insurance Company.<br>Payment : Strictly within 30 days of receipt of material else interest will be charged @ 18 % p.a. for delayed period.<br>Warranty : For Pump &amp; Motors\r\nStandard as provided by manufacturer to be free from defects in both material &amp; workmanship for a period of 12 months from date of installation or 18 months from date of supply whichever is earlier. Provided the Motor/Pump is installed as per instructions. We shall not be liable for any loss and or consequential damages due to breakdown of the equipment either for repair purpose or otherwise. Winding failures is not covered under warranty. \r\nFor Spare\r\nOnly interchange ability with original equipment is confirmed and any manufacturing defect is covered.<br>Discount :  @ % on quoted price.<br>Validity : 30 Days.<br>', '22000.00', 'Pending', 25, 'STL', 9, 'BE-2454', '16-17', 12, 0, '2017-03-28', '0000-00-00', '', '0000-00-00', 0, 10, '16px'),
(11, 65, 'Carlsberg India Pvt. Ltd.\r\nPlot# SP1 to & B5 to 8 Agro Park, M.I.A. (Extensio )\r\nAlwar-301030 (Raj.)', 15, 1, '2017-04-20', 'Mr. Amit Yadav', '8266921599', 'As per your email enquiry dated 29.11.2016', 'Qoute for johnson pump.', 'With reference to above enquiry we are pleased to submit our quote as follows :-', '', 'Price Basis : Ex-Our  Works Udaipur .<br>Packing &amp; Forwarding : Extra @  %<br>Sales Tax : Vat Extra @ 5.5%   or as applicable on date of dispatch.<br>Excise Duty : Extra if applicable for which we shall provide you EDGP to Claim Cenvat.<br>Delivery : Within 2 to 3 weeks from date of receipt of Techno-Commercially clear PO.<br>Freight &amp; Insurance : In Buyers account. In case of transit damage you will have to Claim from your Insurance Company.<br>Payment : Strictly within 30 days of receipt of material else interest will be charged @ 18 % p.a. for delayed period.<br>Warranty : For Pump &amp; Motors\r\nStandard as provided by manufacturer to be free from defects in both material &amp; workmanship for a period of 12 months from date of installation or 18 months from date of supply whichever is earlier. Provided the Motor/Pump is installed as per instructions. We shall not be liable for any loss and or consequential damages due to breakdown of the equipment either for repair purpose or otherwise. Winding failures is not covered under warranty. \r\nFor Spare\r\nOnly interchange ability with original equipment is confirmed and any manufacturing defect is covered.<br>Discount :  @ % on quoted price.<br>Validity : 30 Days.<br>', '225000.00', 'Pending', 25, 'STL', 10, 'BE-2748', '16-17', 12, 0, '2017-03-28', '0000-00-00', '', '0000-00-00', 0, 11, '16px'),
(12, 65, 'Plot# SP1 to & B5 to 8 Agro Park, M.I.A. (Extension )\r\nAlwar-301030 (Raj.)', 15, 1, '2017-04-20', 'Mr. Amit Yadav', '8266921599', 'As per your email enquiry dated 29.11.2016', 'Qoute for johnson pump.', 'With reference to above enquiry we are pleased to submit our quote as follows :-', '', '\r\n					Price Basis : Ex-Our  Works Udaipur .<br>Packing &amp; Forwarding : Extra @  %<br>Sales Tax : Vat Extra @ 5.5%   or as applicable on date of dispatch.<br>Excise Duty : Extra if applicable for which we shall provide you EDGP to Claim Cenvat.<br>Delivery : Within 2 to 3 weeks from date of receipt of Techno-Commercially clear PO.<br>Freight &amp; Insurance : In Buyers account. In case of transit damage you will have to Claim from your Insurance Company.<br>Payment : Strictly within 30 days of receipt of material else interest will be charged @ 18 % p.a. for delayed period.<br>Warranty : For Pump &amp; Motors\r\nStandard as provided by manufacturer to be free from defects in both material &amp; workmanship for a period of 12 months from date of installation or 18 months from date of supply whichever is earlier. Provided the Motor/Pump is installed as per instructions. We shall not be liable for any loss and or consequential damages due to breakdown of the equipment either for repair purpose or otherwise. Winding failures is not covered under warranty. \r\nFor Spare\r\nOnly interchange ability with original equipment is confirmed and any manufacturing defect is covered.<br>Discount :  @ % on quoted price.<br>Validity : 30 Days.<br>\r\n				', '225000.00', 'Pending', 25, 'STL', 10, 'BE-2748', '16-17', 12, 0, '2017-03-28', '0000-00-00', '', '0000-00-00', 1, 11, '16px'),
(13, 53, 'Udaisagar Road,\r\nUdaipur-313003', 15, 1, '2017-04-18', 'Mr. Bhavesh Pandya', '7742200666', 'As per your verbal enquiry.', 'Quote for Jhonson pump.', 'With reference to above enquiry we are pleased to submit our quote as follows :-', '', '<ol><li style="text-align: justify;">Price Basis : Ex-Our  Works Udaipur .</li><li style="text-align: justify;">Packing &amp; Forwarding : Extra @ 2%</li><li style="text-align: justify;">Sales Tax : Vat Extra @ 5.5%   or as applicable on date of dispatch.</li><li style="text-align: justify;">Delivery : Within 2 to 3 weeks from date of receipt of Techno-Commercially clear PO.</li><li style="text-align: justify;">Freight &amp; Insurance : In Buyers account. In case of transit damage you will have to Claim from your Insurance Company.</li><li style="text-align: justify;">Payment : Strictly within 30 days of receipt of material else interest will be charged @ 18 % p.a. for delayed period.</li><li style="text-align: justify;">Warranty : For Pump &amp; Motors\r\nStandard as provided by manufacturer to be free from defects in both material &amp; workmanship for a period of 12 months from date of installation or 18 months from date of supply whichever is earlier. Provided the Motor/Pump is installed as per instructions. We shall not be liable for any loss and or consequential damages due to breakdown of the equipment either for repair purpose or otherwise.&nbsp;</li><li style="text-align: justify;">Validity : 30 Days.</li></ol>', '22000.00', 'Pending', 25, 'STL', 9, 'BE-2454', '16-17', 15, 0, '2017-03-28', '0000-00-00', '', '0000-00-00', 1, 10, '16px'),
(14, 70, 'SPL 1, Tapukara Industrial Area, Khuskhera-301707\r\nDistt-Alwar', 15, 5, '2017-04-20', 'Mr. Shivender Pandey', '8800283377', 'As per your verbal enquiry.', 'Quote for Antico pump.', 'With reference to above enquiry we are pleased to submit our quote as follows :-', '', 'Price Basis : Ex-Our  Works Udaipur .<br>Packing &amp; Forwarding : Extra @  %<br>Sales Tax : Vat Extra @ 5.5%   or as applicable on date of dispatch.<br>Excise Duty : Extra if applicable for which we shall provide you EDGP to Claim Cenvat.<br>Delivery : Within 2 to 3 weeks from date of receipt of Techno-Commercially clear PO.<br>Freight &amp; Insurance : In Buyers account. In case of transit damage you will have to Claim from your Insurance Company.<br>Payment : Strictly within 30 days of receipt of material else interest will be charged @ 18 % p.a. for delayed period.<br>Warranty : For Pump &amp; Motors\r\nStandard as provided by manufacturer to be free from defects in both material &amp; workmanship for a period of 12 months from date of installation or 18 months from date of supply whichever is earlier. Provided the Motor/Pump is installed as per instructions. We shall not be liable for any loss and or consequential damages due to breakdown of the equipment either for repair purpose or otherwise. Winding failures is not covered under warranty. \r\nFor Spare\r\nOnly interchange ability with original equipment is confirmed and any manufacturing defect is covered.<br>Discount :  @ % on quoted price.<br>Validity : 30 Days.<br>', '50000.00', 'Pending', 25, 'STL', 11, 'BE-3255', '16-17', 12, 0, '2017-03-28', '0000-00-00', '', '0000-00-00', 0, 14, '16px'),
(15, 55, 'SP-923, RICCO Phase-III, P.O.Bhiwadi-301019', 15, 4, '2017-04-18', 'Mr. Manoj Gupta', '1493220075', 'As per your verbal enquiry.', 'Quote for Darling pump.', 'With reference to above enquiry we are pleased to submit our quote as follows :-', '', 'Price Basis : Ex-Our  Works Udaipur .<br>Packing &amp; Forwarding : Extra @  %<br>Sales Tax : Vat Extra @ 5.5%   or as applicable on date of dispatch.<br>Excise Duty : Extra if applicable for which we shall provide you EDGP to Claim Cenvat.<br>Delivery : Within 2 to 3 weeks from date of receipt of Techno-Commercially clear PO.<br>Freight &amp; Insurance : In Buyers account. In case of transit damage you will have to Claim from your Insurance Company.<br>Payment : Strictly within 30 days of receipt of material else interest will be charged @ 18 % p.a. for delayed period.<br>Warranty : For Pump &amp; Motors\r\nStandard as provided by manufacturer to be free from defects in both material &amp; workmanship for a period of 12 months from date of installation or 18 months from date of supply whichever is earlier. Provided the Motor/Pump is installed as per instructions. We shall not be liable for any loss and or consequential damages due to breakdown of the equipment either for repair purpose or otherwise. Winding failures is not covered under warranty. \r\nFor Spare\r\nOnly interchange ability with original equipment is confirmed and any manufacturing defect is covered.<br>Discount :  @ % on quoted price.<br>Validity : 30 Days.<br>', '100000.00', 'Pending', 25, 'STL', 12, 'BE-2839', '16-17', 12, 0, '2017-03-28', '0000-00-00', '', '0000-00-00', 0, 15, '16px'),
(16, 74, 'Plot No. SP 290-292, RICCO Industrial Area, Phase-VII, Chopanki,Bhiwadi,\r\nAlwar-301019', 15, 1, '2017-04-20', 'Mr. Nitin Tiwari', '1493302765', 'As per your verbal enquiry. ', 'Quote for Johnson pump.', 'With reference to above enquiry we are pleased to submit our quote as follows :-', '', 'Price Basis : Ex-Our  Works Udaipur .<br>Packing &amp; Forwarding : Extra @  %<br>Sales Tax : Vat Extra @ 5.5%   or as applicable on date of dispatch.<br>Excise Duty : Extra if applicable for which we shall provide you EDGP to Claim Cenvat.<br>Delivery : Within 2 to 3 weeks from date of receipt of Techno-Commercially clear PO.<br>Freight &amp; Insurance : In Buyers account. In case of transit damage you will have to Claim from your Insurance Company.<br>Payment : Strictly within 30 days of receipt of material else interest will be charged @ 18 % p.a. for delayed period.<br>Warranty : For Pump &amp; Motors\r\nStandard as provided by manufacturer to be free from defects in both material &amp; workmanship for a period of 12 months from date of installation or 18 months from date of supply whichever is earlier. Provided the Motor/Pump is installed as per instructions. We shall not be liable for any loss and or consequential damages due to breakdown of the equipment either for repair purpose or otherwise. Winding failures is not covered under warranty. \r\nFor Spare\r\nOnly interchange ability with original equipment is confirmed and any manufacturing defect is covered.<br>Discount :  @ % on quoted price.<br>Validity : 30 Days.<br>', '75000.00', 'Pending', 25, 'STL', 13, 'BE-3272', '16-17', 12, 0, '2017-03-28', '0000-00-00', '', '0000-00-00', 0, 16, '16px'),
(17, 59, '7J 4,RC Vyas Colony,\r\nBhilwara', 15, 1, '2017-04-18', 'Mr. Sanjeev Ji', '9351734430', 'As per your verbal enquiry.', 'Quote for Johnson pump.', 'With reference to above enquiry we are pleased to submit our quote as follows :-', '', 'Price Basis : Ex-Our  Works Udaipur .<br>Packing &amp; Forwarding : Extra @  %<br>Sales Tax : Vat Extra @ 5.5%   or as applicable on date of dispatch.<br>Excise Duty : Extra if applicable for which we shall provide you EDGP to Claim Cenvat.<br>Delivery : Within 2 to 3 weeks from date of receipt of Techno-Commercially clear PO.<br>Freight &amp; Insurance : In Buyers account. In case of transit damage you will have to Claim from your Insurance Company.<br>Payment : Strictly within 30 days of receipt of material else interest will be charged @ 18 % p.a. for delayed period.<br>Warranty : For Pump &amp; Motors\r\nStandard as provided by manufacturer to be free from defects in both material &amp; workmanship for a period of 12 months from date of installation or 18 months from date of supply whichever is earlier. Provided the Motor/Pump is installed as per instructions. We shall not be liable for any loss and or consequential damages due to breakdown of the equipment either for repair purpose or otherwise. Winding failures is not covered under warranty. \r\nFor Spare\r\nOnly interchange ability with original equipment is confirmed and any manufacturing defect is covered.<br>Discount :  @ % on quoted price.<br>Validity : 30 Days.<br>', '44000.00', 'Pending', 25, 'STL', 14, 'BE-3148', '16-17', 12, 0, '2017-03-28', '0000-00-00', '', '0000-00-00', 0, 17, '16px'),
(18, 65, 'Plot# SP1 to & B5 to 8 \r\nAgro Park, \r\nM.I.A. (Extension )\r\nAlwar-301030 (Raj.)', 15, 1, '2017-04-20', 'Mr. Amit Yadav', '8266921599', 'As per your email enquiry dated 29.11.2016', 'Qoute for johnson pump.', 'With reference to above enquiry we are pleased to submit our quote as follows :-', '', '<ol><li style="text-align: justify;">Price Basis : Ex-Our  Works Udaipur .</li><li style="text-align: justify;">Packing &amp; Forwarding : Extra @  %</li><li style="text-align: justify;">Sales Tax : Vat Extra @ 5.5%   or as applicable on date of dispatch.</li><li style="text-align: justify;">Excise Duty : Extra if applicable for which we shall provide you EDGP to Claim Cenvat.</li><li style="text-align: justify;">Delivery : Within 2 to 3 weeks from date of receipt of Techno-Commercially clear PO.</li><li style="text-align: justify;">Freight &amp; Insurance : In Buyers account. In case of transit damage you will have to Claim from your Insurance Company.</li><li style="text-align: justify;">Payment : Strictly within 30 days of receipt of material else interest will be charged @ 18 % p.a. for delayed period.</li><li style="text-align: justify;">Warranty : For Pump &amp; Motors\r\nStandard as provided by manufacturer to be free from defects in both material &amp; workmanship for a period of 12 months from date of installation or 18 months from date of supply whichever is earlier. Provided the Motor/Pump is installed as per instructions. We shall not be liable for any loss and or consequential damages due to breakdown of the equipment either for repair purpose or otherwise. Winding failures is not covered under warranty. \r\nFor Spare\r\nOnly interchange ability with original equipment is confirmed and any manufacturing defect is covered.</li><li style="text-align: justify;">Discount :  @ % on quoted price.</li><li style="text-align: justify;">Validity : 30 Days.</li></ol>\r\n				\r\n				', '225000.00', 'Pending', 25, 'STL', 10, 'BE-2748', '16-17', 12, 0, '2017-03-28', '0000-00-00', '', '0000-00-00', 2, 11, '16px'),
(19, 59, '7J 4,RC Vyas Colony,\r\nBhilwara', 15, 1, '2017-04-18', 'Mr. Sanjeev Ji', '9351734430', 'As per your verbal enquiry.', 'Quote for Johnson pump.', 'With reference to above enquiry we are pleased to submit our quote as follows :-', '', '\r\n					Price Basis : Ex-Our  Works Udaipur .<br>Packing &amp; Forwarding : Extra @  %<br>Sales Tax : Vat Extra @ 5.5%   or as applicable on date of dispatch.<br>Excise Duty : Extra if applicable for which we shall provide you EDGP to Claim Cenvat.<br>Delivery : Within 2 to 3 weeks from date of receipt of Techno-Commercially clear PO.<br>Freight &amp; Insurance : In Buyers account. In case of transit damage you will have to Claim from your Insurance Company.<br>Payment : Strictly within 30 days of receipt of material else interest will be charged @ 18 % p.a. for delayed period.<br>Warranty : For Pump &amp; Motors\r\nStandard as provided by manufacturer to be free from defects in both material &amp; workmanship for a period of 12 months from date of installation or 18 months from date of supply whichever is earlier. Provided the Motor/Pump is installed as per instructions. We shall not be liable for any loss and or consequential damages due to breakdown of the equipment either for repair purpose or otherwise. Winding failures is not covered under warranty. \r\nFor Spare\r\nOnly interchange ability with original equipment is confirmed and any manufacturing defect is covered.<br>Discount :  @ % on quoted price.<br>Validity : 30 Days.<br>\r\n				', '44000.00', 'Pending', 25, 'STL', 14, 'BE-3148', '16-17', 12, 0, '2017-03-28', '0000-00-00', '', '0000-00-00', 1, 17, '16px'),
(20, 74, 'Plot No. SP 290-292, RICCO Industrial Area, Phase-VII, Chopanki,Bhiwadi,\r\nAlwar-301019', 15, 1, '2017-04-20', 'Mr. Nitin Tiwari', '1493302765', 'As per your verbal enquiry. ', 'Quote for Johnson pump.', 'With reference to above enquiry we are pleased to submit our quote as follows :-', '', '\r\n					Price Basis : Ex-Our  Works Udaipur .<br>Packing &amp; Forwarding : Extra @  %<br>Sales Tax : Vat Extra @ 5.5%   or as applicable on date of dispatch.<br>Excise Duty : Extra if applicable for which we shall provide you EDGP to Claim Cenvat.<br>Delivery : Within 2 to 3 weeks from date of receipt of Techno-Commercially clear PO.<br>Freight &amp; Insurance : In Buyers account. In case of transit damage you will have to Claim from your Insurance Company.<br>Payment : Strictly within 30 days of receipt of material else interest will be charged @ 18 % p.a. for delayed period.<br>Warranty : For Pump &amp; Motors\r\nStandard as provided by manufacturer to be free from defects in both material &amp; workmanship for a period of 12 months from date of installation or 18 months from date of supply whichever is earlier. Provided the Motor/Pump is installed as per instructions. We shall not be liable for any loss and or consequential damages due to breakdown of the equipment either for repair purpose or otherwise. Winding failures is not covered under warranty. \r\nFor Spare\r\nOnly interchange ability with original equipment is confirmed and any manufacturing defect is covered.<br>Discount :  @ % on quoted price.<br>Validity : 30 Days.<br>\r\n				', '75000.00', 'Pending', 25, 'STL', 13, 'BE-3272', '16-17', 12, 0, '2017-03-28', '0000-00-00', '', '0000-00-00', 1, 16, '16px'),
(21, 30, 'Village -Khapradig ,Teh :-Simga\r\nBhatapara ,Baloda Bazar Raipur -493332\r\nChattisgarh', 11, 2, '2017-04-10', 'Mr. Shadaab Alam Rizvi', '8349301232', 'Rfq No. 565369', 'Offer for Tushaco make Pump', 'We are thank you for your enquiry for Pump and we being authorized dealer of Tushaco \r\nPumps are pleased to submit our offer as under:\r\n', 'Please confirm pump serial No. while placing purchase order.', 'Price Basis : Transporter Godown Raipur .<br>Packing &amp; Forwarding : Inclusive<br>Sales Tax : CST Extra @ 2% against form C.<br>Excise Duty : Extra if applicable for which we shall provide you EDGP to Claim Cenvat.<br>Delivery : Within 8 to 10 weeks from date of receipt of Techno-Commercially clear PO.<br>Freight &amp; Insurance : In Buyers account. In case of transit damage you will have to Claim from your Insurance Company.<br>Payment : Strictly within 30 days of receipt of material else interest will be charged @ 18 % p.a. for delayed period.<br>Warranty : For Pump &amp; Motors\r\nStandard as provided by manufacturer to be free from defects in both material &amp; workmanship for a period of 12 months from date of installation or 18 months from date of supply whichever is earlier. Provided the Motor/Pump is installed as per instructions. We shall not be liable for any loss and or consequential damages due to breakdown of the equipment either for repair purpose or otherwise. Winding failures is not covered under warranty..<br>Discount :  @ 20% on quoted price.<br>Validity : 30 Days.<br>', '106250.00', 'Converted Into Sales Order', 25, 'STL', 15, 'DC-1', '16-17', 4, 0, '2017-03-28', '0000-00-00', '', '0000-00-00', 0, 21, '16px'),
(22, 55, 'SP-923, RICCO Phase-III,\r\nP.O.Bhiwadi-301019', 15, 4, '2017-04-18', 'Mr. Manoj Gupta', '1493220075', 'As per your verbal enquiry.', 'Quote for Darling pump.', 'With reference to above enquiry we are pleased to submit our quote as follows :-', '', '\r\n					Price Basis : Ex-Our  Works Udaipur .<br>Packing &amp; Forwarding : Extra @  %<br>Sales Tax : Vat Extra @ 5.5%   or as applicable on date of dispatch.<br>Excise Duty : Extra if applicable for which we shall provide you EDGP to Claim Cenvat.<br>Delivery : Within 2 to 3 weeks from date of receipt of Techno-Commercially clear PO.<br>Freight &amp; Insurance : In Buyers account. In case of transit damage you will have to Claim from your Insurance Company.<br>Payment : Strictly within 30 days of receipt of material else interest will be charged @ 18 % p.a. for delayed period.<br>Warranty : For Pump &amp; Motors\r\nStandard as provided by manufacturer to be free from defects in both material &amp; workmanship for a period of 12 months from date of installation or 18 months from date of supply whichever is earlier. Provided the Motor/Pump is installed as per instructions. We shall not be liable for any loss and or consequential damages due to breakdown of the equipment either for repair purpose or otherwise. Winding failures is not covered under warranty. \r\nFor Spare\r\nOnly interchange ability with original equipment is confirmed and any manufacturing defect is covered.<br>Discount :  @ % on quoted price.<br>Validity : 30 Days.<br>\r\n				', '100000.00', 'Pending', 25, 'STL', 12, 'BE-2839', '16-17', 12, 0, '2017-03-28', '0000-00-00', '', '0000-00-00', 1, 15, '16px'),
(23, 70, 'SPL 1, Tapukara Industrial Area, Khuskhera-301707\r\nDistt-Alwar', 15, 5, '2017-04-20', 'Mr. Shivender Pandey', '8800283377', 'As per your verbal enquiry.', 'Quote for Antico pump.', 'With reference to above enquiry we are pleased to submit our quote as follows :-', '', '\r\n					Price Basis : Ex-Our  Works Udaipur .<br>Packing &amp; Forwarding : Extra @  %<br>Sales Tax : Vat Extra @ 5.5%   or as applicable on date of dispatch.<br>Excise Duty : Extra if applicable for which we shall provide you EDGP to Claim Cenvat.<br>Delivery : Within 2 to 3 weeks from date of receipt of Techno-Commercially clear PO.<br>Freight &amp; Insurance : In Buyers account. In case of transit damage you will have to Claim from your Insurance Company.<br>Payment : Strictly within 30 days of receipt of material else interest will be charged @ 18 % p.a. for delayed period.<br>Warranty : For Pump &amp; Motors\r\nStandard as provided by manufacturer to be free from defects in both material &amp; workmanship for a period of 12 months from date of installation or 18 months from date of supply whichever is earlier. Provided the Motor/Pump is installed as per instructions. We shall not be liable for any loss and or consequential damages due to breakdown of the equipment either for repair purpose or otherwise. Winding failures is not covered under warranty. \r\nFor Spare\r\nOnly interchange ability with original equipment is confirmed and any manufacturing defect is covered.<br>Discount :  @ % on quoted price.<br>Validity : 30 Days.<br>\r\n				', '50000.00', 'Pending', 25, 'STL', 11, 'BE-3255', '16-17', 12, 0, '2017-03-28', '0000-00-00', '', '2017-03-29', 1, 14, '16px'),
(24, 15, '(Unit of J.K. Cement Ltd.)\r\nKailash nagar \r\nNimbahera - 312617', 15, 34, '2017-04-18', 'Ajay Raj Vaishnav', '9799039255', 'As per your email enquiry.', 'Quote for cooling unit', 'With reference to above enquiry we are pleased to submit our quote as follows :-', '', '<ol><li style="text-align: justify;">Price Basis : Ex-Our  Works Udaipur .</li><li style="text-align: justify;">Packing &amp; Forwarding : Extra @  %</li><li style="text-align: justify;">Sales Tax : Vat Extra @ 5.5%   or as applicable on date of dispatch.</li><li style="text-align: justify;">Excise Duty : Extra if applicable for which we shall provide you EDGP to Claim Cenvat.</li><li style="text-align: justify;">Delivery : Within 2 to 3 weeks from date of receipt of Techno-Commercially clear PO.</li><li style="text-align: justify;">Freight &amp; Insurance : In Buyers account. In case of transit damage you will have to Claim from your Insurance Company.</li><li style="text-align: justify;">Payment : Strictly within 30 days of receipt of material else interest will be charged @ 18 % p.a. for delayed period.</li><li style="text-align: justify;">Warranty : For Pump &amp; Motors\r\nStandard as provided by manufacturer to be free from defects in both material &amp; workmanship for a period of 12 months from date of installation or 18 months from date of supply whichever is earlier. Provided the Motor/Pump is installed as per instructions. We shall not be liable for any loss and or consequential damages due to breakdown of the equipment either for repair purpose or otherwise. Winding failures is not covered under warranty. \r\nFor Spare\r\nOnly interchange ability with original equipment is confirmed and any manufacturing defect is covered.</li><li style="text-align: justify;">Discount :  @ % on quoted price.</li><li style="text-align: justify;">Validity : 30 Days.</li></ol>', '49000.00', 'Pending', 25, 'STL', 16, 'BE-3311', '16-17', 15, 0, '2017-03-28', '0000-00-00', '', '0000-00-00', 0, 24, '16px'),
(25, 95, 'Chanderai Lead Zinc Smelter,\r\nChittorgarh-312021', 11, 5, '2017-04-14', 'Mr PC Pareek', '9928013967', 'PR. No. 1100098785', 'Offer for Antico make Pump', 'We are thank you for your enquiry for pump and we being authorized dealer of  \r\nAntico Pumps are pleased to submit our offer as under\r\n', '', 'Price Basis : EX-Transporter Godown Chittorgarh.<br>Packing &amp; Forwarding : Inclusive<br>Sales Tax : Vat Extra @ 14.5%   or as applicable on date of dispatch.<br>Excise Duty : Extra as applicable for which we shall provide you EDGP to Claim Cenvat.<br>Delivery : Within 6 to 8 weeks from date of receipt of Techno-Commercially clear PO.<br>Freight &amp; Insurance : In Buyers account. In case of transit damage you will have to Claim from your Insurance Company.<br>Payment : Strictly within 30 days of receipt of material else interest will be charged @ 18 % p.a. for delayed period.<br>Warranty : For Pump &amp; Motors\r\nStandard as provided by manufacturer to be free from defects in both material &amp; workmanship for a period of 12 months from date of installation or 18 months from date of supply whichever is earlier. Provided the Motor/Pump is installed as per instructions. We shall not be liable for any loss and or consequential damages due to breakdown of the equipment either for repair purpose or otherwise. Winding failures is not covered under warranty.&nbsp;<br>Validity : 30 Days.<br>', '24500.00', 'Pending', 25, 'STL', 17, 'DC-3', '16-17', 4, 0, '2017-03-29', '0000-00-00', '', '0000-00-00', 0, 25, '16px'),
(26, 86, 'SP-86, NIC (M), RIICO Industrial Area, Phase -II \r\nNeemrana , Alwar - 301 705 , Rajasthan ', 15, 16, '2017-04-01', 'Mr. Sachin Sharma', '7073720222', 'Your verbal enquiry dated 28.03.2017.', 'Quote for Johnson Pump Spares', 'With reference to above enquiry we are pleased to submit our quote as follows :-', '', '<ol><li style="text-align: justify;">Price Basis &nbsp; : Ex-Our  Works Udaipur .</li><li style="text-align: justify;">Packing &amp; Forwarding : Extra @ 2%</li><li style="text-align: justify;">Sales Tax &nbsp; &nbsp; &nbsp; : Vat Extra @ 5.5%   or as applicable on date of dispatch.</li><li style="text-align: justify;">Delivery &nbsp; &nbsp; &nbsp; &nbsp;: Within 2 to 3 weeks from date of receipt of Techno-Commercially clear PO.</li><li style="text-align: justify;">Freight &amp; Insurance : In Buyers account. In case of transit damage you will have to Claim from your Insurance Company.</li><li style="text-align: justify;">Payment &nbsp; &nbsp; &nbsp; : Strictly within 30 days of receipt of material else interest will be charged @ 18 % p.a. for delayed period.</li><li style="text-align: justify;">Validity &nbsp; &nbsp; &nbsp; &nbsp; &nbsp;: 30 Days.</li></ol>', '1200.00', 'Pending', 25, 'STL', 18, 'BE-3331', '16-17', 16, 0, '2017-03-29', '0000-00-00', '', '0000-00-00', 0, 26, '16px'),
(27, 96, 'RSPL Group, Plot No.119-121, Block P&T, Kalpi Road, Fazalganj, Kanpur-208012 (UP)\r\n\r\n', 15, 16, '2017-04-01', 'Mr. Akshay Agarwal ', '7318214777', 'As per your email enquiry dated 27.03.2017', 'Quote for Johnson Pump Spares', 'We being an exclusive accredited Dealer for JOHNSON Pumps, are pleased to submit an offer as under:-', '', 'Price Basis : Ex-Our  Works Udaipur .<br>Packing &amp; Forwarding : Extra @ 2%<br>Sales Tax : 2% CST extra agts C form &nbsp;or as applicable on date of dispatch.<br>Delivery &nbsp;: Within 2 to 3 weeks from date of receipt of Techno-Commercially clear PO.<br>Freight &amp; Insurance : In Buyers account. In case of transit damage you will have to Claim from your Insurance Company.<br>Payment : Strictly within 30 days of receipt of material else interest will be charged @ 18 % p.a. for delayed period.<br>Warranty : &nbsp;For Spare\r\nOnly interchange ability with original equipment is confirmed and any manufacturing defect is covered.<br>Discount : 5 % on quoted price.<br>Validity : 30 Days.<br>', '9360.00', 'Pending', 27, 'FMSL', 2, 'DC-6', '16-17', 15, 0, '2017-03-29', '0000-00-00', '', '0000-00-00', 0, 27, '16px'),
(28, 77, '19 KM Stone, Bhiwadi -Alwar Road,\r\nVill-Gailpur ( Bhiwadi ) - 301707', 15, 1, '2017-04-14', 'Mr. Shiv Kumar Ji', '9680449223', 'As per per your email enquiry dated 28.03.2017', 'Quote for Johnson Pump', 'We being an exclusive accredited Dealer for JOHNSON Pumps in the state of Rajasthan, are pleased to submit an offer as under:', 'Note : Item 1 You may please place repeat order your PO no. 14/00001803 dated 03.12.2015.', '<ol><li style="text-align: justify;">Price Basis : Ex-Our  Works Udaipur .</li><li style="text-align: justify;">Packing &amp; Forwarding : Extra @ 2 %</li><li style="text-align: justify;">Sales Tax : Vat Extra @ 5.5%   or as applicable on date of dispatch.</li><li style="text-align: justify;">Excise Duty : Extra as applicable for which we shall provide you EDGP to Claim Cenvat.</li><li style="text-align: justify;">Delivery : Within 2 to 3 weeks from date of receipt of Techno-Commercially clear PO.</li><li style="text-align: justify;">Freight &amp; Insurance : In Buyers account. In case of transit damage you will have to Claim from your Insurance Company.</li><li style="text-align: justify;">Payment : Strictly within 30 days of receipt of material else interest will be charged @ 18 % p.a. for delayed period.</li><li style="text-align: justify;">Warranty : For Pump &amp; Motors\r\nStandard as provided by manufacturer to be free from defects in both material &amp; workmanship for a period of 12 months from date of installation or 18 months from date of supply whichever is earlier. Provided the Motor/Pump is installed as per instructions. We shall not be liable for any loss and or consequential damages due to breakdown of the equipment either for repair purpose or otherwise. Winding failures is not covered under warranty.&nbsp;</li><li style="text-align: justify;">Validity : 30 Days.</li></ol>', '124000.00', 'Pending', 25, 'STL', 19, 'BE-3186', '16-17', 16, 0, '2017-03-29', '0000-00-00', '', '0000-00-00', 0, 28, '16px');
INSERT INTO `quotations` (`id`, `customer_id`, `customer_address`, `employee_id`, `item_group_id`, `finalisation_date`, `customer_for_attention`, `customer_contact_no`, `enquiry_no`, `subject`, `text`, `additional_note`, `terms_conditions`, `total`, `status`, `company_id`, `qt1`, `qt2`, `qt3`, `qt4`, `created_by`, `edited_by`, `created_on`, `edited_on`, `reason`, `closing_date`, `revision`, `quotation_id`, `pdf_font_size`) VALUES
(29, 97, 'The Executive Engineer ( O&M/Ph-I)\r\nGeneration Circle,Vidhyut nagar\r\nBanswara-327001', 11, 4, '2017-05-28', 'Mr Manish', '9413348292', 'Enquiry No. RRVUNLDGN (O&MiPH-II)/BGN20L6-17/F./D1313 Dt. 09.03.17', 'Budgetary Quotation for supply of Clear Water Dewatering submersible pump set for Mahi Power House II,Bagidora', 'We thank you for your above referred enquiry  and we being EXCLUSIVE AUTHORISED DEALER for DARLING PUMPS AND SPARES in the State of Rajasthan, are pleased to submit an offer as under :-\r\n\r\nDARLING SINKO BLOC (SUBMERSIBLE MONO BLOC) PUMPSETS comprising of Fluid tight leak proof motor designed for 320/440 volts. AC supply, filled with oil for effective cooling and life long lubrication of heavy duty Ball Bearings and Mechanical Seal provided in the Motor. Pump Motor assembly no foundation, no foot valve or suction pipe. Unit is self-priming, self-standing and portable.\r\nPump should have special PVC insulated winding .Pump should be diffuser design Mechanical Seal working in oil bath. Pump should have top discharge and suction will be between of pump and motor.\r\nHeight & width of pump should not be more that 1000 mm and 325 mm. Minimum submergence should not be more than 595 mm. Weight of pump-motor assembly should not be more that 230 KG\r\n', 'For installation, Commissioning, Testing Charges  will be extra @ 10000/- for each pump set.', '<div>Quoted prices are firm and Ex Our Works, Udaipur</div><div>P &amp; F Charges extra @ 2 % of basic value.</div><div>Freight to RRVUNL Account .( Maximum &nbsp;0.5% of Value of Order.)VAT @ 5.50 % or as applicable at date of dispatch will be charged on the amount or any other tax as applicable on such contracts at such date of dispatch. Service Tax Nil as we are</div><div>Exempt currently.</div><div>We agree for late delivery clause @ 0.25 % for each week and recovery of amount will be limited to 3 % of basic order value of delayed / undelivered material.</div><div>Date of LR / GTR shall be treated as date of delivery.</div><div>We accept payment terms as usual to negotiate 90% value of the consignment through bank and balance 10% payment to be paid within 30 days from the date of dispatch of material.&nbsp;</div><div>&nbsp;In case if you wish to receive the material on freight paid basis than we shall book material till nearest transporter godown on Freight Paid basis and actual freight amount shall be paid to us against documentary proof. &nbsp;Freight amount will not be more than 4 % on total order value including P &amp; F charges and taxes.</div><div>Authorization certificate attached from DARLING Pumps.</div><div>We confirm to accept visual pre dispatch inspection at our works at Udaipur.</div><div>We shall provide you test &amp; performance certificates for pump.</div><div>We regret to accept part order.</div><div>Insurance will be arranged by RVUNL at your cost and we shall intimate dispatch details to you immediately after dispatch of material.</div><div>We accept standard guarantee as provided by manufacturer for 12 months from date of installation and 18 months from date of supply.</div><div>We agree to execute contract agreement on non judicial stamp paper as per Rajasthan Government rules.</div><div>Delivery period shall be 16 to 18 weeks from the date of acceptance of purchase order. Date of LR / GTR to be treated as date of dispatch.</div><div>Price validity shall be upto 30.06.2017&nbsp;</div><div><br></div><div>Further to the above, we confirm that the prices offered by us as a AUTHORISED DEALER of DARLING pump and spares are the same as being charged from private or other Govt. / Public Sector Undertakings. &nbsp;We hope you will find our offer to suit your requirement and look forward to have your valued purchase order.</div>', '440000.00', 'Pending', 25, 'STL', 20, 'DC-5', '16-17', 4, 0, '2017-03-29', '0000-00-00', '', '0000-00-00', 0, 29, '16px'),
(30, 43, '25, Rajasthan Project\r\nA.O. Building Barsingsar-334402\r\nBikaner (Raj.)', 11, 15, '2017-05-28', 'Mr. Kalpesh Kumar', '1234567890', 'Enquiry for spare of Tushaco Pump', 'Budgetory Offer for "TUSHACO" spares ', 'We thank you for your above referred enquiry and we being EXCLUSIVE AUTHORISED DEALER for TUSHACO make Pumps & Spares in the State of Rajasthan, are pleased to submit an offer as under ', 'Spares interchangeable with existing pump serial number 074631 / 1210', '<div>Quoted prices are firm and Ex Our Works, Udaipur</div><div>P &amp; F Charges : Extra @ 4 % of basic value.</div><div>Freight &amp; Insurance :To buyers account.</div><div>We accept payment terms as usual to negotiate 90% value of the consignment through bank and balance 10% payment to be paid within 30 days from the date of dispatch of material.&nbsp;</div><div>&nbsp;Authorization certificate attached from TUSHACO Pumps.</div><div>We confirm to accept visual pre dispatch inspection at our works at Udaipur.</div><div>We shall provide you test &amp; performance certificates for pump.</div><div>We regret to accept part order.</div><div>We accept standard guarantee as provided by manufacturer for 12 months from date of installation and 18 months from date of supply.<br></div><div>Delivery period shall be 16 to 18 weeks from the date of acceptance of purchase order. Date of LR / GTR to be treated as date of dispatch.<br></div><div>Price validity : 120 Days</div><div><br></div><div>Further to the above, we confirm that the prices offered by us as a AUTHORISED DEALER of TUSHACO pump and spares are the same as being charged from private or other Govt. / Public Sector Undertakings. &nbsp;We hope you will find our offer to suit your requirement and look forward to have your valued purchase order.</div>\r\n					\r\n				', '621200.00', 'Pending', 25, 'STL', 21, 'BE-3145', '16-17', 4, 0, '2017-03-29', '0000-00-00', '', '0000-00-00', 0, 30, '16px'),
(31, 64, 'United Breweries Limited,\r\nBlock No. SP 971, RICCO Industrial Area,\r\nCHOPANKI-301019', 15, 16, '2017-04-25', 'Vishnu Sharma', '8290553922', 'As per your verbal enquiry dated 01.03.2017', 'Quote for Johnson pump Spares', 'With reference to your enquiry we are pleased to submit our quote as follows :-', '', '<ol><li style="text-align: justify;">Price Basis : Ex-Our  Works Udaipur .</li><li style="text-align: justify;">Packing &amp; Forwarding : Extra @2 &nbsp;%</li><li style="text-align: justify;">Sales Tax : Vat Extra @ 5.5%   or as applicable on date of dispatch.</li><li style="text-align: justify;">Delivery : Within 2 to 3 weeks from date of receipt of Techno-Commercially clear PO.</li><li style="text-align: justify;">Freight &amp; Insurance : In Buyers account. In case of transit damage you will have to Claim from your Insurance Company.</li><li style="text-align: justify;">Payment : Strictly within 30 days of receipt of material else interest will be charged @ 18 % p.a. for delayed period.</li><li style="text-align: justify;">Warranty : For Spare\r\nOnly interchange ability with original equipment is confirmed and any manufacturing defect is covered.</li><li style="text-align: justify;">Validity : 30 Days.</li></ol>', '37000.00', 'Pending', 25, 'STL', 22, 'BE-3296', '16-17', 15, 0, '2017-03-29', '0000-00-00', '', '0000-00-00', 0, 31, '16px'),
(32, 74, 'Plot No. SP 290-292, RIICO Industrial Area,\r\nPhase-VII, Chopanki, Bhiwadi\r\nAlwar - 301019', 15, 1, '2017-04-30', 'Mr. Surjeet Singh', '9828352664', 'As per your email enquiry dated 25.02.2017', 'Quote for Johnson Pump', 'With reference to below enquiry we are pleased to submit our quote as follows :-', '', '<ol><li style="text-align: justify;">Price Basis : Ex-Our  Works Udaipur .</li><li style="text-align: justify;">Packing &amp; Forwarding : Extra @  %</li><li style="text-align: justify;">Sales Tax : Vat Extra @ 5.5%   or as applicable on date of dispatch.</li><li style="text-align: justify;">Delivery : Within 2 to 3 weeks from date of receipt of Techno-Commercially clear PO.</li><li style="text-align: justify;">Freight &amp; Insurance : In Buyers account. In case of transit damage you will have to Claim from your Insurance Company.</li><li style="text-align: justify;">Payment : Strictly within 30 days of receipt of material else interest will be charged @ 18 % p.a. for delayed period.</li><li style="text-align: justify;">Warranty : For Pump &amp; Motors\r\nStandard as provided by manufacturer to be free from defects in both material &amp; workmanship for a period of 12 months from date of installation or 18 months from date of supply whichever is earlier. Provided the Motor/Pump is installed as per instructions. We shall not be liable for any loss and or consequential damages due to breakdown of the equipment either for repair purpose or otherwise.&nbsp;</li><li style="text-align: justify;">Validity : 30 Days.</li></ol>', '71500.00', 'Pending', 25, 'STL', 23, 'BE-3272', '16-17', 16, 0, '2017-03-29', '0000-00-00', '', '0000-00-00', 0, 32, '16px'),
(33, 32, 'Power Plant\r\nLNJ Nagar\r\nVillage :Mordi\r\nBanswara-327001 (Raj.)', 11, 16, '2017-04-15', 'Mr. Parveen Rawal', '9413357059', 'Purchase Enquiry No. : 11587', 'Offer for Johnson Pump Spare', 'We are thank you for your enquiry for pump spare and we being authorized dealer of \r\n Johnson Pumps & Spare are pleased to submit our offer as under:\r\n\r\n', '', 'Price Basis : Ex-Our  Works Udaipur .<br>Packing &amp; Forwarding : Extra @2 &nbsp;%<br>Sales Tax : Vat Extra @ 14.5%   or as applicable on date of dispatch.<br>Excise Duty : Not applicable.<br>Delivery : Within 6 to 8 weeks from date of receipt of Techno-Commercially clear PO.<br>Freight &amp; Insurance : In Buyers account. In case of transit damage you will have to Claim from your Insurance Company.<br>Payment : Strictly within 30 days of receipt of material else interest will be charged @ 18 % p.a. for delayed period.<br>Warranty : &nbsp;For Spare\r\nOnly interchange ability with original equipment is confirmed and any manufacturing defect is covered.<br>Validity : 30 Days.<br>', '17838.00', 'Pending', 25, 'STL', 24, 'DC-8', '16-17', 4, 0, '2017-03-30', '0000-00-00', '', '0000-00-00', 0, 33, '16px'),
(34, 8, 'Unit Of - DCM Shriram Industries Limited\r\nShriram Nagar, Kota-324004', 15, 4, '2017-04-27', 'Ram Kshteri', '9929590865', 'Your email enquiry dated 29.01.2017', 'BE 2904 Quote for Darling Submersible Pump', 'With reference to above enquiry we are pleased to submit our quote as follows :-', 'Scope of supply : Pumpset with 10 mtrs cable and electronic type control panel \r\n(OL/UL/Single phase preventer, dry-run protection with liquid level sensor)', '<p></p><p></p><ol></ol><p></p><ol><li style="text-align: justify;">Price Basis : Ex-Our  Works Udaipur</li><li style="text-align: justify;">Packing &amp; Forwarding : Extra @ 2 % of basic order vale</li><li style="text-align: justify;">Sales Tax : Vat Extra @ 5.5%   or as applicable on date of dispatch.</li><li style="text-align: justify;">Excise Duty : Extra if applicable for which we shall provide you EDGP to Claim Cenvat.</li><li style="text-align: justify;">Delivery : Within 2 to 3 weeks from date of receipt of Techno-Commercially clear PO.</li><li style="text-align: justify;">Freight &amp; Insurance : In Buyers account. In case of transit damage you will have to Claim from your Insurance Company.</li><li style="text-align: justify;">Payment : Strictly within 30 days of receipt of material else interest will be charged @ 18 % p.a. for delayed period.</li><li style="text-align: justify;">Warranty : For Pump &nbsp;Standard as provided by manufacturer to be free from defects in both material &amp; workmanship for a period of 12 months from date of installation or 18 months from date of supply whichever is earlier. Provided the Motor/Pump is installed as per instructions. We shall not be liable for any loss and or consequential damages due to breakdown of the equipment either for repair purpose or otherwise. Winding failures is not covered under warranty. \r\nFor Spare\r\nOnly interchange ability with original equipment is confirmed and any manufacturing defect is covered.</li></ol>', '52500.00', 'Pending', 25, 'STL', 25, 'BE-2932', '16-17', 7, 0, '2017-03-30', '0000-00-00', '', '0000-00-00', 0, 34, '16px'),
(35, 61, 'Chambal Fertilisers And Chemicals Limited,\r\nP.O. Gadepan-325208\r\nDistt-Kota (Raj.)', 15, 4, '2017-05-16', 'Mr. Akant Khanduri', '7442782614', 'Verbal discussion during visit dated 7.11.2016', 'Quote for Darling Pump - Shilpa udr', 'With reference to above enquiry we are pleased to submit our quote as follows :-', 'Scope of supply : Pump with 10 mtrs cable and electric type control panel (OL/UL/ Single phase preventer, dry run protection with level sensor', '<p></p><p><ul></ul></p><ol><li style="text-align: left;">Price Basis : Ex-Our  Works Udaipur .</li><li style="text-align: left;">Packing &amp; Forwarding : Extra @  %</li><li style="text-align: left;">Sales Tax : Vat Extra @ 5.5%   or as applicable on date of dispatch.</li><li style="text-align: left;">Delivery : Within 2 to 3 weeks from date of receipt of Techno-Commercially clear PO.</li><li style="text-align: left;">Freight &amp; Insurance : In Buyers account. In case of transit damage you will have to Claim from your Insurance Company.</li><li style="text-align: left;">Payment : Strictly within 30 days of receipt of material else interest will be charged @ 18 % p.a. for delayed period.</li><li style="text-align: left;">Warranty : For Pump Standard as provided by manufacturer to be free from defects in both material &amp; workmanship for a period of 12 months from date of installation or 18 months from date of supply whichever is earlier. Provided the Motor/Pump is installed as per instructions. We shall not be liable for any loss and or consequential damages due to breakdown of the equipment either for repair purpose or otherwise. Winding failures is not covered under warranty. \r\nFor Spare\r\nOnly interchange ability with original equipment is confirmed and any manufacturing defect is covered.</li></ol>', '72500.00', 'Pending', 25, 'STL', 26, 'DC-9', '16-17', 7, 0, '2017-03-30', '0000-00-00', '', '0000-00-00', 0, 35, '16px'),
(36, 18, 'Chanderia Smelter Complex (CPP)\r\nPO Putholi\r\nDt. Chittorgarh', 11, 27, '2017-04-20', 'Mr. PC Pareek', '1472254464', 'Request for Quotation: 1100102452pcp 24.01.2017 17:24:16 2000033466', 'Offer for Antico & Positive Metering Dosing Pump', 'We are thank you for your enquiry for Pumps and we being authorized dealer of ANTICO  Pump & POSITIVE Metering make Dosing Pumps are pleased to submit our offer as under:', 'For Item no 1 .\r\nYou May placed Repeat order as per last PO No.: 2000024094/4100076827 dated: 12.09.2016', 'Price Basis : Ex Transporter Godown Chittorgarh .<br>Packing &amp; Forwarding : Inclusive.<br>Sales Tax : Vat Extra @ 14.5%   or as applicable on date of dispatch.<br>Excise Duty : Extra if applicable for which we shall provide you EDGP to Claim Cenvat.<br>Delivery : Within 6 to 8 weeks from date of receipt of Techno-Commercially clear PO.<br>Freight &amp; Insurance : In Buyers account. In case of transit damage you will have to Claim from your Insurance Company.<br>Payment : Strictly within 30 days of receipt of material else interest will be charged @ 18 % p.a. for delayed period.<br>Warranty : For Pump &amp; Motors\r\nStandard as provided by manufacturer to be free from defects in both material &amp; workmanship for a period of 12 months from date of installation or 18 months from date of supply whichever is earlier. Provided the Motor/Pump is installed as per instructions. We shall not be liable for any loss and or consequential damages due to breakdown of the equipment either for repair purpose or otherwise. Winding failures is not covered under warranty.&nbsp;<br>Validity : 30 Days.<br>', '149925.00', 'Pending', 25, 'STL', 27, 'BE-3249', '16-17', 4, 0, '2017-03-30', '0000-00-00', '', '0000-00-00', 0, 36, '16px'),
(37, 8, 'Unit Of - DCM Shriram\r\nIndustries Limited\r\nShriram Nagar, \r\nKota-324004', 15, 26, '2017-05-10', 'Ram Kshteri', '9929590865', 'As per discussion during visit dated 8.3.2017', 'Quote for Johnson Pump - Shilpa Udr', 'With reference to above enquiry we are pleased to submit our quote as follows :-', '', '<p></p><p></p><ol></ol><p></p><ol><li style="text-align: left;">Price Basis : Ex-Our  Works Udaipur .</li><li style="text-align: left;">Packing &amp; Forwarding : Extra @ 2 % of basic order value</li><li style="text-align: left;">Sales Tax : Vat Extra @ 5.5%   or as applicable on date of dispatch.</li><li style="text-align: left;">Excise Duty : Extra as applicable for which we shall provide you EDGP to Claim Cenvat.</li><li style="text-align: left;">Delivery : Within 6 to 8 weeks from date of receipt of Techno-Commercially clear PO.</li><li style="text-align: left;">Payment : 100 % advance against delivery.</li><li style="text-align: left;">Warranty : For Pump &amp; Motors\r\nStandard as provided by manufacturer to be free from defects in both material &amp; workmanship for a period of 12 months from date of installation or 18 months from date of supply whichever is earlier. Provided the Motor/Pump is installed as per instructions. We shall not be liable for any loss and or consequential damages due to breakdown of the equipment either for repair purpose or otherwise. Winding failures is not covered under warranty. \r\nFor Spare\r\nOnly interchange ability with original equipment is confirmed and any manufacturing defect is covered.</li></ol>', '264400.00', 'Pending', 25, 'STL', 28, 'BE-2932', '16-17', 12, 0, '2017-03-30', '0000-00-00', '', '0000-00-00', 0, 37, '16px'),
(38, 43, '25, Rajasthan Project\r\nA.O. Building Barsingsar-334402\r\nBikaner (Raj.)', 11, 4, '2017-05-29', 'Mr. Abdul Jalil', '1234567890', 'As telephonic discussion 30.03.17', 'Offer for Darling make Waset Water handling Pump', 'We thank you for your enquiry and we being authorised dealer for DARLING pumps for Rajasthan are pleased to submit our offer as follows :- ', 'Man Days\r\n\r\nSupervision of erection, commissioning, installation and site charges are Rs. 5000 /- per day for fitter or Rs. 6000 / day for service engineer plus with lodging facility. For visits under warranty if product has a fault than visit will be free of charge but if problem is due to site issue than we shall charge you as per these rates.', '<h4><span style="font-family: &quot;Times New Roman&quot;;">Price Basis : Ex-Our  Works Udaipur .<br></span><span style="font-family: &quot;Times New Roman&quot;;">Packing &amp; Forwarding : Extra @ 4% &nbsp;of basic order Value .<br></span><span style="font-family: &quot;Times New Roman&quot;;">Sales Tax : Vat Extra @ 5.5%   or as applicable on date of dispatch.<br></span><span style="font-family: &quot;Times New Roman&quot;;">Delivery : Within 6 to 8 weeks from date of receipt of Techno-Commercially clear PO.<br></span><span style="font-family: &quot;Times New Roman&quot;;">LD Clause :<span style="color: rgb(23, 16, 0); text-align: justify;">Please note date of LR\r\nto be treated as date of delivery and in case of delay in supply LD to be\r\ncalculated from date of LR.</span></span><span style="font-family: &quot;Times New Roman&quot;;"><span style="font-size: 12pt; color: rgb(23, 16, 0);">Penalty @ 0.5 % per week or part thereof after 2 weeks of grace period\r\nafter delivery period and maximum upto 3 % of basic order value is acceptable\r\non the unexecuted portion of the order<br></span></span><span style="font-family: &quot;Times New Roman&quot;;">Freight &amp; Insurance : In Buyers account. In case of transit damage you will have to Claim from your Insurance Company.<br></span><span style="font-family: &quot;Times New Roman&quot;;">Payment : Strictly within 15 days of receipt of material else interest will be charged @ 18 % p.a. for delayed period.<br></span><span style="font-family: &quot;Times New Roman&quot;;">Warranty : For Pump &amp; Motors\r\nStandard as provided by manufacturer to be free from defects in both material &amp; workmanship for a period of 12 months from date of installation or 18 months from date of supply whichever is earlier. Provided the Motor/Pump is installed as per instructions. We shall not be liable for any loss and or consequential damages due to breakdown of the equipment either for repair purpose or otherwise. Winding failures is not covered under warranty.&nbsp;<br></span><span style="font-family: &quot;Times New Roman&quot;;">D<br></span><span style="font-family: &quot;Times New Roman&quot;;">Validity : 30 Days.</span></h4>', '80500.00', 'Pending', 25, 'STL', 29, 'DC-7', '16-17', 4, 0, '2017-03-30', '0000-00-00', '', '0000-00-00', 0, 38, '16px'),
(39, 8, 'Unit Of - DCM Shriram Industries Limited\r\nShriram Nagar, Kota-324004', 15, 18, '2017-04-30', 'Ram Kshteri', '9929590865', 'As per discussion during visit dated 8.3.2017', 'Quote for Darling Pump Spaers', 'With reference to above enquiry we are pleased to submit our quote as follows :-', '', '<p></p><p><ol></ol></p><ol><li style="text-align: left;">Price Basis : Ex-Our  Works Udaipur .</li><li style="text-align: left;">Packing &amp; Forwarding : Extra @ 2 %</li><li style="text-align: left;">Sales Tax : Vat Extra @ 5.5%   or as applicable on date of dispatch.</li><li style="text-align: left;">Delivery : Within 3 to 4 weeks from date of receipt of Techno-Commercially clear PO.</li><li style="text-align: left;">Freight &amp; Insurance : In Buyers account. In case of transit damage you will have to Claim from your Insurance Company.</li><li style="text-align: left;">Payment : 100 % advance against delivery</li><li style="text-align: left;">Warranty : For Spare\r\nOnly interchange ability with original equipment is confirmed and any manufacturing defect is covered.</li></ol>', '8480.00', 'Pending', 25, 'STL', 30, 'BE-2932', '16-17', 7, 0, '2017-03-30', '0000-00-00', '', '0000-00-00', 0, 39, '16px'),
(40, 8, 'Unit Of - DCM Shriram Industries Limited\r\nShriram Nagar, Kota-324004', 15, 26, '2017-05-25', 'Ram Kshteri', '9929590865', 'As per discussion dated 20.3.2017', 'BE 2932 : Revised Quote for Johnson Pump - Shilpa Udr', 'With reference to above enquiry we are pleased to submit our quote as follows :-', '', '<p style="margin-left: 25px;"></p><p style="margin-left: 25px;"><ol></ol></p><ol><li style="text-align: left;">Price Basis : Ex-Our  Works Udaipur .</li><li style="text-align: left;">Packing &amp; Forwarding : Extra @ 2 &nbsp;% on basic order value</li><li style="text-align: left;">Sales Tax : Vat Extra @ 5.50%   or as applicable on date of dispatch.</li><li style="text-align: left;">Excise Duty : Extra as applicable for which we shall provide you EDGP to Claim Cenvat.</li><li style="text-align: left;">Delivery : Within 8 to 10 weeks from date of receipt of Techno-Commercially clear PO.</li><li style="text-align: left;">Freight &amp; Insurance : In Buyers account. In case of transit damage you will have to Claim from your Insurance Company.</li><li style="text-align: left;">Payment : 100 % advance against delivery</li><li style="text-align: left;">Warranty : For Pump &amp; Motors\r\nStandard as provided by manufacturer to be free from defects in both material &amp; workmanship for a period of 12 months from date of installation or 18 months from date of supply whichever is earlier. Provided the Motor/Pump is installed as per instructions. We shall not be liable for any loss and or consequential damages due to breakdown of the equipment either for repair purpose or otherwise. Winding failures is not covered under warranty. \r\nFor Spare\r\nOnly interchange ability with original equipment is confirmed and any manufacturing defect is covered.</li></ol>', '362460.00', 'Pending', 25, 'STL', 31, 'BE-2932', '16-17', 7, 0, '2017-03-30', '0000-00-00', '', '0000-00-00', 0, 40, '16px'),
(41, 74, 'Plot No. SP 290-292,\r\nRIICO Industrial Area,\r\nPhase-VII, Chopanki, \r\nBhiwadi, Alwar-301019', 15, 1, '2017-04-21', 'Mr. Nitin Tiwari', '1493302765', 'As per your vebal enquiry.', 'Quote For Johnson pump. ', 'With reference to above enquiry we are pleased to submit our quote as follows :-', '', 'Price Basis : Ex-Our  Works Udaipur .<br>Packing &amp; Forwarding : Extra @  %<br>Sales Tax : Vat Extra @ 5.5%   or as applicable on date of dispatch.<br>Excise Duty : Extra if applicable for which we shall provide you EDGP to Claim Cenvat.<br>Delivery : Within 2 to 3 weeks from date of receipt of Techno-Commercially clear PO.<br>Freight &amp; Insurance : In Buyers account. In case of transit damage you will have to Claim from your Insurance Company.<br>Payment : Strictly within 30 days of receipt of material else interest will be charged @ 18 % p.a. for delayed period.<br>Warranty : For Pump &amp; Motors\r\nStandard as provided by manufacturer to be free from defects in both material &amp; workmanship for a period of 12 months from date of installation or 18 months from date of supply whichever is earlier. Provided the Motor/Pump is installed as per instructions. We shall not be liable for any loss and or consequential damages due to breakdown of the equipment either for repair purpose or otherwise. Winding failures is not covered under warranty. \r\nFor Spare\r\nOnly interchange ability with original equipment is confirmed and any manufacturing defect is covered.<br>Discount :  @ % on quoted price.<br>Validity : 30 Days.<br>', '62900.00', 'Pending', 25, 'STL', 32, 'BE-3272', '16-17', 12, 0, '2017-03-31', '0000-00-00', '', '0000-00-00', 0, 41, '16px'),
(42, 59, '7J 4,RC Vyas Colony,\r\nBhilwara', 15, 1, '2017-04-20', 'Mr. Sanjeev Ji', '9351734430', 'As per your verbal enquiry.', 'Quote for Johnson pump.', 'With reference to above enquiry we are pleased to submit our quote as follows :-', '', 'Price Basis : Ex-Our  Works Udaipur .<br>Packing &amp; Forwarding : Extra @  %<br>Sales Tax : Vat Extra @ 5.5%   or as applicable on date of dispatch.<br>Excise Duty : Extra if applicable for which we shall provide you EDGP to Claim Cenvat.<br>Delivery : Within 2 to 3 weeks from date of receipt of Techno-Commercially clear PO.<br>Freight &amp; Insurance : In Buyers account. In case of transit damage you will have to Claim from your Insurance Company.<br>Payment : Strictly within 30 days of receipt of material else interest will be charged @ 18 % p.a. for delayed period.<br>Warranty : For Pump &amp; Motors\r\nStandard as provided by manufacturer to be free from defects in both material &amp; workmanship for a period of 12 months from date of installation or 18 months from date of supply whichever is earlier. Provided the Motor/Pump is installed as per instructions. We shall not be liable for any loss and or consequential damages due to breakdown of the equipment either for repair purpose or otherwise. Winding failures is not covered under warranty. \r\nFor Spare\r\nOnly interchange ability with original equipment is confirmed and any manufacturing defect is covered.<br>Discount :  @ % on quoted price.<br>Validity : 30 Days.<br>', '44000.00', 'Pending', 25, 'STL', 33, 'BE-3148', '16-17', 12, 0, '2017-03-31', '0000-00-00', '', '0000-00-00', 0, 42, '16px'),
(43, 111, '(A unit of : Rajasthan Cooperative Dairy Federation Limited)\r\nNadbai (Bharatpur) Rajasthan 321602\r\n', 15, 2, '2017-04-20', 'Mr. Satish Sharma', '5643276530', 'As per your email enquiry.', 'Quote for Tushaco pump.', 'With reference to above enquiry we are pleased to submit our quote as follows :-', '', 'Price Basis : Ex-Our  Works Udaipur .<br>Packing &amp; Forwarding : Extra @  %<br>Sales Tax : Vat Extra @ 5.5%   or as applicable on date of dispatch.<br>Excise Duty : Extra if applicable for which we shall provide you EDGP to Claim Cenvat.<br>Delivery : Within 2 to 3 weeks from date of receipt of Techno-Commercially clear PO.<br>Freight &amp; Insurance : In Buyers account. In case of transit damage you will have to Claim from your Insurance Company.<br>Payment : Strictly within 30 days of receipt of material else interest will be charged @ 18 % p.a. for delayed period.<br>Warranty : For Pump &amp; Motors\r\nStandard as provided by manufacturer to be free from defects in both material &amp; workmanship for a period of 12 months from date of installation or 18 months from date of supply whichever is earlier. Provided the Motor/Pump is installed as per instructions. We shall not be liable for any loss and or consequential damages due to breakdown of the equipment either for repair purpose or otherwise. Winding failures is not covered under warranty. \r\nFor Spare\r\nOnly interchange ability with original equipment is confirmed and any manufacturing defect is covered.<br>Discount :  @ % on quoted price.<br>Validity : 30 Days.<br>', '75000.00', 'Pending', 25, 'STL', 34, 'BE-3291', '16-17', 12, 0, '2017-03-31', '0000-00-00', '', '0000-00-00', 0, 43, '16px'),
(44, 80, '7-8 KM Stone, Bhiwadi-\r\nAlwar Road, Khijuriwas (PO), \r\nAlwar (Dist), Bhiwadi, \r\nRajasthan 301018', 15, 3, '2017-04-20', 'Mr. Ankush Saxena', '8107291735', 'As per your verbal enquiry.', 'Quote for Positive pump.', 'With reference to above enquiry we are pleased to submit our quote as follows :-', '', 'Price Basis : Ex-Our  Works Udaipur .<br>Packing &amp; Forwarding : Extra @  %<br>Sales Tax : Vat Extra @ 5.5%   or as applicable on date of dispatch.<br>Excise Duty : Extra if applicable for which we shall provide you EDGP to Claim Cenvat.<br>Delivery : Within 2 to 3 weeks from date of receipt of Techno-Commercially clear PO.<br>Freight &amp; Insurance : In Buyers account. In case of transit damage you will have to Claim from your Insurance Company.<br>Payment : Strictly within 30 days of receipt of material else interest will be charged @ 18 % p.a. for delayed period.<br>Warranty : For Pump &amp; Motors\r\nStandard as provided by manufacturer to be free from defects in both material &amp; workmanship for a period of 12 months from date of installation or 18 months from date of supply whichever is earlier. Provided the Motor/Pump is installed as per instructions. We shall not be liable for any loss and or consequential damages due to breakdown of the equipment either for repair purpose or otherwise. Winding failures is not covered under warranty. \r\nFor Spare\r\nOnly interchange ability with original equipment is confirmed and any manufacturing defect is covered.<br>Discount :  @ % on quoted price.<br>Validity : 30 Days.<br>', '33600.00', 'Pending', 25, 'STL', 35, 'BE-3107', '16-17', 12, 0, '2017-03-31', '0000-00-00', '', '0000-00-00', 0, 44, '16px'),
(45, 44, 'R. K. Nagar, Nimbahera-312601', 15, 2, '2017-04-21', 'Vishnu Sharma', '9610019610', 'As per email enquiry.', 'Quote for Tushaco spares.', 'With reference to above enquiry we are pleased to submit our quote as follows :-', '', 'Price Basis : Ex-Our  Works Udaipur .<br>Packing &amp; Forwarding : Extra @  %<br>Sales Tax : Vat Extra @ 5.5%   or as applicable on date of dispatch.<br>Excise Duty : Extra if applicable for which we shall provide you EDGP to Claim Cenvat.<br>Delivery : Within 2 to 3 weeks from date of receipt of Techno-Commercially clear PO.<br>Freight &amp; Insurance : In Buyers account. In case of transit damage you will have to Claim from your Insurance Company.<br>Payment : Strictly within 30 days of receipt of material else interest will be charged @ 18 % p.a. for delayed period.<br>Warranty : For Pump &amp; Motors\r\nStandard as provided by manufacturer to be free from defects in both material &amp; workmanship for a period of 12 months from date of installation or 18 months from date of supply whichever is earlier. Provided the Motor/Pump is installed as per instructions. We shall not be liable for any loss and or consequential damages due to breakdown of the equipment either for repair purpose or otherwise. Winding failures is not covered under warranty. \r\nFor Spare\r\nOnly interchange ability with original equipment is confirmed and any manufacturing defect is covered.<br>Discount :  @ % on quoted price.<br>Validity : 30 Days.<br>', '8900.00', 'Pending', 25, 'STL', 36, 'DC-10', '16-17', 12, 0, '2017-03-31', '0000-00-00', '', '0000-00-00', 0, 45, '16px'),
(46, 38, '(A Division of DCM Shriram\r\nCement) Shriram Nagar, \r\nKota-3240004', 15, 15, '2017-04-20', 'Mr. Neelambuj Pareek', '9460483470', 'As per your email enquiry.', 'Quote for Tushco spares.', 'With reference to above enquiry we are pleased to submit our quote as follows :-', '', 'Price Basis : Ex-Our  Works Udaipur .<br>Packing &amp; Forwarding : Extra @  %<br>Sales Tax : Vat Extra @ 5.5%   or as applicable on date of dispatch.<br>Excise Duty : Extra if applicable for which we shall provide you EDGP to Claim Cenvat.<br>Delivery : Within 2 to 3 weeks from date of receipt of Techno-Commercially clear PO.<br>Freight &amp; Insurance : In Buyers account. In case of transit damage you will have to Claim from your Insurance Company.<br>Payment : Strictly within 30 days of receipt of material else interest will be charged @ 18 % p.a. for delayed period.<br>Warranty : For Pump &amp; Motors\r\nStandard as provided by manufacturer to be free from defects in both material &amp; workmanship for a period of 12 months from date of installation or 18 months from date of supply whichever is earlier. Provided the Motor/Pump is installed as per instructions. We shall not be liable for any loss and or consequential damages due to breakdown of the equipment either for repair purpose or otherwise. Winding failures is not covered under warranty. \r\nFor Spare\r\nOnly interchange ability with original equipment is confirmed and any manufacturing defect is covered.<br>Discount :  @ % on quoted price.<br>Validity : 30 Days.<br>', '11900.00', 'Pending', 25, 'STL', 37, 'DC-12', '16-17', 12, 0, '2017-03-31', '0000-00-00', '', '0000-00-00', 0, 46, '16px'),
(47, 112, 'A-135-135-136, Road no. 12,\r\nVishwakarma indusrial Area, Jaipur-302013', 15, 17, '2017-04-20', 'Mr. Pankaj Kalani', '9785022279', 'As per your email enquiry.', 'Quote for Antico Spares.', 'With reference to above enquiry we are pleased to submit our quote as follows :-', '', 'Price Basis : Ex-Our  Works Udaipur .<br>Packing &amp; Forwarding : Extra @  %<br>Sales Tax : Vat Extra @ 5.5%   or as applicable on date of dispatch.<br>Excise Duty : Extra if applicable for which we shall provide you EDGP to Claim Cenvat.<br>Delivery : Within 2 to 3 weeks from date of receipt of Techno-Commercially clear PO.<br>Freight &amp; Insurance : In Buyers account. In case of transit damage you will have to Claim from your Insurance Company.<br>Payment : Strictly within 30 days of receipt of material else interest will be charged @ 18 % p.a. for delayed period.<br>Warranty : For Pump &amp; Motors\r\nStandard as provided by manufacturer to be free from defects in both material &amp; workmanship for a period of 12 months from date of installation or 18 months from date of supply whichever is earlier. Provided the Motor/Pump is installed as per instructions. We shall not be liable for any loss and or consequential damages due to breakdown of the equipment either for repair purpose or otherwise. Winding failures is not covered under warranty. \r\nFor Spare\r\nOnly interchange ability with original equipment is confirmed and any manufacturing defect is covered.<br>Discount :  @ % on quoted price.<br>Validity : 30 Days.<br>', '2400.00', 'Pending', 25, 'STL', 38, 'BE-3194', '16-17', 12, 0, '2017-03-31', '0000-00-00', '', '0000-00-00', 0, 47, '16px'),
(48, 96, 'RSPL Group, Plot No.119-121, Block P&T, Kalpi Road, Fazalganj, Kanpur-208012 (UP)\r\n\r\n', 15, 16, '2017-04-19', 'Mr. Akshay Agarwal ', '7318214777', 'As per your email enquiry.', 'Quote for Johnson spares.', 'With reference to above enquiry we are pleased to submit our quote as follows :-', '', 'Price Basis : Ex-Our  Works Udaipur .<br>Packing &amp; Forwarding : Extra @  %<br>Sales Tax : Vat Extra @ 5.5%   or as applicable on date of dispatch.<br>Excise Duty : Extra if applicable for which we shall provide you EDGP to Claim Cenvat.<br>Delivery : Within 2 to 3 weeks from date of receipt of Techno-Commercially clear PO.<br>Freight &amp; Insurance : In Buyers account. In case of transit damage you will have to Claim from your Insurance Company.<br>Payment : Strictly within 30 days of receipt of material else interest will be charged @ 18 % p.a. for delayed period.<br>Warranty : For Pump &amp; Motors\r\nStandard as provided by manufacturer to be free from defects in both material &amp; workmanship for a period of 12 months from date of installation or 18 months from date of supply whichever is earlier. Provided the Motor/Pump is installed as per instructions. We shall not be liable for any loss and or consequential damages due to breakdown of the equipment either for repair purpose or otherwise. Winding failures is not covered under warranty. \r\nFor Spare\r\nOnly interchange ability with original equipment is confirmed and any manufacturing defect is covered.<br>Discount :  @ % on quoted price.<br>Validity : 30 Days.<br>', '8400.00', 'Pending', 25, 'STL', 39, 'BE-3372', '16-17', 12, 0, '2017-03-31', '0000-00-00', '', '0000-00-00', 0, 48, '16px'),
(49, 70, 'SPL 1, Tapukara Industrial\r\nArea, Khuskhera-301707\r\nDistt-Alwar', 15, 16, '2017-04-22', 'Mr. Arun Sharma', '8800283377', 'As per email enquiry.', 'Quote for Johnson spares.', 'With reference to above enquiry we are pleased to submit our quote as follows :-', '', 'Price Basis : Ex-Our  Works Udaipur .<br>Packing &amp; Forwarding : Extra @  %<br>Sales Tax : Vat Extra @ 5.5%   or as applicable on date of dispatch.<br>Excise Duty : Extra if applicable for which we shall provide you EDGP to Claim Cenvat.<br>Delivery : Within 2 to 3 weeks from date of receipt of Techno-Commercially clear PO.<br>Freight &amp; Insurance : In Buyers account. In case of transit damage you will have to Claim from your Insurance Company.<br>Payment : Strictly within 30 days of receipt of material else interest will be charged @ 18 % p.a. for delayed period.<br>Warranty : For Pump &amp; Motors\r\nStandard as provided by manufacturer to be free from defects in both material &amp; workmanship for a period of 12 months from date of installation or 18 months from date of supply whichever is earlier. Provided the Motor/Pump is installed as per instructions. We shall not be liable for any loss and or consequential damages due to breakdown of the equipment either for repair purpose or otherwise. Winding failures is not covered under warranty. \r\nFor Spare\r\nOnly interchange ability with original equipment is confirmed and any manufacturing defect is covered.<br>Discount :  @ % on quoted price.<br>Validity : 30 Days.<br>', '10000.00', 'Pending', 25, 'STL', 40, 'BE-3255', '16-17', 12, 0, '2017-03-31', '0000-00-00', '', '0000-00-00', 0, 49, '16px'),
(50, 111, '(A unit of : Rajasthan\r\nCooperative Dairy\r\nFederation Limited)\r\nNadbai,\r\nBharatpur-321602 (Raj.)\r\n', 15, 2, '2017-04-22', 'Mr. Satish Sharma', '5643276530', 'As per your email enquiry.', 'Quote for Tushaco pump.', 'With reference to above enquiry we are pleased to submit our quote as follows :-', '', 'Price Basis : Ex-Our  Works Udaipur .<br>Packing &amp; Forwarding : Extra @  %<br>Sales Tax : Vat Extra @ 5.5%   or as applicable on date of dispatch.<br>Excise Duty : Extra if applicable for which we shall provide you EDGP to Claim Cenvat.<br>Delivery : Within 2 to 3 weeks from date of receipt of Techno-Commercially clear PO.<br>Freight &amp; Insurance : In Buyers account. In case of transit damage you will have to Claim from your Insurance Company.<br>Payment : Strictly within 30 days of receipt of material else interest will be charged @ 18 % p.a. for delayed period.<br>Warranty : For Pump &amp; Motors\r\nStandard as provided by manufacturer to be free from defects in both material &amp; workmanship for a period of 12 months from date of installation or 18 months from date of supply whichever is earlier. Provided the Motor/Pump is installed as per instructions. We shall not be liable for any loss and or consequential damages due to breakdown of the equipment either for repair purpose or otherwise. Winding failures is not covered under warranty. \r\nFor Spare\r\nOnly interchange ability with original equipment is confirmed and any manufacturing defect is covered.<br>Discount :  @ % on quoted price.<br>Validity : 30 Days.<br>', '54000.00', 'Pending', 25, 'STL', 41, 'BE-3291', '16-17', 12, 0, '2017-03-31', '0000-00-00', '', '0000-00-00', 0, 50, '16px'),
(51, 26, 'Unit-Kotputli Cement Works\r\nVillage - Mohanpura\r\nTeh - Kotputli\r\nDist. jaipur-303108', 15, 4, '2017-04-22', 'Mr. Pradeep Ranka', '9887480241', 'As per your email enquiry.', 'Quote for Darling pump.', 'With reference to above enquiry we are pleased to submit our quote as follows :-', '', 'Price Basis : Ex-Our  Works Udaipur .<br>Packing &amp; Forwarding : Extra @  %<br>Sales Tax : Vat Extra @ 5.5%   or as applicable on date of dispatch.<br>Excise Duty : Extra if applicable for which we shall provide you EDGP to Claim Cenvat.<br>Delivery : Within 2 to 3 weeks from date of receipt of Techno-Commercially clear PO.<br>Freight &amp; Insurance : In Buyers account. In case of transit damage you will have to Claim from your Insurance Company.<br>Payment : Strictly within 30 days of receipt of material else interest will be charged @ 18 % p.a. for delayed period.<br>Warranty : For Pump &amp; Motors\r\nStandard as provided by manufacturer to be free from defects in both material &amp; workmanship for a period of 12 months from date of installation or 18 months from date of supply whichever is earlier. Provided the Motor/Pump is installed as per instructions. We shall not be liable for any loss and or consequential damages due to breakdown of the equipment either for repair purpose or otherwise. Winding failures is not covered under warranty. \r\nFor Spare\r\nOnly interchange ability with original equipment is confirmed and any manufacturing defect is covered.<br>Discount :  @ % on quoted price.<br>Validity : 30 Days.<br>', '50000.00', 'Pending', 25, 'STL', 42, 'BE-2720', '16-17', 12, 0, '2017-03-31', '0000-00-00', '', '0000-00-00', 0, 51, '16px'),
(52, 57, '(Division of DCM Shriram Ltd.)\r\nShriram Nagar, Kota-324004', 15, 26, '2017-04-30', 'Mr. Dileep Sisodia', '9829516611', 'Your email enquiry dated 23.2.2017', 'Gen bx: Offer for Johnson centrifugal pump with motor', 'With reference to above enquiry we are pleased to submit our quote as follows :-', '', '<p></p><p><ol></ol></p><ol><li style="text-align: left;">Price Basis : Ex-Our  Works Udaipur .</li><li style="text-align: left;">Packing &amp; Forwarding : Extra @ 2 &nbsp;%</li><li style="text-align: left;">Sales Tax : Vat Extra @ 5.50 %   or as applicable on date of dispatch.</li><li style="text-align: left;">Excise Duty : Extra as applicable for which we shall provide you EDGP to Claim Cenvat.</li><li style="text-align: left;">Delivery : Within 2 to 3 weeks from date of receipt of Techno-Commercially clear PO.</li><li style="text-align: left;">Freight &amp; Insurance : In Buyers account. In case of transit damage you will have to Claim from your Insurance Company.</li><li style="text-align: left;">Payment : Strictly within 15 days of receipt of material else interest will be charged @ 18 % p.a. for delayed period.</li><li style="text-align: left;">Warranty : For Pump &amp; Motors\r\nStandard as provided by manufacturer to be free from defects in both material &amp; workmanship for a period of 12 months from date of installation or 18 months from date of supply whichever is earlier. Provided the Motor/Pump is installed as per instructions. We shall not be liable for any loss and or consequential damages due to breakdown of the equipment either for repair purpose or otherwise. Winding failures is not covered under warranty.</li></ol>', '31250.00', 'Pending', 25, 'STL', 43, 'DC-13', '16-17', 7, 0, '2017-03-31', '0000-00-00', '', '0000-00-00', 0, 52, '16px'),
(53, 107, 'Shriram Nagar, Kota-324004', 15, 2, '2017-04-30', 'Mr. Nitin Paliwal', '9829895738', 'Your email enquiry dt. 20.03.2017', 'BE 2502 : Quote for Tushaco Pump - Shilpa Udr', 'With reference to above enquiry we are pleased to submit our quote as follows :-', 'NOTE : You may place repeat order as per your last PO No. SCW/NIP/7287467 dated 13.12.2014', '<p></p><p><ol></ol></p><ol><li style="text-align: left;">Price Basis : Ex-Our  Works Udaipur .</li><li style="text-align: left;">Sales Tax : Vat Extra @ 14.5 %   or as applicable on date of dispatch.</li><li style="text-align: left;">Delivery : Ready Stock</li><li style="text-align: left;">Freight &amp; Insurance : In Buyers account. In case of transit damage you will have to Claim from your Insurance Company.</li><li style="text-align: left;">Payment : Strictly within 30 days of receipt of material else interest will be charged @ 18 % p.a. for delayed period.</li><li style="text-align: left;">Warranty : For Pump &amp; Motors\r\nStandard as provided by manufacturer to be free from defects in both material &amp; workmanship for a period of 12 months from date of installation or 18 months from date of supply whichever is earlier. Provided the Motor/Pump is installed as per instructions. We shall not be liable for any loss and or consequential damages due to breakdown of the equipment either for repair purpose or otherwise. Winding failures is not covered under warranty.&nbsp;</li></ol>', '7650.00', 'Pending', 25, 'STL', 44, 'BE-2502', '16-17', 7, 0, '2017-03-31', '0000-00-00', '', '0000-00-00', 0, 53, '16px'),
(54, 101, 'NH-12, Ramganj Balaji, \r\nBundi-323001 (Raj)', 15, 3, '2017-04-30', 'Mr. Yusuf Ansari', '7073458817', 'Your email inquiry dated 28.3.2017', 'BE 2877- Quote for Dosing Pump - Shilpa Udr', 'With reference to above enquiry we are pleased to submit our quote as follows :-', 'NOTE : You can place repeat order as per your last PO no. PB50C553 dated 8.10.2011', '<ol><li style="text-align: left;">Price Basis : Ex-Our  Works Udaipur .</li><li style="text-align: left;">Packing &amp; Forwarding : Extra @ 2 % of basic order value</li><li style="text-align: left;">Sales Tax : Vat Extra @ 14.5%   or as applicable on date of dispatch.</li><li style="text-align: left;">Delivery : Ready Stock</li><li style="text-align: left;">Freight &amp; Insurance : In Buyers account. In case of transit damage you will have to Claim from your Insurance Company.</li><li style="text-align: left;">Payment : Strictly within 15 days of receipt of material else interest will be charged @ 18 % p.a. for delayed period.</li><li style="text-align: left;">Warranty : For Pump Standard as provided by manufacturer to be free from defects in both material &amp; workmanship for a period of 12 months from date of installation or 18 months from date of supply whichever is earlier. Provided the Motor/Pump is installed as per instructions. We shall not be liable for any loss and or consequential damages due to breakdown of the equipment either for repair purpose or otherwise. Winding failures is not covered under warranty.&nbsp;</li></ol>', '8502.50', 'Pending', 25, 'STL', 45, 'BE-2877', '16-17', 7, 0, '2017-03-31', '0000-00-00', '', '0000-00-00', 0, 54, '16px'),
(55, 115, 'Village-Bhadresh\r\nBarmer -344001', 4, 19, '2017-04-20', 'Mr. Mahesh Sharma', '2982229100', 'Enquiry ref 4100149172 Dt. 18.03.17', 'Offer for Spare of pump Positive Metering Pump', 'We are thank you for your enquiry for Pump and we being authorized dealer of \r\nPositive Metering  Pumps are pleased to submit our offer as under :\r\n\r\nDosing Pump model HD 2017/SZ1,Capacity : 0-150, Pressure :5kg/cm2,Dia : 32,8:1,\r\nBV10/PP, Sr, No 10105648, IR no 5732\r\n\r\n', '', 'Price Basis : Transporter Godown -Barmer.<br>Packing &amp; Forwarding : Inclusive<br>Sales Tax : Vat Extra @ 14.5%   or as applicable on date of dispatch.<br>Delivery : Within 6 to 8 weeks from date of receipt of Techno-Commercially clear PO.<br>Freight &amp; Insurance : In Buyers account. In case of transit damage you will have to Claim from your Insurance Company.<br>Payment : Strictly within 30 days of receipt of material else interest will be charged @ 18 % p.a. for delayed period.<br>Warranty : For Spare\r\nOnly interchange ability with original equipment is confirmed and any manufacturing defect is covered.<br>Validity : 30 Days.<br>', '186450.00', 'Pending', 25, 'STL', 46, 'BE-2890', '16-17', 4, 0, '2017-04-03', '0000-00-00', '', '0000-00-00', 0, 55, '16px');
INSERT INTO `quotations` (`id`, `customer_id`, `customer_address`, `employee_id`, `item_group_id`, `finalisation_date`, `customer_for_attention`, `customer_contact_no`, `enquiry_no`, `subject`, `text`, `additional_note`, `terms_conditions`, `total`, `status`, `company_id`, `qt1`, `qt2`, `qt3`, `qt4`, `created_by`, `edited_by`, `created_on`, `edited_on`, `reason`, `closing_date`, `revision`, `quotation_id`, `pdf_font_size`) VALUES
(56, 4, 'Bangur Nagar \r\nPost Box no 33\r\nBeawar; 305901', 11, 26, '2017-04-14', 'Mr. Abhishek Singh Chauhan', '9214337632', 'Email Enquiry for Oil Pump  Dated 22.03.2017', 'Offer for Johnson Pump with Motor for High Temp. Oil', 'With reference to above enquiry we are pleased to submit our quote as follows :-', '', '<p>Price Basis : Transporter Godown Beawar .<br>Packing &amp; Forwarding : Inclusive.</p><p>Discount @ 20 % as per agreed Terms&nbsp;</p><p>Sales Tax : Vat Extra @ 5.5%   or as applicable on date of dispatch.<br>Excise Duty : Extra as applicable for which we shall provide you EDGP to Claim Cenvat.<br>Delivery : Within 8 to 10 weeks from date of receipt of Techno-Commercially clear PO.<br>Freight &amp; Insurance : In Buyers account. In case of transit damage you will have to Claim from your Insurance Company.<br>Payment : Strictly within 30 days of receipt of material else interest will be charged @ 18 % p.a. for delayed period.<br>Warranty : For Pump &amp; Motors\r\nStandard as provided by manufacturer to be free from defects in both material &amp; workmanship for a period of 12 months from date of installation or 18 months from date of supply whichever is earlier. Provided the Motor/Pump is installed as per instructions. We shall not be liable for any loss and or consequential damages due to breakdown of the equipment either for repair purpose or otherwise. Winding failures is not covered under warranty.&nbsp;<br>Validity : 30 Days.<br></p>', '222491.00', 'Pending', 25, 'STL', 47, 'DC-14', '16-17', 4, 0, '2017-04-03', '0000-00-00', '', '0000-00-00', 0, 56, '16px'),
(57, 2, 'UNIT:ADITYA CEMENT WORKS\r\nAdityapuram Shambhura\r\nChittorgarh', 11, 15, '2017-04-12', 'Mr. Ujjwal saxena', '1472221002', 'verbal Enquiry Dated 03/04/2017', 'Offer for Tushaco Pump Spare', 'We are thank you for your enquiry for Spares and we being authorized dealer of  TUSHACO make  Pumps are pleased to submit our offer as under :-', '', 'Price Basis : Ex-Our  Works Udaipur .<br>Packing &amp; Forwarding : Inclusive<br>Sales Tax : Vat Extra @ 14.5%   or as applicable on date of dispatch.<br>Excise Duty : Extra if applicable for which we shall provide you EDGP to Claim Cenvat.<br>Delivery : Within 6 to 8 weeks from date of receipt of Techno-Commercially clear PO.<br>Freight &amp; Insurance : In Buyers account. In case of transit damage you will have to Claim from your Insurance Company.<br>Payment : Strictly within 30 days of receipt of material else interest will be charged @ 18 % p.a. for delayed period.<br>Warranty : For Spare\r\nOnly interchange ability with original equipment is confirmed and any manufacturing defect is covered.<br>Validity : 30 Days.<br>', '15700.00', 'Pending', 25, 'STL', 48, 'DC-15', '16-17', 4, 0, '2017-04-03', '0000-00-00', '', '0000-00-00', 0, 57, '16px'),
(58, 1, 'Dariba Smelter Complex\r\nRajpura Dariba Mines\r\nRajsamand - 313211', 11, 4, '2017-04-17', 'Mr Aditya Jalan', '8003093638', 'Email Enquiry dated: 04/04/2017', 'BE 3156 offer for DARLING make Submersible pumps', 'We are thank you for your enquiry for Pump and we being authorized dealer of \r\n\r\nDarling  Pumps are pleased to submit our offer as under:\r\n\r\n', 'You may placed repeat order as per earleir PO No.: 4100086619 dated : 20/01/2017', '<p>Price Basis : Ex-Our  Works Udaipur .<br>Packing &amp; Forwarding : Inclusive<br>Sales Tax : 2 &nbsp;% CST Against C &amp; E1 Form<br>Excise Duty : Extra as applicable for which we shall provide you EDGP to Claim Cenvat.<br>Delivery : Within 2 to 4 weeks from date of receipt of Techno-Commercially clear PO.</p><p>LD Clause : &nbsp;Will be Applicable from 8 Weeks from date of PO</p><p>Payment : Strictly within 30 days of receipt of material else interest will be charged @ 18 % p.a. for delayed period..<br>Validity : 30 Days.<br></p>', '92610.00', 'Pending', 25, 'STL', 49, 'DC-16', '17-18', 11, 0, '2017-04-04', '0000-00-00', '', '0000-00-00', 0, 58, '16px'),
(59, 124, 'G-138 to 142,4th Phase,\r\nRiico Industrial Area, Bhilwara-311001 (Raj.)\r\n', 15, 1, '2017-04-15', 'Mr. Atul Ji', '9001895174', 'As per your email enquiry.', 'Quote for Johnson pump.', 'We thank you for your valuable  enquiry and  we are pleased to submit our quote as follows :-', '', '<ol><li style="text-align: justify;">Price Basis : Ex-Our  Works Udaipur .</li><li style="text-align: justify;">Packing &amp; Forwarding : Extra @ 2 %</li><li style="text-align: justify;">Sales Tax : Vat Extra @ 5.5%   or as applicable on date of dispatch.</li><li style="text-align: justify;">Delivery &nbsp; : One Unit Ready Stock or Within 6 to 8 weeks from date of receipt of Techno-Commercially clear PO.</li><li style="text-align: justify;">Freight &amp; Insurance : In Buyers account.&nbsp;</li><li style="text-align: justify;">Payment &nbsp; : 100% advance agst PI</li><li style="text-align: justify;">Warranty : For Pump &amp; Motors\r\nStandard as provided by manufacturer to be free from defects in both material &amp; workmanship for a period of 12 months from date of installation or 18 months from date of supply whichever is earlier. Provided the Motor/Pump is installed as per instructions.&nbsp;</li><li style="text-align: justify;">Validity : 30 Days.</li></ol>', '66400.00', 'Pending', 25, 'STL', 50, 'DC-17', '17-18', 15, 0, '2017-04-05', '0000-00-00', '', '0000-00-00', 0, 59, '16px'),
(60, 69, '68th Milestone, N.H.8, \r\nVillage-Joniawas, Dharuhera-122100,\r\nDistt-Rewari, (Haryana)', 15, 16, '2017-04-12', 'Mr. Ajay Prakash Singh', '9991735166', 'As per your email enquiry.', 'Quote for Johnson Spares.', 'With reference to above enquiry we are pleased to submit our quote as follows :-', 'You may please place repeat order your PO no. 4300068744  dated 08.07.2016.', '<ol><li style="text-align: justify; line-height: 1;">Price Basis : Ex-Our  Works Udaipur .</li><li style="text-align: justify; line-height: 1;">Packing &amp; Forwarding : Extra @ 2%</li><li style="text-align: justify; line-height: 1;">Sales Tax : 2% CST agst C form or as applicable time of dispatch</li><li style="text-align: justify; line-height: 1;">Delivery : Ready stock or Within 2 to 3 weeks from date of receipt of Techno-Commercially clear PO.</li><li style="text-align: justify; line-height: 1;">Freight &amp; Insurance : In Buyers account. In case of transit damage you will have to Claim from your Insurance Company.</li><li style="text-align: justify; line-height: 1;">Payment : Strictly within 3 days of receipt of material else interest will be charged @ 18 % p.a. for delayed period.</li><li style="text-align: justify; line-height: 1;">Warranty : For Spare\r\nOnly interchange ability with original equipment is confirmed and any manufacturing defect is covered.</li><li style="text-align: justify; line-height: 1;">Validity : 30 Days.</li></ol>', '12920.00', 'Pending', 25, 'STL', 51, 'BE-2942', '17-18', 16, 0, '2017-04-05', '0000-00-00', '', '0000-00-00', 0, 60, '16px'),
(61, 30, 'Village -Khapradig ,Teh :-Simga\r\nBhatapara ,Baloda Bazar Raipur -493332\r\nChattisgarh', 11, 15, '2017-04-15', 'Shadaab Alam Rizvi', '8349301232', 'RFQ No. 573131 dated : 06.04.2017', 'Offer for Mechanical Seal of TUSHACO Pump', 'We thank you very much for valuable enquiry for Mechanical Seal of Tushaco Pumps we being Authorised dealer of Tushaco make Pump Kindly check our offer as below:\r\n', '', '<p>Price Basis : Ex Transporter Godown Baloda Bazar.<br>Packing &amp; Forwarding : Inclusive<br>Sales Tax : 2 % CST against C form or As Applicable date at the &nbsp;time of dispatch<br>Excise Duty : Extra if applicable for which we shall provide you EDGP to Claim Cenvat.<br>Delivery : Within 6 to 8 weeks from date of receipt of Techno-Commercially clear PO.<br>Payment : 30 days of receipt of material</p><p>&nbsp;Warranty :For Spare\r\nOnly interchange ability with original equipment is confirmed and any manufacturing defect is covered.<br>Discount : 20 % on quoted price.<br>Validity : 30 Days.&nbsp;<br></p>', '47250.00', 'Pending', 25, 'STL', 52, 'BE-3241', '17-18', 11, 0, '2017-04-06', '0000-00-00', '', '0000-00-00', 0, 61, '16px'),
(62, 96, 'RSPL Group, Plot No.119-121, Block P&T, Kalpi Road, Fazalganj, Kanpur-208012 (UP)\r\n\r\n', 15, 26, '2017-04-15', 'Mr. Akshay Agarwal ', '7318214777', 'Your email enquiry dated 30.03.2017.', 'Quote for Johnson SS centrifugal Pump', 'With reference to your enquiry we are pleased to submit our quote as follows :-', 'We have Quote Half Open Impeller Pump.', '<ol><li style="text-align: justify;">Price Basis : Ex-Our  Works Udaipur .</li><li style="text-align: justify;">Packing &amp; Forwarding : Extra @ 2%</li><li style="text-align: justify;">Sales Tax : 2% CST agst C form &nbsp; or as applicable on date of dispatch.</li><li style="text-align: justify;">Excise Duty : Extra if applicable for which we shall provide you EDGP to Claim Cenvat.</li><li style="text-align: justify;">Delivery : Within 10 to 12 weeks from date of receipt of Techno-Commercially clear PO.</li><li style="text-align: justify;">Freight &amp; Insurance : In Buyers account. In case of transit damage you will have to Claim from your Insurance Company.</li><li style="text-align: justify;">Payment : 50% advance with order copy balance agst PI</li><li style="text-align: justify;">Warranty : For Pump &amp; Motors\r\nStandard as provided by manufacturer to be free from defects in both material &amp; workmanship for a period of 12 months from date of installation or 18 months from date of supply whichever is earlier. Provided the Motor/Pump is installed as per instructions. We shall not be liable for any loss and or consequential damages due to breakdown of the equipment either for repair purpose or otherwise.&nbsp;</li><li style="text-align: justify;">Validity : 30 Days.</li></ol>', '215500.00', 'Pending', 27, 'FMSL', 3, 'DC-6', '17-18', 15, 0, '2017-04-07', '0000-00-00', '', '0000-00-00', 0, 62, '16px'),
(63, 30, 'Village -Khapradig ,Teh :-Simga\r\nBhatapara ,Baloda Bazar Raipur -493332\r\nChattisgarh', 11, 4, '2017-04-25', 'Shadaab Alam Rizvi', '8349301232', 'RFQ No. 558372, 571678 dated : 06.04.2017', 'Offer for Darling make Submersible dewatering Pumps', 'We are thank you for your enquiry for Pumps and we being authorized dealer of  Darling Pumps are pleased to submit our offer as under:\r\n', '', 'Price Basis : Ex Transporter Godown Baloda Bazar<br>Packing &amp; Forwarding : Inclusive<br>Sales Tax : 2 % CST against C form &nbsp;or as applicable on date of dispatch.<br>Excise Duty : Extra if applicable for which we shall provide you EDGP to Claim Cenvat.<br>Delivery : Within 4 to 6 &nbsp;weeks or earlier from date of receipt of Techno-Commercially clear PO.<br>Payment : Strictly within 30 days of receipt of material else interest will be charged @ 18 % p.a. for delayed period.<br>Warranty : For Pump &amp; Motors\r\nStandard as provided by manufacturer to be free from defects in both material &amp; workmanship for a period of 12 months from date of installation or 18 months from date of supply whichever is earlier. Provided the Motor/Pump is installed as per instructions. We shall not be liable for any loss and or consequential damages due to breakdown of the equipment either for repair purpose or otherwise. Winding failures is not covered under warranty.&nbsp;<br>Discount : &nbsp; 20 % on quoted prices<br>Validity : 30 Days.<br>', '418700.00', 'Pending', 25, 'STL', 53, 'DC-18', '17-18', 11, 0, '2017-04-07', '0000-00-00', '', '0000-00-00', 0, 63, '16px'),
(64, 66, 'RSWM Limited,\r\n(Unit- Mandpam)PB No. 13\r\nBhilwara-311001', 15, 26, '2017-04-30', 'Sh. Singhal Sir', '9414034874', 'Your email enquiry dated 06.04.2017', 'Quote for Johnson Pump Unit', 'With reference to your enquiry we are pleased to submit our quote as follows :-', '', '<ol><li style="text-align: justify;">Price Basis : Ex-Our  Works Udaipur .</li><li style="text-align: justify;">Packing &amp; Forwarding : Extra @2 %</li><li style="text-align: justify;">Sales Tax : Vat Extra @ 5.5%   or as applicable on date of dispatch.</li><li style="text-align: justify;">Excise Duty : Extra as applicable for which we shall provide you EDGP to Claim Cenvat.</li><li style="text-align: justify;">Delivery : Within 12 to 14 weeks from date of receipt of Techno-Commercially clear PO.</li><li style="text-align: justify;">Freight &amp; Insurance : In Buyers account. In case of transit damage you will have to Claim from your Insurance Company.</li><li style="text-align: justify;">Payment : Strictly within 30 days of receipt of material else interest will be charged @ 18 % p.a. for delayed period.</li><li style="text-align: justify;">Warranty : For Pump &amp; Motors\r\nStandard as provided by manufacturer to be free from defects in both material &amp; workmanship for a period of 12 months from date of installation or 18 months from date of supply whichever is earlier. Provided the Motor/Pump is installed as per instructions. We shall not be liable for any loss and or consequential damages due to breakdown of the equipment either for repair purpose or otherwise.&nbsp;</li><li style="text-align: justify;">Validity : 30 Days.</li></ol>', '225000.00', 'Pending', 25, 'STL', 54, 'BE-3320', '17-18', 15, 0, '2017-04-07', '0000-00-00', '', '0000-00-00', 0, 64, '16px'),
(65, 129, '7 -12, Sec - 6, HSIIDC, \r\nBawal, Distt. Rewari, \r\n123501 (Haryana) \r\n', 15, 15, '2017-04-17', 'Mr. Abhishek Tiwari', '9996117965', 'As per your email enquiry.', 'Quote for Tushaco Spares.', 'With reference to your enquiry we are pleased to submit our quote as follows :-', '', '<ol><li style="text-align: justify; line-height: 1.2;">Price Basis : Ex-Our  Works Udaipur .</li><li style="text-align: justify; line-height: 1.2;">Packing &amp; Forwarding : Extra @ 2%</li><li style="text-align: justify; line-height: 1.2;">Sales Tax : 2% CST agst C form or as applicable on date of dispatch.</li><li style="text-align: justify; line-height: 1.2;">Delivery : Within 4 to 6 weeks from date of receipt of Techno-Commercially clear PO.</li><li style="text-align: justify; line-height: 1.2;">Freight &amp; Insurance : In Buyers account. In case of transit damage you will have to Claim from your Insurance Company.</li><li style="text-align: justify; line-height: 1.2;">Payment : 100% advance agst PI</li><li style="text-align: justify; line-height: 1.2;">Warranty : For Spare\r\nOnly interchange ability with original equipment is confirmed and any manufacturing defect is covered.</li><li style="text-align: justify; line-height: 1.2;">Validity : 30 Days.</li></ol>', '28000.00', 'Pending', 27, 'FMSL', 4, 'DC-19', '17-18', 15, 0, '2017-04-07', '0000-00-00', '', '0000-00-00', 0, 65, '16px'),
(66, 128, 'Village Chohal |Hoshiarpur |146024 Punjab | India\r\n', 15, 27, '2017-04-30', 'Shamsher Singh', '9876166995', 'Your email enquiry dated 11.04.2017.', 'Quote for Antico Pumps', 'With reference to your enquiry we are pleased to submit our quote as follows :-', '', '<ol><li style="text-align: justify;">Price Basis : Ex-Our  Works Udaipur .</li><li style="text-align: justify;">Packing &amp; Forwarding : Extra @ 3%</li><li style="text-align: justify;">Sales Tax : 2% CST agst C form &nbsp;as applicable on date of dispatch.</li><li style="text-align: justify;">Excise Duty : Extra if applicable for which we shall provide you EDGP to Claim Cenvat.</li><li style="text-align: justify;">Delivery : Within 2 to 3 weeks from date of receipt of Techno-Commercially clear PO.</li><li style="text-align: justify;">Freight &amp; Insurance : In Buyers account. In case of transit damage you will have to Claim from your Insurance Company.</li><li style="text-align: justify;">Payment : 100% advance agst PI</li><li style="text-align: justify;">Warranty : For Pump &amp; Motors\r\nStandard as provided by manufacturer to be free from defects in both material &amp; workmanship for a period of 12 months from date of installation or 18 months from date of supply whichever is earlier. Provided the Motor/Pump is installed as per instructions. We shall not be liable for any loss and or consequential damages due to breakdown of the equipment either for repair purpose or otherwise.&nbsp;</li><li style="text-align: justify;">Validity : 30 Days.</li></ol>', '49500.00', 'Pending', 25, 'STL', 55, 'BE-2999', '17-18', 15, 0, '2017-04-11', '0000-00-00', '', '0000-00-00', 0, 66, '16px'),
(67, 66, '(Unit- Mandpam)\r\nPB No. 13\r\nBhilwara-311001', 15, 16, '2017-04-20', 'Aashish Tomar', '9782258181', 'Your email enquiry dated 11.04.2017', 'Quote for Johnson Pump Spares', 'With reference to your enquiry we are pleased to submit our quote as follows :-', '', '<ol><li style="text-align: justify;">Price Basis : Ex-Our  Works Udaipur .</li><li style="text-align: justify;">Packing &amp; Forwarding : Inclusive</li><li style="text-align: justify;">Sales Tax : Vat Extra @ 5.5%   or as applicable on date of dispatch.</li><li style="text-align: justify;">Delivery : Within 3 to 4 weeks from date of receipt of Techno-Commercially clear PO.<br></li><li style="text-align: justify;">Freight &amp; Insurance : In Buyers account. In case of transit damage you will have to Claim from your Insurance Company.</li><li style="text-align: justify;">Payment : Strictly within 30 days of receipt of material else interest will be charged @ 18 % p.a. for delayed period.</li><li style="text-align: justify;">Warranty : FFor Spare\r\nOnly interchange ability with original equipment is confirmed and any manufacturing defect is covered.</li><li style="text-align: justify;">Discount : 10@ % on quoted price.</li><li style="text-align: justify;">Validity : 30 Days.</li></ol>', '10592.00', 'Pending', 25, 'STL', 56, 'BE-3320', '17-18', 15, 0, '2017-04-11', '0000-00-00', '', '0000-00-00', 0, 67, '16px'),
(68, 123, 'Udai Sagar Road,\r\nDistt- Udaipur, \r\n313001 (Raj.)', 4, 4, '2017-04-14', 'Mr. Vimal Nagar', '2942492451', 'Price offer for Kitchen Waste ', 'Offer for Darling Pump', 'We are thank you for your enquiry for Pump and we being authorized dealer of \r\nDarling  make Pumps are pleased to submit our offer as under:\r\n', '', 'Price Basis : Ex-Our  Works Udaipur .<br>Packing &amp; Forwarding : Inclusive<br>Sales Tax : Vat Extra @ 5.5%   or as applicable on date of dispatch.<br>Excise Duty : Extra as applicable for which we shall provide you EDGP to Claim Cenvat.<br>Delivery : Within 4 to 6 weeks from date of receipt of Techno-Commercially clear PO.<br>Freight &amp; Insurance : In Buyers account. In case of transit damage you will have to Claim from your Insurance Company.<br>Payment : Strictly within 15 days of receipt of material else interest will be charged @ 18 % p.a. for delayed period.<br>Warranty : For Pump &amp; Motors\r\nStandard as provided by manufacturer to be free from defects in both material &amp; workmanship for a period of 12 months from date of installation or 18 months from date of supply whichever is earlier. Provided the Motor/Pump is installed as per instructions. We shall not be liable for any loss and or consequential damages due to breakdown of the equipment either for repair purpose or otherwise. Winding failures is not covered under warranty.&nbsp;<br>Validity : 30 Days.<br>', '49500.00', 'Pending', 25, 'STL', 57, 'DC-18', '17-18', 4, 0, '2017-04-11', '0000-00-00', '', '0000-00-00', 0, 68, '16px'),
(69, 48, 'Corporate Procurement (NRM) |Jindal Saw Limited\r\n28 | ShivaJi Marg |Opp. CTC Mall |New Delhi - 110015 ', 15, 18, '2017-04-30', 'Mr. Satpal Marwah', '9958777464', 'Your email enquiry dated 12.04.2017', 'Quote for Darling Pump Spares', 'We thank you very much for your valuable enquiry, we being authorised dealer for DARLING pumps  are pleased to submit our offer as below : \r\n\r\n', 'You may please place repeat order your PO no. 4730012282 dated 18.02.2016.', '<ol><li style="text-align: justify;">Price Basis &nbsp; &nbsp; : Your Transporter Godown Bhilwara</li><li style="text-align: justify;">Packing &amp; Forwarding : Inclusive</li><li style="text-align: justify;">Sales Tax &nbsp; &nbsp; &nbsp; : 2% CST agst C and E1 form as applicable on date of dispatch.</li><li style="text-align: justify;">Excise Duty : Extra as applicable for which we shall provide you EDGP to Claim Cenvat.</li><li style="text-align: justify;">Delivery : Within 10 to 12 weeks from date of receipt of Techno-Commercially clear PO.</li><li style="text-align: justify;">Freight &amp; Insurance : In Buyers account. In case of transit damage you will have to Claim from your Insurance Company.</li><li style="text-align: justify;">Payment &nbsp; &nbsp; &nbsp; : Strictly within 15 days of receipt of material else interest will be charged @ 18 % p.a. for delayed period.</li><li style="text-align: justify;">Warranty &nbsp; &nbsp; : &nbsp;For Spare\r\nOnly interchange ability with original equipment is confirmed and any manufacturing defect is covered.</li><li style="text-align: justify;">Validity &nbsp; &nbsp; &nbsp; &nbsp; &nbsp;: 30 Days.</li></ol>', '888830.00', 'Pending', 25, 'STL', 58, 'BE-3173', '17-18', 15, 0, '2017-04-12', '0000-00-00', '', '0000-00-00', 0, 69, '16px'),
(70, 61, 'P.O. Gadepan\r\nKota -325208', 15, 17, '2017-04-30', 'Mr. Akant Khanduri', '7442782614', 'Your email enquiry CFCL/PUR/121/ 0010084805 dated 07.04.2017.', 'Quote for Antico Pump Spares', 'With reference to your enquiry we are pleased to submit our quote as follows :-', '', '<ol><li style="text-align: justify;">Price Basis : Ex-Our  Works Udaipur .</li><li style="text-align: justify;">Packing &amp; Forwarding : Extra @ 2 %</li><li style="text-align: justify;">Sales Tax : Vat Extra @ 14.5%   or as applicable on date of dispatch.</li><li style="text-align: justify;">Delivery : Within 3 to 4 weeks from date of receipt of Techno-Commercially clear PO.</li><li style="text-align: justify;">Freight &amp; Insurance : In Buyers account. In case of transit damage you will have to Claim from your Insurance Company.</li><li style="text-align: justify;">Payment : Strictly within 30 days of receipt of material else interest will be charged @ 18 % p.a. for delayed period.</li><li style="text-align: justify;">Warranty : For Spare\r\nOnly interchange ability with original equipment is confirmed and any manufacturing defect is covered.</li><li style="text-align: justify;">Validity : 30 Days.</li></ol>', '16800.00', 'Pending', 25, 'STL', 59, 'DC-9', '17-18', 15, 0, '2017-04-12', '0000-00-00', '', '0000-00-00', 0, 70, '16px'),
(71, 45, 'Sangam House, Atun, Chittorgarh Road, \r\nBhilwara-311001', 15, 26, '2017-04-30', 'Mr. Rahul Tiwari', '7727006054', 'As per your email enquiry.', 'Quote for Johnson pump with Motor.', 'We are thank you for your enquiry and we being authorized dealer of JOHNSON make Pumps are pleased to submit our offer as under:-', '', '<p></p><p><ol></ol></p><ol><li style="text-align: justify;">Price Basis : Ex-Our  Works Udaipur .</li><li style="text-align: justify;">Packing &amp; Forwarding : Extra @ 2%</li><li style="text-align: justify;">Sales Tax : Vat Extra @ 5.5%   or as applicable on date of dispatch.</li><li style="text-align: justify;">Excise Duty : Extra as applicable for which we shall provide you EDGP to Claim Cenvat.</li><li style="text-align: justify;">Delivery : Ready Stock or Within 4 to 6 weeks from date of receipt of Techno-Commercially clear PO.</li><li style="text-align: justify;">Freight &amp; Insurance : In Buyers account. In case of transit damage you will have to Claim from your Insurance Company.</li><li style="text-align: justify;">Payment : Strictly within 30 days of receipt of material else interest will be charged @ 18 % p.a. for delayed period.</li><li style="text-align: justify;">Warranty : For Pump &amp; Motors\r\nStandard as provided by manufacturer to be free from defects in both material &amp; workmanship for a period of 12 months from date of installation or 18 months from date of supply whichever is earlier. Provided the Motor/Pump is installed as per instructions. We shall not be liable for any loss and or consequential damages due to breakdown of the equipment either for repair purpose or otherwise.</li><li style="text-align: justify;">Validity : 30 Days.</li></ol>', '42000.00', 'Pending', 25, 'STL', 60, 'BE-3356', '17-18', 15, 0, '2017-04-13', '0000-00-00', '', '0000-00-00', 0, 71, '16px'),
(72, 96, 'RSPL Group, Plot No.119-121, Block P&T, Kalpi Road, Fazalganj, Kanpur-208012 (UP)\r\n\r\n', 15, 2, '2017-04-25', 'Mr. Akshay Agarwal ', '7318214777', 'Your email enquiry dated 14.04.2017.', 'Quote for Tushaco Pumps', 'With reference to your enquiry we are pleased to submit our quote as follows :-', '', '<ol><li style="text-align: justify;">Price Basis : Ex-Our  Works Udaipur .</li><li style="text-align: justify;">Packing &amp; Forwarding : Extra @ 2%</li><li style="text-align: justify;">Sales Tax : 2% CST agst C form &nbsp;or as applicable on date of dispatch.</li><li style="text-align: justify;">Delivery : Within 4 to 6 weeks from date of receipt of Techno-Commercially clear PO.</li><li style="text-align: justify;">Freight &amp; Insurance : In Buyers account. In case of transit damage you will have to Claim from your Insurance Company.</li><li style="text-align: justify;">Payment : 100% advance agst PI</li><li style="text-align: justify;">Warranty : For Pump &amp; Motors\r\nStandard as provided by manufacturer to be free from defects in both material &amp; workmanship for a period of 12 months from date of installation or 18 months from date of supply whichever is earlier. Provided the Motor/Pump is installed as per instructions. We shall not be liable for any loss and or consequential damages due to breakdown of the equipment either for repair purpose or otherwise.</li><li style="text-align: justify;">Validity : 30 Days.</li></ol>', '25700.00', 'Pending', 27, 'FMSL', 5, 'DC-6', '17-18', 15, 0, '2017-04-14', '0000-00-00', '', '0000-00-00', 0, 72, '16px'),
(73, 132, 'Unit - Ringas\r\nCIN: L17115RJ1960PLC008216\r\nSP-1,Industrial Area,Ringas-332404(Raj.)\r\n', 15, 16, '2017-04-20', 'Rajesh Kumar Dixit', '9413357092', 'Your email enquiry dated 14.04.2017.', 'Quote for Johnson Pump spares', 'With reference to your enquiry we are pleased to submit our quote as follows :-', '', '<ol><li style="text-align: justify;">Price Basis : Ex-Our  Works Udaipur .</li><li style="text-align: justify;">Packing &amp; Forwarding : Extra @  2%</li><li style="text-align: justify;">Sales Tax : Vat Extra @ 5.5%   or as applicable on date of dispatch.</li><li style="text-align: justify;">Delivery : Within 3 to 4 weeks from date of receipt of Techno-Commercially clear PO.</li><li style="text-align: justify;">Freight &amp; Insurance : In Buyers account. In case of transit damage you will have to Claim from your Insurance Company.</li><li style="text-align: justify;">Payment : Strictly within 30 days of receipt of material else interest will be charged @ 18 % p.a. for delayed period.</li><li style="text-align: justify;">Warranty : For Spare\r\nOnly interchange ability with original equipment is confirmed and any manufacturing defect is covered</li><li style="text-align: justify;">Validity : 30 Days.</li></ol>', '80940.00', 'Pending', 25, 'STL', 61, 'BE-2523', '17-18', 15, 0, '2017-04-14', '0000-00-00', '', '0000-00-00', 0, 73, '16px'),
(74, 29, 'Bangur City\r\nPO RAS-306107\r\nTehsil :Jaitaran\r\nDist. Pali\r\n', 11, 3, '2017-04-30', 'Mr. Ravi Kant Nagar', '9214037552', 'Verbal enquiry during plant Visit on Dt. 15.04.17', 'Offer for Positive make Dosing Pump', 'We are thank you for your enquiry for Dosing Pump and we being authorized dealer of Positive Pumps are pleased to submit our offer as under :', '', '<p>Price Basis : Ex-Transporter Godown Beawar .</p><p>Discount : @ 20% on quoted price.</p><p>Packing &amp; Forwarding : Inclusive</p><p>Sales Tax : Vat Extra @ 14.5%   or as applicable on date of dispatch.<br>Delivery : Ready-Stock<br>Freight &amp; Insurance : In Buyers account. In case of transit damage you will have to Claim from your Insurance Company.<br>Payment : Strictly within 30 days of receipt of material else interest will be charged @ 18 % p.a. for delayed period.<br>Warranty : For Pump &amp; Motors\r\nStandard as provided by manufacturer to be free from defects in both material &amp; workmanship for a period of 12 months from date of installation or 18 months from date of supply whichever is earlier. Provided the Motor/Pump is installed as per instructions. We shall not be liable for any loss and or consequential damages due to breakdown of the equipment either for repair purpose or otherwise. Winding failures is not covered under warranty.&nbsp;<br>Validity : 30 Days.<br></p>', '9500.00', 'Pending', 25, 'STL', 62, 'DC-19', '17-18', 4, 0, '2017-04-17', '0000-00-00', '', '0000-00-00', 0, 74, '16px'),
(75, 47, 'Chittor cement plant,\r\nVill- Bhavliya, Tehsil- Nimbahera-312620', 15, 4, '2017-04-30', 'Mr. Abhineet Agarwal ', '8003490569', 'As per your email enquiry.', 'Quote for Darling Pump.', 'With reference to email enquiry we are pleased to submit our quote as follows :-', '', '<ol><li style="text-align: justify;">Price Basis : Ex-your transporter Godown Nimbahera .</li><li style="text-align: justify;">Packing &amp; Forwarding : Inclusive</li><li style="text-align: justify;">Sales Tax : 2% CST agst C and E1 sale as applicable on date of dispatch.</li><li style="text-align: justify;">Excise Duty : Extra as applicable for which we shall provide you EDGP to Claim Cenvat.</li><li style="text-align: justify;">Delivery : Within 3 to 4 weeks from date of receipt of Techno-Commercially clear PO.</li><li style="text-align: justify;">Freight &amp; Insurance : In Buyers account. In case of transit damage you will have to Claim from your Insurance Company.</li><li style="text-align: justify;">Payment : Strictly within 30 days of receipt of material else interest will be charged @ 18 % p.a. for delayed period.</li><li style="text-align: justify;">Warranty : For Pump &amp; Motors\r\nStandard as provided by manufacturer to be free from defects in both material &amp; workmanship for a period of 12 months from date of installation or 18 months from date of supply whichever is earlier. Provided the Motor/Pump is installed as per instructions. We shall not be liable for any loss and or consequential damages due to breakdown of the equipment either for repair purpose or otherwise. Winding failures is not covered under warranty.&nbsp;</li><li style="text-align: justify;">Validity : 30 Days.</li><li style="text-align: justify;">Discount &nbsp; : 10% on our quoted Price and &nbsp;should be order qty &nbsp;5 Nos.</li></ol>', '607750.00', 'Pending', 25, 'STL', 63, 'DC-2', '17-18', 16, 0, '2017-04-17', '0000-00-00', '', '0000-00-00', 0, 75, '16px'),
(76, 96, 'RSPL Group, Plot No.119-121, Block P&T, Kalpi Road, Fazalganj, Kanpur-208012 (UP)\r\n\r\n', 15, 2, '2017-04-25', 'Mr. Akshay Agarwal ', '7318214777', 'Your email enquiry dated 21.04.2017.', 'Quote for Tushaco Pumps', 'With reference to above enquiry we are pleased to submit our quote as follows :-', '', '\r\n					<ol><li style="text-align: justify;">Price Basis : Ex-Our  Works Udaipur .</li><li style="text-align: justify;">Packing &amp; Forwarding : Extra @ 2%</li><li style="text-align: justify;">Sales Tax : 2% CST agst C form &nbsp;or as applicable on date of dispatch.</li><li style="text-align: justify;">Delivery : Within 4 to 6 weeks from date of receipt of Techno-Commercially clear PO.</li><li style="text-align: justify;">Freight &amp; Insurance : In Buyers account. In case of transit damage you will have to Claim from your Insurance Company.</li><li style="text-align: justify;">Payment : 100% advance agst PI</li><li style="text-align: justify;">Warranty : For Pump &amp; Motors\r\nStandard as provided by manufacturer to be free from defects in both material &amp; workmanship for a period of 12 months from date of installation or 18 months from date of supply whichever is earlier. Provided the Motor/Pump is installed as per instructions. We shall not be liable for any loss and or consequential damages due to breakdown of the equipment either for repair purpose or otherwise.</li><li style="text-align: justify;">Validity : 30 Days.</li></ol>\r\n				', '21500.00', 'Pending', 27, 'FMSL', 6, 'DC-6', '17-18', 15, 0, '2017-04-21', '0000-00-00', '', '0000-00-00', 0, 76, '16px');

-- --------------------------------------------------------

--
-- Table structure for table `quotation_close_reasons`
--

CREATE TABLE IF NOT EXISTS `quotation_close_reasons` (
  `id` int(10) NOT NULL AUTO_INCREMENT,
  `reason` text NOT NULL,
  PRIMARY KEY (`id`)
) ENGINE=MyISAM  DEFAULT CHARSET=latin1 AUTO_INCREMENT=9 ;

--
-- Dumping data for table `quotation_close_reasons`
--

INSERT INTO `quotation_close_reasons` (`id`, `reason`) VALUES
(1, 'Price was Higher'),
(2, 'Delivery was long'),
(3, 'Requirement cancelled'),
(4, 'Requirement Postponed'),
(5, 'Other Brand preferred'),
(6, 'No response or reply'),
(7, 'Order placed without consulting us'),
(8, 'Technically not suitable');

-- --------------------------------------------------------

--
-- Table structure for table `quotation_rows`
--

CREATE TABLE IF NOT EXISTS `quotation_rows` (
  `id` int(10) NOT NULL AUTO_INCREMENT,
  `quotation_id` int(10) NOT NULL,
  `item_id` int(10) NOT NULL,
  `description` text NOT NULL,
  `quantity` int(5) NOT NULL,
  `rate` decimal(10,2) NOT NULL,
  `amount` decimal(15,2) NOT NULL,
  `height` int(10) DEFAULT '0',
  PRIMARY KEY (`id`)
) ENGINE=InnoDB  DEFAULT CHARSET=latin1 AUTO_INCREMENT=244 ;

--
-- Dumping data for table `quotation_rows`
--

INSERT INTO `quotation_rows` (`id`, `quotation_id`, `item_id`, `description`, `quantity`, `rate`, `amount`, `height`) VALUES
(3, 1, 926, '<div class="MsoNoSpacing" style="MARGIN: 0in 0in 0pt"></div><p>\r\n</p><br>', 2, '49500.00', '99000.00', 21),
(5, 3, 927, '<p>Indent No : 7464</p><p>Pump Model:- CCR 32 160</p><p>Liquid : Normal Water</p><p>Capacity: 5m3/hr</p><p>Head:40 mtr</p><p>Suction X Discharge : 50 X 32 mm</p><p>Design : Centrifugal</p><p>Temperature /PH / SG :Ambient / 6-7/ 1</p><p>Sealing : Gland Packing</p><p>MOC: Casing/Impeller/ Shaft :SS 316</p><p>Bearing Housing: CI</p><p>Motor Power :3 HP ,2900 rpm</p>', 1, '50990.00', '50990.00', 40),
(6, 3, 928, '<p>Indent No : 7498</p><p>Pump Model : CCR 65 125</p><p>Liquid : Effluent</p><p>Capacity : 90 m3/hr</p><p>Head : 20 Mtrs</p><p>Suction X Discharge : 80 X 50 mm</p><p>Design :Centrifugal</p><p>Temperature : 60 / SG : 1&nbsp;</p><p>Sealing :Gland Packing</p><p>MOC: Casing/Impeller/ Shaft :SS 316</p><p>Motor Power :10 HP &nbsp;2900 rpm</p>', 1, '78900.00', '78900.00', 40),
(7, 4, 930, '<p class="MsoNormal"><span style="font-family:&quot;Palatino Linotype&quot;,&quot;serif&quot;;\r\nmso-fareast-font-family:&quot;Times New Roman&quot;;mso-bidi-font-family:Calibri;\r\ncolor:black">Pump Model : CCR 40 160<o:p></o:p></span></p><p class="MsoNormal"><span style="font-family:&quot;Palatino Linotype&quot;,&quot;serif&quot;;\r\nmso-fareast-font-family:&quot;Times New Roman&quot;;mso-bidi-font-family:Calibri;\r\ncolor:black">Head: 30\r\nMeters&nbsp;&nbsp;&nbsp;&nbsp;&nbsp;&nbsp;&nbsp;&nbsp;&nbsp;&nbsp;&nbsp;&nbsp;&nbsp;&nbsp;&nbsp;&nbsp;&nbsp;&nbsp;&nbsp;&nbsp;&nbsp;&nbsp;&nbsp;\r\n&nbsp;&nbsp;&nbsp;&nbsp;&nbsp;&nbsp;&nbsp;</span></p><p class="MsoNormal"><span style="font-family:&quot;Palatino Linotype&quot;,&quot;serif&quot;;\r\nmso-fareast-font-family:&quot;Times New Roman&quot;;mso-bidi-font-family:Calibri;\r\ncolor:black"> Flow: 30 M3/Hr<o:p></o:p></span></p><p class="MsoNormal"><span style="font-family:&quot;Palatino Linotype&quot;,&quot;serif&quot;;\r\nmso-fareast-font-family:&quot;Times New Roman&quot;;mso-bidi-font-family:Calibri;\r\ncolor:black">MOC:&nbsp; SS 316 MOC Pump Shaft, Casing , Shaft Sleeve, Impeller<o:p></o:p></span></p><p class="MsoNormal"><span style="font-family:&quot;Palatino Linotype&quot;,&quot;serif&quot;;\r\nmso-fareast-font-family:&quot;Times New Roman&quot;;mso-bidi-font-family:Calibri;\r\ncolor:black">Sealing: Gland\r\nPacking&nbsp;&nbsp;&nbsp;&nbsp;&nbsp;&nbsp;&nbsp;&nbsp;&nbsp;&nbsp;&nbsp;&nbsp;&nbsp;&nbsp;&nbsp;&nbsp;&nbsp;&nbsp;&nbsp;</span></p><p class="MsoNormal"><span style="font-family:&quot;Palatino Linotype&quot;,&quot;serif&quot;;\r\nmso-fareast-font-family:&quot;Times New Roman&quot;;mso-bidi-font-family:Calibri;\r\ncolor:black">\r\nImpeller Type: Closed&nbsp;&nbsp;&nbsp;&nbsp;&nbsp; <o:p></o:p></span></p><p class="MsoNormal"><span style="font-family:&quot;Palatino Linotype&quot;,&quot;serif&quot;;\r\nmso-fareast-font-family:&quot;Times New Roman&quot;;mso-bidi-font-family:Calibri;\r\ncolor:black">Power: 7.5 HP/2900\r\nRPM&nbsp;&nbsp;&nbsp;&nbsp;&nbsp;&nbsp;&nbsp;&nbsp;&nbsp;&nbsp;&nbsp;&nbsp;&nbsp;&nbsp;&nbsp;</span></p><p class="MsoNormal"><span style="font-family:&quot;Palatino Linotype&quot;,&quot;serif&quot;;\r\nmso-fareast-font-family:&quot;Times New Roman&quot;;mso-bidi-font-family:Calibri;\r\ncolor:black">\r\nLiquid : Clear Water<o:p></o:p></span></p><p class="MsoNormal"><span style="font-family:&quot;Palatino Linotype&quot;,&quot;serif&quot;;\r\nmso-fareast-font-family:&quot;Times New Roman&quot;;mso-bidi-font-family:Calibri;\r\ncolor:black">Temp.:\r\nAmbient / S G : 1 <o:p></o:p></span></p><p class="MsoNormal"><span style="font-family:&quot;Palatino Linotype&quot;,&quot;serif&quot;;\r\nmso-fareast-font-family:&quot;Times New Roman&quot;;mso-bidi-font-family:Calibri;\r\ncolor:black">Suc*Dis Size: 50 x 32\r\nMM / P H&nbsp; : 7 <o:p></o:p></span></p><p>\r\n\r\n\r\n\r\n\r\n\r\n\r\n\r\n\r\n\r\n\r\n\r\n\r\n\r\n</p><p class="MsoNormal"><span style="font-family:&quot;Palatino Linotype&quot;,&quot;serif&quot;;\r\nmso-fareast-font-family:&quot;Times New Roman&quot;;mso-bidi-font-family:Calibri;\r\ncolor:black">Particle Size: Clear Water<o:p></o:p></span></p>', 1, '58500.00', '58500.00', 0),
(13, 8, 677, '<p>Pump Model : KGEN 11 3 G1</p>', 2, '8350.00', '16700.00', 0),
(14, 8, 679, '<p>Pump Model : KGEN 11 4 G1<br></p>', 2, '9420.00', '18840.00', 0),
(19, 6, 931, '<p class="MsoNormal" style="margin-bottom:0cm;margin-bottom:.0001pt;line-height:\r\nnormal"><span lang="EN-US" style="font-size:9.0pt;font-family:&quot;Palatino Linotype&quot;,&quot;serif&quot;;\r\nmso-fareast-font-family:&quot;Times New Roman&quot;;mso-bidi-font-family:Calibri;\r\ncolor:black;mso-ansi-language:EN-US">&nbsp;PR No :</span><span style="color: black; font-family: &quot;Palatino Linotype&quot;, serif; font-size: 9pt; background-color: transparent;">1610001589</span></p><p class="MsoNormal" style="margin-bottom:0cm;margin-bottom:.0001pt;line-height:\r\nnormal"><span lang="EN-US" style="font-size:9.0pt;font-family:&quot;Palatino Linotype&quot;,&quot;serif&quot;;\r\nmso-fareast-font-family:&quot;Times New Roman&quot;;mso-bidi-font-family:Calibri;\r\ncolor:black;mso-ansi-language:EN-US">Your Item Code :&nbsp;</span><span style="color: black; font-family: &quot;Palatino Linotype&quot;, serif; font-size: 9pt; background-color: transparent;">766842027100</span></p><p class="MsoNormal" style="margin-bottom:0cm;margin-bottom:.0001pt;line-height:\r\nnormal"><span lang="EN-US" style="font-size:9.0pt;font-family:&quot;Palatino Linotype&quot;,&quot;serif&quot;;\r\nmso-fareast-font-family:&quot;Times New Roman&quot;;mso-bidi-font-family:Calibri;\r\ncolor:black;mso-ansi-language:EN-US">Submersible Pump for Dewatering<o:p></o:p></span></p><p class="MsoNormal" style="margin-bottom:0cm;margin-bottom:.0001pt;line-height:\r\nnormal"><span lang="EN-US" style="font-size:9.0pt;font-family:&quot;Palatino Linotype&quot;,&quot;serif&quot;;\r\nmso-fareast-font-family:&quot;Times New Roman&quot;;mso-bidi-font-family:Calibri;\r\ncolor:black;mso-ansi-language:EN-US">Make : Darling &nbsp; &nbsp; &nbsp; &nbsp; &nbsp; &nbsp; &nbsp; &nbsp; &nbsp; &nbsp; &nbsp; &nbsp; &nbsp; &nbsp; &nbsp; &nbsp; &nbsp; &nbsp; &nbsp; &nbsp; &nbsp; &nbsp;&nbsp;</span><span style="color: black; font-family: &quot;Palatino Linotype&quot;, serif; font-size: 9pt; background-color: transparent;">&nbsp;Model : S 630</span></p><p class="MsoNormal" style="margin-bottom:0cm;margin-bottom:.0001pt;line-height:\r\nnormal"><span lang="EN-US" style="font-size:9.0pt;font-family:&quot;Palatino Linotype&quot;,&quot;serif&quot;;\r\nmso-fareast-font-family:&quot;Times New Roman&quot;;mso-bidi-font-family:Calibri;\r\ncolor:black;mso-ansi-language:EN-US">Capacity : 0 to 17.50LPS &nbsp; &nbsp; &nbsp; &nbsp; &nbsp; &nbsp; &nbsp; &nbsp; &nbsp; &nbsp; &nbsp; &nbsp; &nbsp; &nbsp; &nbsp;</span><span style="color: black; font-family: &quot;Palatino Linotype&quot;, serif; font-size: 9pt; background-color: transparent;">Head Range : 0 to 32 Mtrs</span></p><p class="MsoNormal" style="margin-bottom:0cm;margin-bottom:.0001pt;line-height:\r\nnormal"><span lang="EN-US" style="font-size:9.0pt;font-family:&quot;Palatino Linotype&quot;,&quot;serif&quot;;\r\nmso-fareast-font-family:&quot;Times New Roman&quot;;mso-bidi-font-family:Calibri;\r\ncolor:black;mso-ansi-language:EN-US">Delivery Outlet : 65 mm &nbsp; &nbsp; &nbsp; &nbsp; &nbsp; &nbsp; &nbsp; &nbsp; &nbsp; &nbsp; &nbsp; &nbsp; &nbsp; &nbsp; &nbsp;</span><span style="color: black; font-family: &quot;Palatino Linotype&quot;, serif; font-size: 9pt; background-color: transparent;">Cable Size 1*3*1.5</span></p><p>\r\n\r\n\r\n\r\n\r\n\r\n\r\n\r\n\r\n\r\n\r\n\r\n\r\n\r\n<span lang="EN-US" style="font-size:9.0pt;line-height:115%;font-family:&quot;Palatino Linotype&quot;,&quot;serif&quot;;\r\nmso-fareast-font-family:&quot;Times New Roman&quot;;mso-bidi-font-family:Calibri;\r\ncolor:black;mso-ansi-language:EN-US;mso-fareast-language:EN-IN;mso-bidi-language:\r\nAR-SA">Scope of Supply :Pump with 5 mtr Cable&nbsp;</span><br></p>', 2, '15435.00', '30870.00', 0),
(20, 6, 705, '<p class="MsoNormal" style="margin-bottom:0cm;margin-bottom:.0001pt;line-height:\r\nnormal"><span lang="EN-US" style="font-size:9.0pt;font-family:&quot;Palatino Linotype&quot;,&quot;serif&quot;;\r\nmso-fareast-font-family:&quot;Times New Roman&quot;;mso-bidi-font-family:Calibri;\r\ncolor:black;mso-ansi-language:EN-US"><span lang="EN-US" style="font-size: 9pt; line-height: 115%;">PR : 1100100683</span><br></span></p><p class="MsoNormal" style="margin-bottom:0cm;margin-bottom:.0001pt;line-height:\r\nnormal"><span lang="EN-US" style="font-size:9.0pt;font-family:&quot;Palatino Linotype&quot;,&quot;serif&quot;;\r\nmso-fareast-font-family:&quot;Times New Roman&quot;;mso-bidi-font-family:Calibri;\r\ncolor:black;mso-ansi-language:EN-US">Your Code :&nbsp;</span><span style="color: black; font-family: &quot;Palatino Linotype&quot;, serif; font-size: 9pt; background-color: transparent;">766872027010</span></p><p class="MsoNormal" style="margin-bottom:0cm;margin-bottom:.0001pt;line-height:\r\nnormal"><span lang="EN-US" style="font-size:9.0pt;font-family:&quot;Palatino Linotype&quot;,&quot;serif&quot;;\r\nmso-fareast-font-family:&quot;Times New Roman&quot;;mso-bidi-font-family:Calibri;\r\ncolor:black;mso-ansi-language:EN-US">Make : Johnson Pump<o:p></o:p></span></p><p class="MsoNormal" style="margin-bottom:0cm;margin-bottom:.0001pt;line-height:\r\nnormal"><span lang="EN-US" style="font-size:9.0pt;font-family:&quot;Palatino Linotype&quot;,&quot;serif&quot;;\r\nmso-fareast-font-family:&quot;Times New Roman&quot;;mso-bidi-font-family:Calibri;\r\ncolor:black;mso-ansi-language:EN-US">Model : CB 40C-160<o:p></o:p></span></p><p class="MsoNormal" style="margin-bottom:0cm;margin-bottom:.0001pt;line-height:\r\nnormal"><span lang="EN-US" style="font-size:9.0pt;font-family:&quot;Palatino Linotype&quot;,&quot;serif&quot;;\r\nmso-fareast-font-family:&quot;Times New Roman&quot;;mso-bidi-font-family:Calibri;\r\ncolor:black;mso-ansi-language:EN-US">Capacity : 25 m3/hr<o:p></o:p></span></p><p class="MsoNormal" style="margin-bottom:0cm;margin-bottom:.0001pt;line-height:\r\nnormal"><span lang="EN-US" style="font-size:9.0pt;font-family:&quot;Palatino Linotype&quot;,&quot;serif&quot;;\r\nmso-fareast-font-family:&quot;Times New Roman&quot;;mso-bidi-font-family:Calibri;\r\ncolor:black;mso-ansi-language:EN-US">Head : 30 Mtrs<o:p></o:p></span></p><p class="MsoNormal" style="margin-bottom:0cm;margin-bottom:.0001pt;line-height:\r\nnormal"><span lang="EN-US" style="font-size:9.0pt;font-family:&quot;Palatino Linotype&quot;,&quot;serif&quot;;\r\nmso-fareast-font-family:&quot;Times New Roman&quot;;mso-bidi-font-family:Calibri;\r\ncolor:black;mso-ansi-language:EN-US">Suc * Discharge : 65X40mm<o:p></o:p></span></p><p>\r\n\r\n\r\n\r\n\r\n\r\n\r\n\r\n\r\n\r\n<span lang="EN-US" style="font-size:9.0pt;line-height:115%;font-family:&quot;Palatino Linotype&quot;,&quot;serif&quot;;\r\nmso-fareast-font-family:&quot;Times New Roman&quot;;mso-bidi-font-family:Calibri;\r\ncolor:black;mso-ansi-language:EN-US;mso-fareast-language:EN-IN;mso-bidi-language:\r\nAR-SA">Rec. Motor Power : 5HP/2900 RPM</span></p><p><span lang="EN-US" style="font-size:9.0pt;line-height:115%;font-family:&quot;Palatino Linotype&quot;,&quot;serif&quot;;\r\nmso-fareast-font-family:&quot;Times New Roman&quot;;mso-bidi-font-family:Calibri;\r\ncolor:black;mso-ansi-language:EN-US;mso-fareast-language:EN-IN;mso-bidi-language:\r\nAR-SA">Scope Of Supply : Bare Pump<br></span><br></p>', 2, '17200.00', '34400.00', 0),
(23, 5, 735, '<p class="MsoNormal" style="margin-bottom:0cm;margin-bottom:.0001pt;line-height:\r\nnormal"><span style="color: black; font-family: &quot;Palatino Linotype&quot;, serif; background-color: transparent;">Liquid : Acidic</span><br></p><p class="MsoNormal" style="margin-bottom:0cm;margin-bottom:.0001pt;line-height:\r\nnormal"><span lang="EN-US" style="font-family:&quot;Palatino Linotype&quot;,&quot;serif&quot;;\r\nmso-fareast-font-family:&quot;Times New Roman&quot;;mso-bidi-font-family:Calibri;\r\ncolor:black;mso-ansi-language:EN-US">Model : CCR 32 125<o:p></o:p></span></p><p class="MsoNormal" style="margin-bottom:0cm;margin-bottom:.0001pt;line-height:\r\nnormal"><span lang="EN-US" style="font-family:&quot;Palatino Linotype&quot;,&quot;serif&quot;;\r\nmso-fareast-font-family:&quot;Times New Roman&quot;;mso-bidi-font-family:Calibri;\r\ncolor:black;mso-ansi-language:EN-US">Capacity : 20 m3/hr<o:p></o:p></span></p><p class="MsoNormal" style="margin-bottom:0cm;margin-bottom:.0001pt;line-height:\r\nnormal"><span lang="EN-US" style="font-family:&quot;Palatino Linotype&quot;,&quot;serif&quot;;\r\nmso-fareast-font-family:&quot;Times New Roman&quot;;mso-bidi-font-family:Calibri;\r\ncolor:black;mso-ansi-language:EN-US">Head : 20 Mtrs<o:p></o:p></span></p><p class="MsoNormal" style="margin-bottom:0cm;margin-bottom:.0001pt;line-height:\r\nnormal"><span lang="EN-US" style="font-family:&quot;Palatino Linotype&quot;,&quot;serif&quot;;\r\nmso-fareast-font-family:&quot;Times New Roman&quot;;mso-bidi-font-family:Calibri;\r\ncolor:black;mso-ansi-language:EN-US">SG : 1.3 /</span><span style="color: black; font-family: &quot;Palatino Linotype&quot;, serif; background-color: transparent;">PH : 1.5-4</span></p><p class="MsoNormal" style="margin-bottom:0cm;margin-bottom:.0001pt;line-height:\r\nnormal"><span lang="EN-US" style="font-family:&quot;Palatino Linotype&quot;,&quot;serif&quot;;\r\nmso-fareast-font-family:&quot;Times New Roman&quot;;mso-bidi-font-family:Calibri;\r\ncolor:black;mso-ansi-language:EN-US">Suc * Discharge : 50X32mm<o:p></o:p></span></p><p class="MsoNormal" style="margin-bottom:0cm;margin-bottom:.0001pt;line-height:\r\nnormal"><span lang="EN-US" style="font-family:&quot;Palatino Linotype&quot;,&quot;serif&quot;;\r\nmso-fareast-font-family:&quot;Times New Roman&quot;;mso-bidi-font-family:Calibri;\r\ncolor:black;mso-ansi-language:EN-US">Sealing : Mechanical Seal<o:p></o:p></span></p><p class="MsoNormal" style="margin-bottom:0cm;margin-bottom:.0001pt;line-height:\r\nnormal"><span lang="EN-US" style="font-family:&quot;Palatino Linotype&quot;,&quot;serif&quot;;\r\nmso-fareast-font-family:&quot;Times New Roman&quot;;mso-bidi-font-family:Calibri;\r\ncolor:black;mso-ansi-language:EN-US">Impeller : Closed<o:p></o:p></span></p><p class="MsoNormal" style="margin-bottom:0cm;margin-bottom:.0001pt;line-height:\r\nnormal"><span lang="EN-US" style="font-family:&quot;Palatino Linotype&quot;,&quot;serif&quot;;\r\nmso-fareast-font-family:&quot;Times New Roman&quot;;mso-bidi-font-family:Calibri;\r\ncolor:black;mso-ansi-language:EN-US">Rec. Motor Power : 5HP/2900 RPM<o:p></o:p></span></p><p class="MsoNormal" style="margin-bottom:0cm;margin-bottom:.0001pt;line-height:\r\nnormal"><span lang="EN-US" style="font-family:&quot;Palatino Linotype&quot;,&quot;serif&quot;;\r\nmso-fareast-font-family:&quot;Times New Roman&quot;;mso-bidi-font-family:Calibri;\r\ncolor:black;mso-ansi-language:EN-US">MOC<o:p></o:p></span></p><p class="MsoNormal" style="margin-bottom:0cm;margin-bottom:.0001pt;line-height:\r\nnormal"><span lang="EN-US" style="font-family:&quot;Palatino Linotype&quot;,&quot;serif&quot;;\r\nmso-fareast-font-family:&quot;Times New Roman&quot;;mso-bidi-font-family:Calibri;\r\ncolor:black;mso-ansi-language:EN-US">Impeller /Casing/Shaft/Shaft Sleeve\r\n:SS316L<o:p></o:p></span></p><p>\r\n\r\n\r\n\r\n\r\n\r\n\r\n\r\n\r\n\r\n\r\n\r\n\r\n\r\n\r\n\r\n\r\n\r\n\r\n\r\n\r\n\r\n\r\n\r\n\r\n\r\n<span lang="EN-US" style="font-size:11.0pt;line-height:115%;font-family:&quot;Palatino Linotype&quot;,&quot;serif&quot;;\r\nmso-fareast-font-family:&quot;Times New Roman&quot;;mso-bidi-font-family:Calibri;\r\ncolor:black;mso-ansi-language:EN-US;mso-fareast-language:EN-IN;mso-bidi-language:\r\nAR-SA">Bearing Housing : CI</span><br></p>', 1, '123000.00', '123000.00', 0),
(26, 9, 669, '<p>Mechanical Seal of Antico Pump</p><p>Pump Model: EXP 50 ATC</p>', 2, '9500.00', '19000.00', 0),
(27, 10, 715, '<p><br></p>', 1, '22000.00', '22000.00', 0),
(28, 11, 708, '<p>CB 200 200 Pump with 25 HP,1500 RPM motor.</p>', 1, '225000.00', '225000.00', 0),
(34, 16, 733, '<p>CCR 50 160 R6 S2 L3<br></p>', 1, '75000.00', '75000.00', 0),
(35, 17, 731, 'CCR 32 160 R6 S2 L3', 1, '44000.00', '44000.00', 0),
(37, 12, 708, '<p>CB 200 200 G1 Pump with 25 HP,1500 RPM motor.</p>', 1, '225000.00', '225000.00', 0),
(38, 14, 654, '<p>NZ 25 160 Pump Closed Impeller<br></p>', 1, '50000.00', '50000.00', 0),
(39, 15, 926, '<p>WV 03 L/40<br></p>', 1, '100000.00', '100000.00', 0),
(41, 19, 731, 'CCR 32 160 R6 S2 L3', 1, '44000.00', '44000.00', 0),
(42, 20, 733, '<p>CCR 50 160 R6 S2 L3<br></p>', 1, '75000.00', '75000.00', 0),
(43, 21, 940, '<p>Your Item Code :PUMPOTHR0415</p><p>Pump Model : T3 SFP 20/56</p><p>Capacity : 50 LPM</p><p><span style="text-decoration: underline; font-weight: bold;">Scope of Supply : </span><span style="font-weight: bold;">Bare Pump</span></p>', 1, '106250.00', '106250.00', 0),
(47, 25, 649, '<p class="MsoNormal"><span lang="EN-US" style="font-family:&quot;Palatino Linotype&quot;,&quot;serif&quot;;\r\nmso-fareast-font-family:&quot;Times New Roman&quot;;mso-bidi-font-family:Arial;\r\ncolor:black;mso-ansi-language:EN-US">Pump Model:- NS 50 <br>\r\n</span></p><p class="MsoNormal"><span lang="EN-US" style="font-family:&quot;Palatino Linotype&quot;,&quot;serif&quot;;\r\nmso-fareast-font-family:&quot;Times New Roman&quot;;mso-bidi-font-family:Arial;\r\ncolor:black;mso-ansi-language:EN-US">Capacity: 18m3/hr &nbsp; &nbsp; &nbsp; &nbsp; &nbsp; &nbsp; &nbsp; &nbsp; &nbsp; &nbsp; &nbsp; &nbsp; &nbsp; &nbsp; &nbsp; &nbsp; &nbsp; &nbsp; &nbsp; &nbsp;Head:18 mtr<br>\r\n</span></p><p class="MsoNormal"><span lang="EN-US" style="font-family:&quot;Palatino Linotype&quot;,&quot;serif&quot;;\r\nmso-fareast-font-family:&quot;Times New Roman&quot;;mso-bidi-font-family:Arial;\r\ncolor:black;mso-ansi-language:EN-US">Suction X Discharge : 50 X 40 mm &nbsp; &nbsp; &nbsp; &nbsp; &nbsp; &nbsp; Design : Centrifugal</span></p><p class="MsoNormal"><span style="color: black; font-family: &quot;Palatino Linotype&quot;, serif; background-color: transparent;">Impeller Type: SEMI Open &nbsp; &nbsp; &nbsp; &nbsp; &nbsp; &nbsp; &nbsp; &nbsp; &nbsp; &nbsp; &nbsp;&nbsp;</span><span style="color: black; font-family: &quot;Palatino Linotype&quot;, serif; background-color: transparent;">MOC: Casing/Impeller : PP&nbsp;</span><span style="color: black; font-family: &quot;Palatino Linotype&quot;, serif; background-color: transparent;">&amp; Shaft :SS 316</span></p><p class="MsoNormal"><span style="color: black; font-family: &quot;Palatino Linotype&quot;, serif; background-color: transparent;">Bearing Housing: CI &nbsp; &nbsp; &nbsp; &nbsp; &nbsp; &nbsp; &nbsp; &nbsp; &nbsp; &nbsp; &nbsp; &nbsp; &nbsp; &nbsp; &nbsp; &nbsp;&nbsp;</span><span style="color: black; font-family: &quot;Palatino Linotype&quot;, serif; background-color: transparent;">Reccd. Motor Power :5Hp ,2900 rpm</span></p><p class="MsoNormal"><span lang="EN-US" style="font-family:&quot;Palatino Linotype&quot;,&quot;serif&quot;;\r\nmso-fareast-font-family:&quot;Times New Roman&quot;;mso-bidi-font-family:Arial;\r\ncolor:black;mso-ansi-language:EN-US">\r\nSealing: Mechanical Seal</span><span style="color:black"><o:p></o:p></span></p><p>\r\n\r\n\r\n\r\n\r\n\r\n<strong><span style="font-size:12.0pt;font-family:&quot;Palatino Linotype&quot;,&quot;serif&quot;;\r\nmso-fareast-font-family:Calibri;mso-fareast-theme-font:minor-latin;color:black;\r\nmso-ansi-language:EN-IN;mso-fareast-language:EN-IN;mso-bidi-language:AR-SA">Scope\r\nof Supply :Bare Pump</span></strong><br></p>', 1, '24500.00', '24500.00', 0),
(49, 7, 806, '<p>Pump Type : Self Priming Non Clog Centrifugal Pump</p><p>Model : KGEN 16 6 G1</p><p>Flow : 36 m3 /hr &nbsp; &nbsp; &nbsp; &nbsp; &nbsp;<span style="background-color: transparent;">Head : 30 mtr</span></p><p>MOC : Impeller / Pump Shaft : SS 316</p><p>Pump Casing &amp; Bearing Houysing ; CI</p><p>Liquid : Caustic Weak Lye</p><p>Particle Size Handling : 13 MM</p><p>Sealing : Mechanical</p><p>Motor : 7.5 Hp / 2900</p><p><span style="background-color: transparent;">Impeller : Semi Open</span><br></p><p>Scope of Supply : </p><p>Price for Pump with Remi / BBL Std Foot Mounted Motor Coupling , Coupling Gaurd , MS base Frame , Foundation Bolt Duly Assembled<br></p>', 2, '46700.00', '93400.00', 0),
(50, 27, 755, '<p>Johnson Pump Spares</p><p><br></p><p>Mechanical Seal For KGEN 11 3 G1<br><br></p>', 6, '1560.00', '9360.00', 0),
(55, 26, 762, '<p>Johnson Pump KGEN 11 3 Spares&nbsp;</p><p>Valve Assembly Part No. 0310</p><p><br></p><p><br></p>', 2, '600.00', '1200.00', 0),
(59, 24, 917, '<p>Mechfill Cooling Unit with Simplex Filter</p>', 1, '49000.00', '49000.00', 0),
(60, 23, 654, '<p>NZ 25 160 Pump Closed Impeller<br></p>', 1, '50000.00', '50000.00', 0),
(61, 28, 709, '<p class="MsoNormal"><strong style="color: rgb(255, 0, 0); font-family: &quot;Palatino Linotype&quot;; background-color: transparent;"><i><u>Item \r\n3. Clear Water Pump</u></i></strong><br></p><p class="MsoNormal"><strong><em><font face="Palatino Linotype">Delivery &nbsp; &nbsp; &nbsp; &nbsp; &nbsp; &nbsp; &nbsp; &nbsp; &nbsp; &nbsp; &nbsp; &nbsp; &nbsp; &nbsp; &nbsp; &nbsp; &nbsp; &nbsp; &nbsp; &nbsp; &nbsp; &nbsp; &nbsp; &nbsp; &nbsp; &nbsp; &nbsp; &nbsp;Ready Stock</font></em></strong>&nbsp;</p><table style="color: rgb(0, 0, 0);" cellspacing="0" cellpadding="0" width="412" border="0">\r\n<colgroup>\r\n<col style="WIDTH: 48pt" width="64">\r\n<col style="WIDTH: 131pt; mso-width-source: userset; mso-width-alt: 6400" width="175">\r\n<col style="WIDTH: 130pt; mso-width-source: userset; mso-width-alt: 6326" width="173">\r\n</colgroup><tbody>\r\n<tr style="HEIGHT: 14.25pt" height="19">\r\n<td class="xl67" style="VERTICAL-ALIGN: bottom" height="19" width="238" colspan="2"><font style="size: +0"><font style="FONT-SIZE: 9pt">Pump \r\nModel</font></font></td>\r\n<td class="xl68" style="VERTICAL-ALIGN: bottom" width="173"><font style="size: +0"><font style="FONT-SIZE: 9pt">CN 40 200 \r\nG1 &nbsp; &nbsp; &nbsp; &nbsp; &nbsp; &nbsp; &nbsp; &nbsp; &nbsp; &nbsp; &nbsp;</font></font></td></tr>\r\n<tr style="HEIGHT: 14.25pt" height="19">\r\n<td class="xl67" style="VERTICAL-ALIGN: bottom" height="19" colspan="2"><font style="size: +0"><font style="FONT-SIZE: 9pt">Service</font></font></td>\r\n<td class="xl68" style="VERTICAL-ALIGN: bottom"><font style="size: +0"><font style="FONT-SIZE: 9pt">Water Transfer &nbsp; &nbsp; &nbsp; &nbsp; &nbsp; &nbsp; &nbsp; &nbsp; &nbsp; &nbsp; &nbsp; &nbsp;</font></font></td></tr>\r\n<tr style="HEIGHT: 14.25pt" height="19">\r\n<td class="xl67" style="VERTICAL-ALIGN: bottom" height="19" colspan="2"><font style="size: +0"><font style="FONT-SIZE: 9pt">Make</font></font><font style="size: +0"><font style="FONT-SIZE: 9pt">&nbsp;</font></font></td>\r\n<td class="xl68" style="VERTICAL-ALIGN: bottom"><font style="size: +0"><font style="FONT-SIZE: 9pt">Johnson</font></font></td></tr>\r\n<tr style="HEIGHT: 14.25pt" height="19">\r\n<td class="xl67" style="VERTICAL-ALIGN: bottom" height="19" colspan="2"><font style="size: +0"><font style="FONT-SIZE: 9pt">Fluid Handled</font></font></td>\r\n<td class="xl68" style="VERTICAL-ALIGN: bottom"><font style="size: +0"><font style="FONT-SIZE: 9pt">Clear Water</font></font></td></tr>\r\n<tr style="HEIGHT: 14.25pt" height="19">\r\n<td class="xl67" style="VERTICAL-ALIGN: bottom" height="19" colspan="2"><font style="size: +0"><font style="FONT-SIZE: 9pt">Operating Temperature \r\n(oC)</font></font></td>\r\n<td class="xl68" style="VERTICAL-ALIGN: bottom"><font style="size: +0"><font style="FONT-SIZE: 9pt">Ambient</font></font></td></tr>\r\n<tr style="HEIGHT: 14.25pt" height="19">\r\n<td class="xl67" style="VERTICAL-ALIGN: bottom" height="19" colspan="2"><font style="size: +0"><font style="FONT-SIZE: 9pt">Specific \r\nGravity</font></font></td>\r\n<td class="xl68" style="VERTICAL-ALIGN: bottom"><font style="size: +0"><font style="FONT-SIZE: 9pt">1</font></font></td></tr>\r\n<tr style="HEIGHT: 14.25pt" height="19">\r\n<td class="xl67" style="VERTICAL-ALIGN: bottom" height="19" colspan="2"><font style="size: +0"><font style="FONT-SIZE: 9pt">PH</font></font></td>\r\n<td class="xl68" style="VERTICAL-ALIGN: bottom"><font style="size: +0"><font style="FONT-SIZE: 9pt">7</font></font></td></tr>\r\n<tr style="HEIGHT: 14.25pt" height="19">\r\n<td class="xl67" style="VERTICAL-ALIGN: bottom" height="19" colspan="2"><font style="size: +0"><font style="FONT-SIZE: 9pt">Capacity \r\n(m3/hr)</font></font></td>\r\n<td class="xl68" style="VERTICAL-ALIGN: bottom"><font style="size: +0"><font style="FONT-SIZE: 9pt">25</font></font></td></tr>\r\n<tr style="HEIGHT: 14.25pt" height="19">\r\n<td class="xl67" style="VERTICAL-ALIGN: bottom" height="19" colspan="2"><font style="size: +0"><font style="FONT-SIZE: 9pt">Head (m)</font></font></td>\r\n<td class="xl68" style="VERTICAL-ALIGN: bottom"><font style="size: +0"><font style="FONT-SIZE: 9pt">40</font></font></td></tr>\r\n<tr style="HEIGHT: 14.25pt" height="19">\r\n<td class="xl67" style="VERTICAL-ALIGN: bottom" height="19" colspan="2"><font style="size: +0"><font style="FONT-SIZE: 9pt">Speed (rpm)</font></font></td>\r\n<td class="xl68" style="VERTICAL-ALIGN: bottom"><font style="size: +0"><font style="FONT-SIZE: 9pt">2900</font></font></td></tr>\r\n<tr style="HEIGHT: 14.25pt" height="19">\r\n<td class="xl67" style="VERTICAL-ALIGN: bottom" height="19" colspan="2"><font style="size: +0"><font style="FONT-SIZE: 9pt">Efficiency BEP</font></font></td>\r\n<td class="xl68" style="VERTICAL-ALIGN: bottom"><font style="size: +0"><font style="FONT-SIZE: 9pt">63%</font></font></td></tr>\r\n<tr style="HEIGHT: 14.25pt" height="19">\r\n<td class="xl67" style="VERTICAL-ALIGN: bottom" height="19" colspan="2"><strong><font style="FONT-SIZE: 9pt; BACKGROUND-COLOR: #ffff00">Power consumed by pump \r\n(BkW)</font></strong></td>\r\n<td class="xl69" style="VERTICAL-ALIGN: bottom"><strong><font style="FONT-SIZE: 9pt; BACKGROUND-COLOR: #ffff00">4.7</font></strong></td></tr>\r\n<tr style="HEIGHT: 14.25pt" height="19">\r\n<td class="xl67" style="VERTICAL-ALIGN: bottom" height="19" colspan="2"><font style="size: +0"><font style="FONT-SIZE: 9pt">Recommended Motor Rating ( \r\nH.P)</font></font></td>\r\n<td class="xl68" style="VERTICAL-ALIGN: bottom"><font style="size: +0"><font style="FONT-SIZE: 9pt">7.5 H.P</font></font></td></tr>\r\n<tr style="HEIGHT: 14.25pt" height="19">\r\n<td class="xl67" style="VERTICAL-ALIGN: bottom" height="19" colspan="2"><font style="size: +0"><font style="FONT-SIZE: 9pt">Pump Type</font></font><font style="size: +0"><font style="FONT-SIZE: 9pt">&nbsp;</font></font></td>\r\n<td class="xl68" style="VERTICAL-ALIGN: bottom"><font style="size: +0"><font style="FONT-SIZE: 9pt">&nbsp;</font></font><font style="size: +0"><font style="FONT-SIZE: 9pt">Horizontal Centrifugal Pump</font></font></td></tr>\r\n<tr style="HEIGHT: 14.25pt" height="19">\r\n<td class="xl67" style="VERTICAL-ALIGN: bottom" height="19" colspan="2"><font style="size: +0"><font style="FONT-SIZE: 9pt">Pump Suction/Delivery Size \r\n(mm)</font></font></td>\r\n<td class="xl68" style="VERTICAL-ALIGN: bottom"><font style="size: +0"><font style="FONT-SIZE: 9pt">65*40 mm</font></font></td></tr>\r\n<tr style="HEIGHT: 14.25pt" height="19">\r\n<td class="xl67" style="VERTICAL-ALIGN: bottom" height="19" colspan="2"><font style="size: +0"><font style="FONT-SIZE: 9pt">Shaft Sealing</font></font></td>\r\n<td class="xl68" style="VERTICAL-ALIGN: bottom"><font style="size: +0"><font style="FONT-SIZE: 9pt">Gland Packing</font></font></td></tr>\r\n<tr style="HEIGHT: 14.25pt" height="19">\r\n<td class="xl67" style="VERTICAL-ALIGN: bottom" height="19" colspan="2"><font style="size: +0"><font style="FONT-SIZE: 9pt">Motor</font></font></td>\r\n<td class="xl68" style="VERTICAL-ALIGN: bottom"><font style="size: +0"><font style="FONT-SIZE: 9pt">BBL/ REMI</font></font></td></tr>\r\n<tr style="HEIGHT: 14.25pt" height="19">\r\n<td class="xl67" style="VERTICAL-ALIGN: bottom" height="19" colspan="2"><font style="size: +0"><font style="FONT-SIZE: 9pt">Impeller Type</font></font></td>\r\n<td class="xl68" style="VERTICAL-ALIGN: bottom"><font style="size: +0"><font style="FONT-SIZE: 9pt">Closed</font></font></td></tr>\r\n<tr style="HEIGHT: 14.25pt" height="19">\r\n<td class="xl67" style="VERTICAL-ALIGN: bottom" height="19" colspan="2"><font style="size: +0"><font style="FONT-SIZE: 9pt">Lubrication</font></font></td>\r\n<td class="xl67" style="VERTICAL-ALIGN: bottom"><font style="size: +0"><font style="FONT-SIZE: 9pt">Oil / Grease</font></font></td></tr>\r\n<tr style="HEIGHT: 14.25pt" height="19">\r\n<td class="xl67" style="VERTICAL-ALIGN: bottom" height="19" colspan="2"><font style="size: +0"><font style="FONT-SIZE: 9pt">Volute Casing</font></font></td>\r\n<td class="xl67" style="VERTICAL-ALIGN: bottom"><font style="size: +0"><font style="FONT-SIZE: 9pt">Cast Iron</font></font></td></tr>\r\n<tr style="HEIGHT: 14.25pt" height="19">\r\n<td class="xl67" style="VERTICAL-ALIGN: bottom" height="19" colspan="2"><font style="size: +0"><font style="FONT-SIZE: 9pt">Shaft</font></font></td>\r\n<td class="xl67" style="VERTICAL-ALIGN: bottom"><font style="size: +0"><font style="FONT-SIZE: 9pt">SS</font></font><font style="size: +0"><font style="FONT-SIZE: 9pt">&nbsp;</font></font></td></tr>\r\n<tr style="HEIGHT: 14.25pt" height="19">\r\n<td class="xl67" style="VERTICAL-ALIGN: bottom" height="19" colspan="2"><font style="size: +0"><font style="FONT-SIZE: 9pt">Impeller</font></font></td>\r\n<td class="xl67" style="VERTICAL-ALIGN: bottom"><font style="size: +0"><font style="FONT-SIZE: 9pt">Cast Iron</font></font></td></tr>\r\n<tr style="HEIGHT: 14.25pt" height="19">\r\n<td class="xl67" style="VERTICAL-ALIGN: bottom" height="19" colspan="2"><font style="size: +0"><font style="FONT-SIZE: 9pt">Bearing Housing</font></font></td>\r\n<td class="xl67" style="VERTICAL-ALIGN: bottom"><font style="size: +0"><font style="FONT-SIZE: 9pt">CI</font></font></td></tr></tbody></table><p class="MsoNormal"><font linotype?=""><font style="COLOR: #000000"></font></font>&nbsp;</p><p>\r\n\r\n\r\n\r\n\r\n\r\n\r\n\r\n\r\n\r\n\r\n\r\n\r\n\r\n\r\n\r\n\r\n\r\n</p><p class="MsoNormal">Price for Pump with BBL/REMI Motor, Lovejoy Coupling, \r\nCoupling Guard duly </p><p class="MsoNormal">assembled on MS Base frame&nbsp; : Rs. 33,500/- each set</p>', 2, '33500.00', '67000.00', 0),
(62, 28, 802, '<p class="MsoNormal"><font face="Palatino Linotype" style="color: rgb(255, 0, 0);"><span style="font-weight: 700;"><i><u>Item 2. Sludge Transfer Pump</u></i></span></font></p><p class="MsoNormal"><font face="Palatino Linotype" style="color: rgb(255, 0, 0);"><span style="font-weight: 700;"><i><u></u></i></span></font><span style="font-weight: 700;"><em>Delivery &nbsp; &nbsp; &nbsp; &nbsp; &nbsp; &nbsp; &nbsp; &nbsp; &nbsp; &nbsp; &nbsp; &nbsp; &nbsp; &nbsp; &nbsp; &nbsp; &nbsp; &nbsp; &nbsp; &nbsp; &nbsp; &nbsp; &nbsp; &nbsp; &nbsp; &nbsp; &nbsp; &nbsp; &nbsp; &nbsp; &nbsp; &nbsp; &nbsp; &nbsp; &nbsp; &nbsp; &nbsp; &nbsp;Ready Stock</em></span>&nbsp;</p><table cellspacing="0" cellpadding="0" width="417" border="0" style="background-color: rgb(255, 255, 255); color: rgb(0, 0, 0);"><colgroup><col width="64" style="width: 48pt;"><col width="183" style="width: 137pt;"><col width="170" style="width: 128pt;"></colgroup><tbody><tr height="19" style="height: 14.25pt;"><td class="xl66" height="19" width="246" colspan="2" style="vertical-align: bottom;"><font style="font-size: 9pt;">Pump Model</font></td><td class="xl67" width="170" style="vertical-align: bottom;"><font style="font-size: 9pt;">KGEN 12 6 G1</font></td></tr><tr height="19" style="height: 14.25pt;"><td class="xl66" height="19" colspan="2" style="vertical-align: bottom;"><font style="font-size: 9pt;">Service</font></td><td class="xl67" style="vertical-align: bottom;"><font style="font-size: 9pt;">Sludge Transfer</font></td></tr><tr height="19" style="height: 14.25pt;"><td class="xl66" height="19" colspan="2" style="vertical-align: bottom;"><font style="font-size: 9pt;">Make</font><font style="font-size: 9pt;">&nbsp;</font></td><td class="xl67" style="vertical-align: bottom;"><font style="font-size: 9pt;">Johnson</font></td></tr><tr height="19" style="height: 14.25pt;"><td class="xl66" height="19" colspan="2" style="vertical-align: bottom;"><font style="font-size: 9pt;">Fluid Handled</font></td><td class="xl67" style="vertical-align: bottom;"><font style="font-size: 9pt;">Clear Water</font></td></tr><tr height="19" style="height: 14.25pt;"><td class="xl66" height="19" colspan="2" style="vertical-align: bottom;"><font style="font-size: 9pt;">Operating Temperature (oC)</font></td><td class="xl67" style="vertical-align: bottom;"><font style="font-size: 9pt;">Ambient</font></td></tr><tr height="19" style="height: 14.25pt;"><td class="xl66" height="19" colspan="2" style="vertical-align: bottom;"><font style="font-size: 9pt;">Specific Gravity</font></td><td class="xl67" style="vertical-align: bottom;"><font style="font-size: 9pt;">1</font></td></tr><tr height="19" style="height: 14.25pt;"><td class="xl66" height="19" colspan="2" style="vertical-align: bottom;"><font style="font-size: 9pt;">PH</font></td><td class="xl67" style="vertical-align: bottom;"><font style="font-size: 9pt;">7</font></td></tr><tr height="19" style="height: 14.25pt;"><td class="xl66" height="19" colspan="2" style="vertical-align: bottom;"><font style="font-size: 9pt;">Capacity (m3/hr)</font></td><td class="xl67" style="vertical-align: bottom;"><font style="font-size: 9pt;">30</font></td></tr><tr height="19" style="height: 14.25pt;"><td class="xl66" height="19" colspan="2" style="vertical-align: bottom;"><font style="font-size: 9pt;">Head (m)</font></td><td class="xl67" style="vertical-align: bottom;"><font style="font-size: 9pt;">19</font></td></tr><tr height="19" style="height: 14.25pt;"><td class="xl66" height="19" colspan="2" style="vertical-align: bottom;"><font style="font-size: 9pt;">Speed (rpm)</font></td><td class="xl67" style="vertical-align: bottom;"><font style="font-size: 9pt;">2900</font></td></tr><tr height="19" style="height: 14.25pt;"><td class="xl66" height="19" colspan="2" style="vertical-align: bottom;"><font style="font-size: 9pt;">Efficiency BEP</font></td><td class="xl67" style="vertical-align: bottom;"><font style="font-size: 9pt;">64%</font></td></tr><tr height="19" style="height: 14.25pt;"><td class="xl66" height="19" colspan="2" style="vertical-align: bottom;"><font style="font-size: 9pt;">Power consumed by pump (BkW)</font></td><td class="xl68" style="vertical-align: bottom;"><font style="font-size: 9pt;">2.10</font></td></tr><tr height="19" style="height: 14.25pt;"><td class="xl66" height="19" colspan="2" style="vertical-align: bottom;"><font style="font-size: 9pt;">Recommended Motor Rating ( H.P)</font></td><td class="xl67" style="vertical-align: bottom;"><font style="font-size: 9pt;">5 H.P</font></td></tr><tr height="19" style="height: 14.25pt;"><td class="xl66" height="19" colspan="2" style="vertical-align: bottom;"><font style="font-size: 9pt;">Pump Type</font><font style="font-size: 9pt;">&nbsp;</font></td><td class="xl69" style="vertical-align: bottom;"><font style="font-size: 9pt;">Self Priming Mud Pump</font></td></tr><tr height="19" style="height: 14.25pt;"><td class="xl66" height="19" colspan="2" style="vertical-align: bottom;"><font style="font-size: 9pt;">Pump Suction/Delivery Size (mm)</font></td><td class="xl67" style="vertical-align: bottom;"><font style="font-size: 9pt;">65*65</font></td></tr><tr height="19" style="height: 14.25pt;"><td class="xl66" height="19" colspan="2" style="vertical-align: bottom;"><font style="font-size: 9pt;">Shaft Sealing</font></td><td class="xl67" style="vertical-align: bottom;"><font style="font-size: 9pt;">Mechanical Seal</font></td></tr><tr height="19" style="height: 14.25pt;"><td class="xl66" height="19" colspan="2" style="vertical-align: bottom;"><font style="font-size: 9pt;">Motor</font></td><td class="xl67" style="vertical-align: bottom;"><font style="font-size: 9pt;">BBL/ REMI</font></td></tr><tr height="19" style="height: 14.25pt;"><td class="xl66" height="19" colspan="2" style="vertical-align: bottom;"><font style="font-size: 9pt;">Impeller Type</font></td><td class="xl67" style="vertical-align: bottom;"><font style="font-size: 9pt;">Half Open</font></td></tr><tr height="19" style="height: 14.25pt;"><td class="xl66" height="19" colspan="2" style="vertical-align: bottom;"><font style="font-size: 9pt;">Lubrication</font></td><td class="xl66" style="vertical-align: bottom;"><font style="font-size: 9pt;">Oil</font><font style="font-size: 9pt;">&nbsp;</font></td></tr><tr height="19" style="height: 14.25pt;"><td class="xl66" height="19" colspan="2" style="vertical-align: bottom;"><font style="font-size: 9pt;">Volute Casing</font></td><td class="xl66" style="vertical-align: bottom;"><font style="font-size: 9pt;">CI</font></td></tr><tr height="19" style="height: 14.25pt;"><td class="xl66" height="19" colspan="2" style="vertical-align: bottom;"><font style="font-size: 9pt;">Shaft</font></td><td class="xl66" style="vertical-align: bottom;"><font style="font-size: 9pt;">SS</font></td></tr><tr height="19" style="height: 14.25pt;"><td class="xl66" height="19" colspan="2" style="vertical-align: bottom;"><font style="font-size: 9pt;">Impeller</font></td><td class="xl66" style="vertical-align: bottom;"><font style="font-size: 9pt;">CI</font></td></tr><tr height="19" style="height: 14.25pt;"><td class="xl66" height="19" colspan="2" style="vertical-align: bottom;"><font style="font-size: 9pt;">Bearing Housing</font></td><td class="xl66" style="vertical-align: bottom;"><font style="font-size: 9pt;">CI</font></td></tr></tbody></table><p class="MsoNormal"><font linotype?=""><font style="color: rgb(0, 0, 0);"></font></font>&nbsp;</p><p class="MsoNormal">Price for Pump with BBL/REMI Motor, Lovejoy Coupling, Coupling Guard </p><p class="MsoNormal">duly assembled on MS Base frame&nbsp; : Rs. 28500/- each set</p><p class="MsoNormal">&nbsp;</p>', 2, '28500.00', '57000.00', 0),
(63, 29, 946, '<p>Your Requirement :Submersible Dewatering Pump</p><p>Make : Darling Pump</p><p>Model : M-3080</p><p>Liquid : Clean / Muddy / Sandy</p><p>Motor Power HP / KW &nbsp;: 30 / 22.5 &nbsp;/ 2980 rpm</p><p>Flow / Capacity : 1200 LPM @ 60 Mtrs</p><p>Head in Range : 40 - 83 Mtrs</p><p>Discharge Size &nbsp;: 100 MM</p><p>Solid Handling : 8 MM</p><p>Drive : Submersible Motor</p><p>MOC :NRV Cast Iron MOC 4  Flanged for discharge pipe line</p><p>Control panel Specification:</p><p>With Single phase Preventer, Dry Run Protection, Over Load, Under Load Protection, Star Delta Starter, Complete panel cover in metal sheet box.</p><p><br></p><p>Scope of supply : -</p><p>Pump set with 5 meters cables with Cast Iron NRV 4  &amp; Control panel&nbsp;</p>', 2, '220000.00', '440000.00', 0),
(64, 30, 947, '<p><span style="font-size:12.0pt;font-family:&quot;Palatino Linotype&quot;,&quot;serif&quot;;\r\nmso-fareast-font-family:&quot;Times New Roman&quot;;mso-bidi-font-family:Calibri;\r\ncolor:#171000;mso-ansi-language:EN-IN;mso-fareast-language:EN-IN;mso-bidi-language:\r\nAR-SA">Cartridge Assembly for Pump Model T3ST 45/46</span><br></p>', 2, '250950.00', '501900.00', 0),
(65, 30, 612, '<p>Mechanical Seal for Pump Model T3ST 45/46</p>', 4, '24850.00', '99400.00', 0),
(66, 30, 948, '<p>Gasket Set for Pump Model T3 ST 45/46</p>', 2, '9950.00', '19900.00', 0),
(67, 13, 715, '<p>CN 50 200 G1 S2 L3 bare pump.<br></p>', 1, '22000.00', '22000.00', 0),
(68, 31, 949, '<p>Johnson Pump Spares</p><p><br></p><p>Complete Bearing Housing&nbsp;</p>', 1, '37000.00', '37000.00', 0),
(70, 32, 950, '<h5 style="MARGIN: 0cm 0cm 0pt"><span style="font-family: Arial;"><font linotype?=""><font style="font-size: 11pt;">Type &nbsp; &nbsp; &nbsp; -&nbsp; Centrifugal End suction \r\nback pull out<br></font></font></span><span style="font-family: Arial;"><font linotype?=""><font style="FONT-SIZE: 11pt">Model &nbsp; &nbsp;- CN 150 400 G1 S2 \r\nL3 &nbsp; &nbsp; &nbsp; &nbsp; &nbsp; &nbsp; &nbsp;</font></font><span style="font-size: 11pt; background-color: transparent;">Q RATED&nbsp; - 200 m3/hr<br></span></span><span style="font-family: Arial;"><font linotype?=""><font style="FONT-SIZE: 11pt">H RATED -35 MTR &nbsp; &nbsp; &nbsp; &nbsp; &nbsp; &nbsp; &nbsp; &nbsp; &nbsp; &nbsp; &nbsp; &nbsp; &nbsp; &nbsp; &nbsp; &nbsp; &nbsp;&nbsp;</font></font><span style="background-color: transparent;">Liquid&nbsp;&nbsp;&nbsp;&nbsp;&nbsp;&nbsp; - Clear Water<br></span></span><span style="font-family: Arial;"><font linotype?=""><font style="FONT-SIZE: 11pt">Recom MOTOR-40 HP&nbsp; /1440 \r\nRPM &nbsp; &nbsp; &nbsp; &nbsp;&nbsp;</font></font><span style="background-color: transparent;">Suc * Dis&nbsp;&nbsp; - 200*150 mm</span><span style="background-color: transparent;">&nbsp;<br></span></span><span style="font-family: Arial;"><span style="background-color: transparent;">Scope of Supply &nbsp;: Bare Pump</span></span></h5>', 1, '71500.00', '71500.00', 0),
(71, 33, 945, '<p>CI Impeller (Full Dia) for Pump CN 100 315</p>', 1, '11288.00', '11288.00', 0),
(72, 33, 951, '<p>Cap Nut impeller &nbsp;for CN 100 315</p>', 1, '1450.00', '1450.00', 0),
(73, 33, 952, '<p>Shaft Sleeve for CN 100 315</p>', 1, '5100.00', '5100.00', 0),
(80, 35, 971, '<p>Application : Transfer&nbsp;&nbsp;&nbsp;&nbsp;&nbsp;&nbsp;&nbsp;&nbsp;&nbsp; &nbsp; &nbsp;&nbsp;&nbsp;&nbsp;Make : Darling</p><p>Model : DT-33&nbsp;&nbsp;&nbsp;&nbsp;&nbsp;&nbsp;&nbsp;&nbsp;&nbsp;&nbsp;&nbsp;&nbsp;&nbsp;&nbsp;&nbsp;&nbsp;&nbsp;&nbsp;&nbsp;&nbsp;&nbsp;&nbsp;&nbsp;&nbsp;&nbsp; &nbsp; &nbsp;&nbsp;&nbsp;&nbsp;Flow : 800 LPM</p><p>Head : 10 mtrs&nbsp;&nbsp;&nbsp;&nbsp;&nbsp;&nbsp;&nbsp;&nbsp;&nbsp;&nbsp;&nbsp;&nbsp;&nbsp;&nbsp;&nbsp;&nbsp;&nbsp;&nbsp;&nbsp;&nbsp;&nbsp;&nbsp;&nbsp;&nbsp;&nbsp; &nbsp; &nbsp;&nbsp;&nbsp;&nbsp;Liquid : Waste water</p><p>Outlet : 80 mm&nbsp;&nbsp;&nbsp;&nbsp;&nbsp;&nbsp;&nbsp;&nbsp;&nbsp;&nbsp;&nbsp;&nbsp;&nbsp;&nbsp;&nbsp;&nbsp;&nbsp;&nbsp;&nbsp;&nbsp;&nbsp;&nbsp;&nbsp;&nbsp;&nbsp; &nbsp; &nbsp;&nbsp;&nbsp;&nbsp;Solid handling size : 16 mm</p><p>Power : 3 HP/2820 RPM&nbsp;&nbsp;&nbsp;&nbsp;&nbsp; &nbsp; &nbsp;&nbsp;&nbsp;Rated voltage : 415 (+6%, -15%)</p><p>Method of starting : DOL&nbsp;&nbsp;&nbsp;&nbsp;&nbsp; &nbsp; &nbsp; Class of protection : IP 68</p><p>Min. Submergence : 120 mm&nbsp; &nbsp;Weight of Pump : 46 kg</p><p><span style="text-decoration: underline;">Material of Construction</span></p><p>Diffuser : 2% NICI&nbsp;&nbsp;&nbsp;&nbsp;&nbsp;&nbsp;&nbsp;&nbsp;&nbsp;&nbsp;&nbsp;&nbsp;&nbsp;&nbsp;&nbsp;&nbsp;&nbsp;&nbsp;&nbsp;&nbsp;&nbsp;&nbsp;&nbsp;&nbsp;&nbsp; &nbsp; Impeller : ASTM A 217 GR CA 15 (SS-410)</p><p>Shaft : AISI 410</p>', 1, '72500.00', '72500.00', 0),
(81, 34, 958, '<p class="MsoNoSpacing">Application : Transfer&nbsp;&nbsp;&nbsp;&nbsp;&nbsp;&nbsp;&nbsp;&nbsp;&nbsp;&nbsp;&nbsp;&nbsp;&nbsp;&nbsp;&nbsp;&nbsp;&nbsp;&nbsp;&nbsp;&nbsp;&nbsp;&nbsp;&nbsp;&nbsp;&nbsp;&nbsp;&nbsp;&nbsp;&nbsp;&nbsp;&nbsp;&nbsp;Make : Darling</p><p class="MsoNoSpacing">Type : Submersible Pump&nbsp;&nbsp;&nbsp;&nbsp;&nbsp;&nbsp;&nbsp;&nbsp;&nbsp;&nbsp;&nbsp;&nbsp;&nbsp;&nbsp;&nbsp;&nbsp;&nbsp;&nbsp;&nbsp;&nbsp;&nbsp;&nbsp;&nbsp;&nbsp;Model : WP-05D/35</p><p class="MsoNoSpacing">Flow : 500 to 220 LPM&nbsp;&nbsp;&nbsp;&nbsp;&nbsp;&nbsp;&nbsp;&nbsp;&nbsp;&nbsp;&nbsp;&nbsp;&nbsp;&nbsp;&nbsp;&nbsp;&nbsp;&nbsp;&nbsp;&nbsp;&nbsp;&nbsp;&nbsp;&nbsp;&nbsp;&nbsp;&nbsp;&nbsp;&nbsp; Head : 16.5 to 20 Mtrs</p><p class="MsoNoSpacing">Liquid : Waste water&nbsp;&nbsp;&nbsp;&nbsp;&nbsp;&nbsp;&nbsp;&nbsp;&nbsp;&nbsp;&nbsp;&nbsp;&nbsp;&nbsp;&nbsp;&nbsp;&nbsp;&nbsp;&nbsp;&nbsp;&nbsp;&nbsp;&nbsp;&nbsp;&nbsp;&nbsp;&nbsp;&nbsp;&nbsp;&nbsp;&nbsp;&nbsp;&nbsp;&nbsp;Outlet : 80 mm</p><p class="MsoNoSpacing"></p><p class="MsoNoSpacing">Solid handling size : 35 mm &nbsp; &nbsp; &nbsp; &nbsp; &nbsp; &nbsp; &nbsp; &nbsp; &nbsp; &nbsp;Power : 5 HP / 2830 RPM</p><p class="MsoNoSpacing">Rated Voltage : 415 (+6%, -15%) &nbsp; &nbsp; &nbsp; Method of starting : DOL</p><p class="MsoNoSpacing">Class of protection : IP 68 &nbsp; &nbsp; &nbsp; &nbsp; &nbsp; &nbsp; &nbsp; &nbsp; &nbsp; &nbsp; &nbsp;Min. Submergence : 500 mm</p><p class="MsoNoSpacing">Weight of Pump set : 67 kg &nbsp; &nbsp; &nbsp; &nbsp; &nbsp; &nbsp; &nbsp; &nbsp; &nbsp; &nbsp;Phase : 3 phase</p><p class="MsoNoSpacing"><span style="text-decoration: underline;">Material of Construction</span> &nbsp;</p><p class="MsoNoSpacing">Casing : CI-FG-200 &nbsp; &nbsp; &nbsp; &nbsp; &nbsp; &nbsp; &nbsp; &nbsp; &nbsp; &nbsp; &nbsp; &nbsp; &nbsp; &nbsp; &nbsp; &nbsp; &nbsp; &nbsp;Impeller : CI-FG-200</p><p class="MsoNoSpacing">Shaft : AISI 410&nbsp;&nbsp;&nbsp;&nbsp;&nbsp;&nbsp;&nbsp;&nbsp;&nbsp;&nbsp;&nbsp;&nbsp;&nbsp;&nbsp;&nbsp;&nbsp;&nbsp;&nbsp;&nbsp;&nbsp;&nbsp;&nbsp;&nbsp;&nbsp;&nbsp;&nbsp;&nbsp;&nbsp;&nbsp;&nbsp;&nbsp;&nbsp;&nbsp;&nbsp;&nbsp;&nbsp;&nbsp; &nbsp; &nbsp;</p><p class="MsoNoSpacing"></p><p class="MsoNoSpacing"></p><p class="MsoNoSpacing"></p><p class="MsoNoSpacing"></p><p class="MsoNoSpacing"></p><p class="MsoNoSpacing"></p><p class="MsoNoSpacing"></p><p class="MsoNoSpacing"></p><p class="MsoNoSpacing"><span style="font-size:8.0pt;font-family:&quot;Palatino Linotype&quot;,&quot;serif&quot;"><o:p></o:p></span></p>', 1, '52500.00', '52500.00', 0),
(82, 36, 908, '<p class="MsoNormal"><strong><u><span style="color: black; font-family: &quot;Times New Roman&quot;;">Item Code:&nbsp; 760842027020</span></u></strong></p><p class="MsoNormal"><span style="font-family: &quot;Times New Roman&quot;;"><span style="color: black;">Application: Fluid Circulation &nbsp; &nbsp; &nbsp; &nbsp; &nbsp; &nbsp; &nbsp; &nbsp; &nbsp;</span><span style="color: black; background-color: transparent;">Liquid : Caustic Acid 48 %</span></span></p><p class="MsoNormal"><span style="font-family: &quot;Times New Roman&quot;;"><span style="color: black;">Antico Pump Model: NZRP 25 125 &nbsp; &nbsp; &nbsp; &nbsp; &nbsp;</span><span style="color: rgb(0, 0, 0); background-color: transparent;">Solid % : Clear Liquid</span></span></p><p class="MsoNormal"><span style="color: black; font-family: &quot;Times New Roman&quot;;">Temp&nbsp;&nbsp;&nbsp; : 50 Centi&nbsp; Max &nbsp; &nbsp; &nbsp; &nbsp; &nbsp; &nbsp; &nbsp; &nbsp; &nbsp; &nbsp; &nbsp; &nbsp; &nbsp; &nbsp; &nbsp; Suction&nbsp;&nbsp;&nbsp; : Flooded<o:p></o:p></span></p><div><span style="font-family: &quot;Times New Roman&quot;;"><span style="background-color: transparent; color: black;">Capacity&nbsp;&nbsp; : 10\r\nm3/hr &nbsp; &nbsp; &nbsp; &nbsp; &nbsp; &nbsp; &nbsp; &nbsp; &nbsp; &nbsp; &nbsp; &nbsp; &nbsp; &nbsp; &nbsp; &nbsp; &nbsp; Head&nbsp;&nbsp;&nbsp;&nbsp; : 15&nbsp; Mtr&nbsp;</span><br></span></div><p class="MsoNormal"><span style="color: black; font-family: &quot;Times New Roman&quot;;">\r\n</span></p><p class="MsoNormal"><span style="color: black; font-family: &quot;Times New Roman&quot;;">Suc * Dis&nbsp;&nbsp; :&nbsp; 40*25\r\nNB &nbsp; &nbsp; &nbsp; &nbsp; &nbsp; &nbsp; &nbsp; &nbsp; &nbsp; &nbsp; &nbsp; &nbsp; &nbsp; &nbsp; &nbsp; &nbsp; &nbsp;Sealing&nbsp;&nbsp; : Mechanical Seal&nbsp;&nbsp;&nbsp;&nbsp;&nbsp;&nbsp;&nbsp;\r\n<o:p></o:p></span></p><p class="MsoNormal"><span style="color: black; font-family: &quot;Times New Roman&quot;;">Motor Power : 3.7 KW / 5 HP / 2900\r\nRPM&nbsp;&nbsp;&nbsp;&nbsp;&nbsp;&nbsp;&nbsp;&nbsp;&nbsp;&nbsp;&nbsp;&nbsp;\r\nS.G.&nbsp;&nbsp;&nbsp;&nbsp;&nbsp;&nbsp;&nbsp; :&nbsp; 1.5 <o:p></o:p></span></p><p class="MsoNormal"><span style="color: black; font-family: &quot;Times New Roman&quot;;">MOC: Wetted Parts GFRPP Impeller, Casing, Shaft Sleeve: Alloy 20,\r\nPump Shaft : EN 24</span></p><p class="MsoNormal"><span style="font-weight: bold; text-decoration: underline; font-family: &quot;Times New Roman&quot;;">Scope of Supply</span></p><p class="MsoNormal"><span style="font-family: &quot;Times New Roman&quot;;"><strong><span style="color: black;">Pump with BBL Make Std. Foot Mounted Motor,</span></strong><span style="color: black;"><o:p></o:p></span></span></p><p class="MsoNormal"><span style="font-family: &quot;Times New Roman&quot;;"><strong><span style="color: black;">Love Joy Coupling, Coupling Guard, MS Base Plate ,</span></strong><span style="color: black;"><o:p></o:p></span></span></p><p class="MsoNormal">\r\n\r\n\r\n\r\n</p><p class="MsoNormal"><strong><span style="color: black; font-family: &quot;Times New Roman&quot;;">Mountong Bolt Etc.</span></strong><span style="font-family:&quot;Palatino Linotype&quot;,&quot;serif&quot;;\r\nmso-fareast-font-family:&quot;Times New Roman&quot;;mso-bidi-font-family:Calibri;\r\ncolor:black"><o:p></o:p></span></p>', 1, '54625.00', '54625.00', 0);
INSERT INTO `quotation_rows` (`id`, `quotation_id`, `item_id`, `description`, `quantity`, `rate`, `amount`, `height`) VALUES
(83, 36, 972, '<p class="MsoNormal"><strong><u><span style="color: rgb(23, 16, 0); font-family: &quot;Times New Roman&quot;;">Item Code: 768181027010</span></u></strong></p><p class="MsoNormal"><span style="font-family: &quot;Times New Roman&quot;;"><span style="color:#171000">Make :Positive Metering Pump &nbsp; &nbsp; &nbsp; &nbsp; &nbsp; &nbsp; &nbsp; &nbsp; Pump\r\nType &nbsp;: Hydraulic Diaphragm Pump</span><span style="color:black"><o:p></o:p></span></span></p><p class="MsoNormal"><span style="font-family: &quot;Times New Roman&quot;;"><span style="color: rgb(23, 16, 0);">Pump Model&nbsp; : HD\r\n2017/SZ2 &nbsp; &nbsp; &nbsp; &nbsp; &nbsp; &nbsp; &nbsp; &nbsp;Liquid &nbsp; &nbsp; &nbsp; &nbsp; :&nbsp; Alum</span><span style="color:black"><o:p></o:p></span></span></p><p class="MsoNormal"><span style="font-family: &quot;Times New Roman&quot;;"><span style="color:#171000">Capacity&nbsp;&nbsp;&nbsp;&nbsp;&nbsp;&nbsp;&nbsp;&nbsp;\r\n: 0 to 220\r\nLPH&nbsp;&nbsp;&nbsp;&nbsp;&nbsp;&nbsp;&nbsp;&nbsp;&nbsp;&nbsp;&nbsp;&nbsp;&nbsp;&nbsp;&nbsp;&nbsp;&nbsp;&nbsp;&nbsp;&nbsp;&nbsp;&nbsp;&nbsp;&nbsp;&nbsp;\r\nWorking Pressure&nbsp;&nbsp; :&nbsp; 1.5 kg/cm2</span><span style="color:black"><o:p></o:p></span></span></p><p class="MsoNormal"><span style="font-family: &quot;Times New Roman&quot;;"><span style="color: rgb(23, 16, 0);">Suction&nbsp;&nbsp;&nbsp;&nbsp;&nbsp;&nbsp;&nbsp;&nbsp;&nbsp;&nbsp;\r\n:\r\nFlooded &nbsp; &nbsp; &nbsp; &nbsp; &nbsp; &nbsp; &nbsp; &nbsp; &nbsp; &nbsp; &nbsp; &nbsp; &nbsp;Suction * Discharge : 1 " * 1  Hose Nipple</span><span style="color:black"><o:p></o:p></span></span></p><p class="MsoNormal"><span style="font-family: &quot;Times New Roman&quot;;"><span style="color:#171000">Motor : &nbsp;0.5 HP,\r\n1500 RPM 3 Phase, Foot Mounted</span><span style="color:black">&nbsp;<o:p></o:p></span></span></p><p>\r\n\r\n\r\n\r\n\r\n\r\n\r\n\r\n\r\n\r\n\r\n\r\n</p><p class="MsoNormal"><span style="color: rgb(23, 16, 0); font-family: &quot;Times New Roman&quot;;">MOC :&nbsp; Liquid End &amp; NRV : PP&nbsp;&nbsp; ,&nbsp;\r\nDiaphragm : P T F E</span></p><p class="MsoNormal"><span style="color: rgb(23, 16, 0); font-weight: bold; text-decoration: underline; font-family: &quot;Times New Roman&quot;;">Scope of Supply</span></p><p class="MsoNormal"><span style="font-family: &quot;Times New Roman&quot;;"><strong><span style="color:#171000">Pump Set withRemi /BBL &nbsp;motor,\r\ncoupling, </span></strong><strong style="background-color: transparent;"><span style="color: rgb(23, 16, 0);">coupling guard, base frame, strainer</span></strong></span></p>', 1, '49800.00', '49800.00', 0),
(84, 36, 920, '<p class="MsoNormal"><span style="font-family: &quot;Times New Roman&quot;;"><strong><u><span style="color: black;">Item Code: 760849027010</span></u></strong><u><span style="color: black;">&nbsp;</span></u></span></p><p class="MsoNormal"><span style="font-family: &quot;Times New Roman&quot;;"><span style="color: black;">Antico&nbsp;</span><span style="color: rgb(0, 0, 0); background-color: transparent;">Pump Model: NS 50 160</span></span></p><p class="MsoNormal"><span style="color: black; font-family: &quot;Times New Roman&quot;;">Liquid : Caustic Acid<o:p></o:p></span></p><p class="MsoNormal"><span style="font-family: &quot;Times New Roman&quot;;"><span style="color: black; background-color: transparent;">Capacity&nbsp;&nbsp; : 10&nbsp;\r\nm3/hr&nbsp;&nbsp;&nbsp;&nbsp;&nbsp;&nbsp;&nbsp;&nbsp;&nbsp;&nbsp;&nbsp;&nbsp;&nbsp;&nbsp;&nbsp;&nbsp;&nbsp;&nbsp;&nbsp;&nbsp;&nbsp;&nbsp;&nbsp;&nbsp;&nbsp;&nbsp;&nbsp;&nbsp;&nbsp;&nbsp;&nbsp;&nbsp;&nbsp;&nbsp;&nbsp;&nbsp;&nbsp;&nbsp;&nbsp;&nbsp;&nbsp;&nbsp;&nbsp;&nbsp;&nbsp;&nbsp;&nbsp;&nbsp;\r\nHead&nbsp;&nbsp;&nbsp;&nbsp; :&nbsp; 20 Mtr&nbsp;</span><br></span></p><p class="MsoNormal"><span style="color: black; font-family: &quot;Times New Roman&quot;;">\r\nSuc * Dis&nbsp;&nbsp; :&nbsp; 50*40\r\nNB&nbsp;&nbsp;&nbsp;&nbsp;&nbsp;&nbsp;&nbsp;&nbsp;&nbsp;&nbsp;&nbsp;&nbsp;&nbsp;&nbsp;&nbsp;&nbsp;&nbsp;&nbsp;&nbsp;&nbsp;&nbsp;&nbsp;&nbsp;&nbsp;&nbsp;&nbsp;&nbsp;&nbsp;&nbsp;&nbsp;&nbsp;&nbsp;&nbsp;&nbsp;&nbsp;&nbsp;&nbsp;&nbsp;&nbsp;&nbsp;&nbsp;&nbsp;&nbsp;&nbsp;&nbsp;&nbsp;\r\nSealing&nbsp;&nbsp; : Mechanical Seal&nbsp;&nbsp;&nbsp;&nbsp;&nbsp;&nbsp;&nbsp;\r\n<o:p></o:p></span></p><p class="MsoNormal"><span style="color: black; font-family: &quot;Times New Roman&quot;;">Motor Power : 3 HP / 2900\r\nRPM&nbsp;&nbsp;&nbsp;&nbsp;&nbsp;&nbsp;&nbsp;&nbsp; <o:p></o:p></span></p><p class="MsoNormal"><span style="color: black; font-family: &quot;Times New Roman&quot;;">MOC: PP &nbsp; &nbsp; &nbsp; &nbsp; &nbsp; &nbsp; &nbsp; &nbsp; &nbsp; &nbsp; &nbsp; &nbsp; &nbsp; &nbsp; &nbsp; &nbsp; &nbsp; &nbsp; &nbsp; &nbsp; &nbsp; &nbsp; &nbsp; &nbsp; &nbsp; &nbsp; &nbsp; &nbsp; &nbsp; &nbsp; &nbsp; &nbsp; &nbsp; Solid % : Clear Liquid<o:p></o:p></span></p><p class="MsoNormal"><span style="color: black; font-family: &quot;Times New Roman&quot;;">Temp&nbsp;&nbsp;&nbsp; : 50 Centi&nbsp;\r\nMax&nbsp;&nbsp;&nbsp;&nbsp;\r\n&nbsp;&nbsp;&nbsp;&nbsp;&nbsp;&nbsp;&nbsp;&nbsp;&nbsp;&nbsp;&nbsp;&nbsp;&nbsp;&nbsp;&nbsp;&nbsp;&nbsp;&nbsp;&nbsp;&nbsp;&nbsp;&nbsp;&nbsp;&nbsp;&nbsp;&nbsp;&nbsp;&nbsp;&nbsp;&nbsp;&nbsp;&nbsp;&nbsp;&nbsp;&nbsp;&nbsp;&nbsp;\r\nSuction&nbsp;&nbsp;&nbsp; : Flooded<o:p></o:p></span></p><p class="MsoNormal"><strong><span style="color: black; text-decoration: underline; font-family: &quot;Times New Roman&quot;;">Scope of Supply</span></strong></p><p class="MsoNormal"><span style="font-family: &quot;Times New Roman&quot;;"><strong><span style="color: black;">Pump with BBL Make Std. Foot Mounted Motor,</span></strong><span style="color: black;"><o:p></o:p></span></span></p><p class="MsoNormal"><span style="font-family: &quot;Times New Roman&quot;;"><strong><span style="color: black;">Love Joy Coupling, Coupling Guard, MS Base Plate ,</span></strong><span style="color: black;"><o:p></o:p></span></span></p><p>\r\n\r\n\r\n\r\n<strong><span style="font-size: 12pt; color: black; font-family: &quot;Times New Roman&quot;;">Mountong Bolt Etc</span></strong><br></p>', 1, '45500.00', '45500.00', 0),
(91, 38, 958, '<p>Make DARLING Pump</p><p>Model WP05 D - 35 &nbsp; &nbsp; &nbsp; &nbsp; &nbsp; &nbsp; &nbsp; &nbsp; &nbsp; &nbsp; &nbsp; &nbsp; &nbsp; &nbsp; &nbsp; &nbsp; &nbsp; Application Dewatering</p><p>Type Submersible Waste Water Handling</p><p>Flow Range 45  5 M3/hr &nbsp; &nbsp; &nbsp; &nbsp; &nbsp; &nbsp; &nbsp; &nbsp; &nbsp; &nbsp; &nbsp; Head Range 10  22 Meters</p><p>Capacity 30 M3/hr @ 17 meters &nbsp; &nbsp; &nbsp; &nbsp; Sealing &nbsp;Mechanical seal</p><p>MOC Cast Iron &nbsp; &nbsp; &nbsp; &nbsp; &nbsp; &nbsp; &nbsp; &nbsp; &nbsp; &nbsp; &nbsp; &nbsp; &nbsp; &nbsp; &nbsp; &nbsp; &nbsp; &nbsp; &nbsp; &nbsp; &nbsp; &nbsp; &nbsp; Power 5 HP / 2900 RPM</p><p>Minimum Submergence 475 mm &nbsp; &nbsp; &nbsp; &nbsp; SG / PH 1 / 7</p><p>Liquid Water with Light Slurry</p><p>Particle size Max Upto 35 &nbsp;mm &nbsp; &nbsp; &nbsp; &nbsp; &nbsp; &nbsp;<span style="background-color: transparent;">Temperature Ambient</span></p><p>Outlet &nbsp;Size / Starting Method 80 mm / DOL&nbsp;</p><p>Scope of Supply:</p><p>Price for pump set with 10 meters cables and electronic type control panel.</p>', 1, '80500.00', '80500.00', 0),
(92, 39, 977, '<p class="MsoNoSpacing" style="MARGIN: 0in 0in 0pt"><font size="3" face="Palatino Linotype"><strong><u>Spare for \r\nDarling Make Pump Model : WV-01L/40</u></strong></font></p><p class="MsoNoSpacing" style="MARGIN: 0in 0in 0pt"><font size="3" face="Palatino Linotype"></font>&nbsp;</p><p class="MsoNoSpacing" style="MARGIN: 0in 0in 0pt"><font size="3" face="Palatino Linotype">Part no. : \r\n05</font></p><p class="MsoNoSpacing" style="MARGIN: 0in 0in 0pt"><font size="3" face="Palatino Linotype"><br></font></p><p class="MsoNoSpacing" style="MARGIN: 0in 0in 0pt"><font size="3" face="Palatino Linotype">Item : \r\nCasing</font></p><p class="MsoNoSpacing" style="MARGIN: 0in 0in 0pt"><font size="3" face="Palatino Linotype"><br></font><span style="font-family: &quot;Palatino Linotype&quot;; font-size: medium; background-color: transparent;">MOC : \r\nCI-FG-200</span></p>', 1, '8480.00', '8480.00', 0),
(93, 22, 926, '<p>WV 03 L/40<br></p>', 1, '100000.00', '100000.00', 0),
(94, 18, 708, '<p>CB 200 200 G1 Pump with 25 HP,1500 RPM motor.</p>', 1, '225000.00', '225000.00', 0),
(95, 37, 975, '<p>Application : Transfer &nbsp; &nbsp; &nbsp; &nbsp; &nbsp; &nbsp; &nbsp; &nbsp; &nbsp; &nbsp; &nbsp; &nbsp; &nbsp; &nbsp; &nbsp; &nbsp; &nbsp; &nbsp; &nbsp; Make : Johnson</p><p>Type : End suction back pullout type &nbsp; &nbsp; &nbsp; Model : CCR 25-125 R6 M2 L3</p><p>Head : 18 mtrs &nbsp; &nbsp; &nbsp; &nbsp; &nbsp; &nbsp; &nbsp; &nbsp; &nbsp; &nbsp; &nbsp; &nbsp; &nbsp; &nbsp; &nbsp; &nbsp; &nbsp; &nbsp; &nbsp; &nbsp; &nbsp; &nbsp; &nbsp; &nbsp; &nbsp; &nbsp; &nbsp; Flow : 10 m3/hr</p><p>Liquid : Brine Solution &nbsp; &nbsp; &nbsp; &nbsp; &nbsp; &nbsp; &nbsp; &nbsp; &nbsp; &nbsp; &nbsp; &nbsp; &nbsp; &nbsp; &nbsp; &nbsp; &nbsp; &nbsp; &nbsp; PH/SG/Temp : 7/1/Ambient</p><p>Reccd. Power : 2 HP/2900 RPM &nbsp; &nbsp; &nbsp; &nbsp; &nbsp; &nbsp; &nbsp; &nbsp; &nbsp;Suc*Dis : 32*25 mm</p><p>Suction : Flooded &nbsp; &nbsp; &nbsp; &nbsp; &nbsp; &nbsp; &nbsp; &nbsp; &nbsp; &nbsp; &nbsp; &nbsp; &nbsp; &nbsp; &nbsp; &nbsp; &nbsp; &nbsp; &nbsp; &nbsp; &nbsp; &nbsp; &nbsp; &nbsp; &nbsp;Impeller : Half-open</p><p>Sealing : Mechanical Seal &nbsp; &nbsp; &nbsp; &nbsp; &nbsp; &nbsp; &nbsp; &nbsp; &nbsp; &nbsp; &nbsp; &nbsp; &nbsp; &nbsp; &nbsp; &nbsp; MOC (Casing/Impeller) : SS/SS</p><p><span style="text-decoration: underline;">Scope of supply </span>: Pump with Remi/BBL make Motor, Coupling, Coupling guard dully assembled on base frame with fasteners.&nbsp;<br></p>', 1, '50800.00', '50800.00', 0),
(96, 37, 974, '<p>Application : Transfer &nbsp; &nbsp; &nbsp; &nbsp; &nbsp; &nbsp; &nbsp; &nbsp; &nbsp; &nbsp; &nbsp; &nbsp; &nbsp; &nbsp; &nbsp; &nbsp; &nbsp; &nbsp; &nbsp; &nbsp;Make : Johnson</p><p>Type : End suction back pullout type &nbsp; &nbsp; &nbsp; Model : CN 125 400 G1 S2 L3</p><p>Head : 50 mtrs &nbsp; &nbsp; &nbsp; &nbsp; &nbsp; &nbsp; &nbsp; &nbsp; &nbsp; &nbsp; &nbsp; &nbsp; &nbsp; &nbsp; &nbsp; &nbsp; &nbsp; &nbsp; &nbsp; &nbsp; &nbsp; &nbsp; &nbsp; &nbsp; &nbsp; &nbsp; &nbsp; Flow : 180 m3/hr</p><p>Liquid : Clear Water &nbsp; &nbsp; &nbsp; &nbsp; &nbsp; &nbsp; &nbsp; &nbsp; &nbsp; &nbsp; &nbsp; &nbsp; &nbsp; &nbsp; &nbsp; &nbsp; &nbsp; &nbsp; &nbsp; &nbsp; &nbsp; PH/SG/Temp : 7/1/Ambient</p><p>Reccd. Power : 50 HP/1500 RPM &nbsp; &nbsp; &nbsp; &nbsp; &nbsp; &nbsp; &nbsp;Suc*Dis : 150*125 mm</p><p>Suction : Negative upto 1 mtrs with &nbsp; &nbsp; &nbsp; &nbsp; Impeller : Closed</p><p>&nbsp;&nbsp;&nbsp;&nbsp;&nbsp;&nbsp;&nbsp;&nbsp;&nbsp;&nbsp;&nbsp;&nbsp;&nbsp;&nbsp;&nbsp;&nbsp;&nbsp; &nbsp; &nbsp;<span style="background-color: transparent;">foot-valve</span><br></p><p>Sealing : Gland Packing &nbsp; &nbsp; &nbsp; &nbsp; &nbsp; &nbsp; &nbsp; &nbsp; &nbsp; &nbsp; &nbsp; &nbsp; &nbsp; &nbsp; &nbsp; &nbsp; &nbsp; &nbsp;MOC (Casing/Impeller) : CI/CI</p><p><span style="text-decoration: underline;">Scope of supply :</span> Pump with Remi/BBL make Motor, Coupling, Coupling guard dully assembled on base frame with fasteners.&nbsp;</p>', 1, '162800.00', '162800.00', 0),
(97, 37, 975, '<p>Application : Transfer &nbsp; &nbsp; &nbsp; &nbsp; &nbsp; &nbsp; &nbsp; &nbsp; &nbsp; &nbsp; &nbsp; &nbsp; &nbsp; &nbsp; &nbsp; &nbsp; &nbsp; &nbsp; &nbsp; &nbsp;Make : Johnson</p><p>Type : End suction back pullout type &nbsp; &nbsp; &nbsp; &nbsp;Model : CCR 25-125 R6 M2 L3</p><p>Head : 15 mtrs &nbsp; &nbsp; &nbsp; &nbsp; &nbsp; &nbsp; &nbsp; &nbsp; &nbsp; &nbsp; &nbsp; &nbsp; &nbsp; &nbsp; &nbsp; &nbsp; &nbsp; &nbsp; &nbsp; &nbsp; &nbsp; &nbsp; &nbsp; &nbsp; &nbsp; &nbsp; &nbsp; Flow : 3 m3/hr</p><p>Liquid : 99% Caustic &nbsp; &nbsp; &nbsp; &nbsp; &nbsp; &nbsp; &nbsp; &nbsp; &nbsp; &nbsp; &nbsp; &nbsp; &nbsp; &nbsp; &nbsp; &nbsp; &nbsp; &nbsp; &nbsp; &nbsp; &nbsp; PH/SG/Temp : 7/1/Ambient</p><p>Reccd. Power : 2 HP/2900 RPM &nbsp; &nbsp; &nbsp; &nbsp; &nbsp; &nbsp; &nbsp; &nbsp; Suc*Dis : 32*25 mm</p><p>Suction : Flooded &nbsp; &nbsp; &nbsp; &nbsp; &nbsp; &nbsp; &nbsp; &nbsp; &nbsp; &nbsp; &nbsp; &nbsp; &nbsp; &nbsp; &nbsp; &nbsp; &nbsp; &nbsp; &nbsp; &nbsp; &nbsp; &nbsp; &nbsp; &nbsp; Impeller : Half-open</p><p>Sealing : Mechanical Seal &nbsp; &nbsp; &nbsp; &nbsp; &nbsp; &nbsp; &nbsp; &nbsp; &nbsp; &nbsp; &nbsp; &nbsp; &nbsp; &nbsp; &nbsp; &nbsp;MOC (Casing/Impeller) : SS/SS</p><p><span style="text-decoration: underline;">Scope of supply :</span> Pump with Remi/BBL make Motor, Coupling, Coupling guard dully assembled on base frame with fasteners.&nbsp;<br></p>', 1, '50800.00', '50800.00', 0),
(98, 40, 980, '<p>Make : Johnson&nbsp;&nbsp;&nbsp;&nbsp;&nbsp; &nbsp; &nbsp; &nbsp; &nbsp;&nbsp;&nbsp;&nbsp;&nbsp;&nbsp;&nbsp;&nbsp;&nbsp;&nbsp;&nbsp;&nbsp;&nbsp;Type : Self priming centrifugal pump</p><p>Model : FRE 80-170&nbsp; &nbsp; &nbsp;&nbsp;&nbsp;&nbsp;&nbsp;&nbsp;&nbsp;&nbsp;&nbsp;&nbsp;&nbsp;&nbsp;Application : Colony Water Transfer</p><p>Head : 25 mtrs&nbsp;&nbsp;&nbsp;&nbsp;&nbsp;&nbsp;&nbsp;&nbsp;&nbsp;&nbsp;&nbsp;&nbsp;&nbsp; &nbsp; &nbsp;&nbsp;&nbsp;&nbsp;&nbsp;&nbsp;&nbsp;&nbsp;&nbsp;&nbsp;&nbsp;&nbsp;Flow : 60 m3/hr</p><p>Liquid : Clear Water&nbsp; &nbsp; &nbsp;&nbsp;&nbsp;&nbsp;&nbsp; &nbsp; &nbsp; &nbsp; PH/SG/Temp: 7/1/ambient</p><p><span style="background-color: transparent;">Suc*Dis : 80*80 mm</span>&nbsp; &nbsp; &nbsp;&nbsp;&nbsp;&nbsp;&nbsp;&nbsp;&nbsp;&nbsp;&nbsp;&nbsp;&nbsp;&nbsp;Reccd. Power : 12.5 HP/2900 RPM &nbsp; &nbsp;</p><p>Impeller : Halfopen&nbsp;&nbsp;&nbsp;&nbsp;&nbsp;&nbsp;&nbsp;&nbsp;&nbsp; &nbsp; &nbsp; &nbsp; &nbsp;<span style="background-color: transparent;">Suction : Negative upto 3-4 mtrs with foot-valve</span></p><p><span style="background-color: transparent;">Sealing : Mechanical Seal&nbsp; &nbsp; MOC (Casing/Impeller) : SS 316/SS 316</span></p><p><span style="background-color: transparent;"><span style="text-decoration: underline;">Scope of supply :</span>&nbsp;&nbsp; &nbsp; Pump with Remi/BBL make motor with coupling, coupling guard dully assembled on base frame with fasteners&nbsp;</span></p>', 1, '121630.00', '121630.00', 0),
(99, 40, 981, '<p>Make : Johnson&nbsp;&nbsp;&nbsp;&nbsp;&nbsp; &nbsp; &nbsp; &nbsp; &nbsp;&nbsp;&nbsp;&nbsp;&nbsp;&nbsp;&nbsp;&nbsp;&nbsp;&nbsp;&nbsp;&nbsp;&nbsp;&nbsp;&nbsp;&nbsp;&nbsp;&nbsp;&nbsp;&nbsp;&nbsp;&nbsp;&nbsp;&nbsp;&nbsp;&nbsp;&nbsp;&nbsp;&nbsp;&nbsp;&nbsp;&nbsp;&nbsp;Type : End suction back pullout pump</p><p>Model : CCR 40 250 A20 M3 L3 &nbsp; &nbsp; &nbsp; &nbsp; Application : Transfer</p><p>Head : 80 mtrs&nbsp;&nbsp;&nbsp;&nbsp;&nbsp;&nbsp;&nbsp;&nbsp;&nbsp;&nbsp;&nbsp;&nbsp;&nbsp; &nbsp;&nbsp;&nbsp;&nbsp;&nbsp;&nbsp;&nbsp;&nbsp;&nbsp;&nbsp;&nbsp;&nbsp;&nbsp;&nbsp;&nbsp;&nbsp;&nbsp;&nbsp;&nbsp;&nbsp;&nbsp;&nbsp;&nbsp;&nbsp;&nbsp;&nbsp;&nbsp;&nbsp;&nbsp;&nbsp;&nbsp;&nbsp;&nbsp;&nbsp;Flow : 30 m3/hr</p><p>Liquid : H2SO4&nbsp;&nbsp;&nbsp;&nbsp;&nbsp; &nbsp; &nbsp; &nbsp; &nbsp; &nbsp; &nbsp; &nbsp; &nbsp; &nbsp; &nbsp; &nbsp;&nbsp;&nbsp;&nbsp;&nbsp;&nbsp;&nbsp;&nbsp;&nbsp;&nbsp;&nbsp;&nbsp;&nbsp;&nbsp;&nbsp;&nbsp;&nbsp;&nbsp;&nbsp;&nbsp;&nbsp;PH/SG/Temp: 2/1.05/ambient</p><p><span style="background-color: transparent;">Suc*Dis : 65*40 mm</span>&nbsp; &nbsp;&nbsp;&nbsp;&nbsp;&nbsp;&nbsp;&nbsp;&nbsp;&nbsp;&nbsp;&nbsp;&nbsp;&nbsp;&nbsp;&nbsp;&nbsp;&nbsp;&nbsp;&nbsp;&nbsp;&nbsp;&nbsp;&nbsp;&nbsp;&nbsp;&nbsp;&nbsp;&nbsp;&nbsp;&nbsp;&nbsp; &nbsp; &nbsp;Reccd. Power : 25 HP/2900 RPM &nbsp; &nbsp;</p><p>Impeller : Closed&nbsp;&nbsp;&nbsp;&nbsp;&nbsp;&nbsp;&nbsp;&nbsp;&nbsp;&nbsp;&nbsp;&nbsp;&nbsp;&nbsp;&nbsp;&nbsp;&nbsp;&nbsp;&nbsp;&nbsp;&nbsp; &nbsp; &nbsp;&nbsp; &nbsp; &nbsp; &nbsp; &nbsp; &nbsp; &nbsp; &nbsp; &nbsp;&nbsp;<span style="background-color: transparent;">Suction : Flooded</span></p><p><span style="background-color: transparent;">Sealing : Mechanical Seal&nbsp; &nbsp; &nbsp;&nbsp;&nbsp;&nbsp;&nbsp;&nbsp;&nbsp;&nbsp;&nbsp;&nbsp;&nbsp;&nbsp;&nbsp;&nbsp;&nbsp;&nbsp;&nbsp;&nbsp;&nbsp;&nbsp;MOC (Casing/Impeller) : Alloy 20/Alloy 20</span></p><p><span style="background-color: transparent;"><span style="text-decoration: underline;">Scope of supply :</span>&nbsp;&nbsp; &nbsp; Pump with Remi/BBL make motor with coupling, coupling guard dully assembled on base frame with fasteners&nbsp;</span></p>', 1, '240830.00', '240830.00', 0),
(100, 41, 733, '<p>CCR 50 160 R6 S2 L3</p>', 1, '62900.00', '62900.00', 0),
(101, 42, 731, '<p>CCR 32 160 R6 S2 L3</p>', 1, '44000.00', '44000.00', 0),
(102, 43, 605, '<p>R 20 DG Gear Pump</p>', 1, '75000.00', '75000.00', 0),
(103, 44, 982, '<p>ED-01</p>', 2, '16800.00', '33600.00', 0),
(104, 45, 601, '<p>RT 80 Gear Pump&nbsp;</p>', 1, '8900.00', '8900.00', 0),
(106, 46, 983, '<p>Rotor Set R 50 SL&nbsp;</p>', 1, '11900.00', '11900.00', 0),
(108, 47, 984, '<p>Shaft HE 120</p>', 1, '2400.00', '2400.00', 0),
(110, 49, 985, '<p>Pump Casing KGEN 16 3</p>', 1, '10000.00', '10000.00', 0),
(112, 50, 605, '<p>R 20 DG Gear Pump</p>', 1, '54000.00', '54000.00', 0),
(114, 51, 986, '<p><br></p>', 1, '50000.00', '50000.00', 0),
(115, 52, 987, '<p>Make : Johnson&nbsp;&nbsp;&nbsp;&nbsp;&nbsp;&nbsp;&nbsp;&nbsp;&nbsp;&nbsp;&nbsp;&nbsp;&nbsp;&nbsp;&nbsp;&nbsp;&nbsp;&nbsp;&nbsp;&nbsp;&nbsp;&nbsp;&nbsp;&nbsp;&nbsp;&nbsp;&nbsp;&nbsp;&nbsp;&nbsp;&nbsp;&nbsp;&nbsp;&nbsp;&nbsp;&nbsp;<span style="background-color: transparent;">Type :&nbsp;</span><span style="background-color: transparent;">End Suction Back Pullout Type</span></p><p>Model :&nbsp; CN 32 200 G1 S2 L3&nbsp;&nbsp;&nbsp;&nbsp;&nbsp; &nbsp;Application : Transfer</p><p>Head : 35 mtrs&nbsp;&nbsp;&nbsp;&nbsp;&nbsp;&nbsp;&nbsp;&nbsp;&nbsp;&nbsp;&nbsp;&nbsp;&nbsp;&nbsp;&nbsp;&nbsp;&nbsp;&nbsp;&nbsp;&nbsp;&nbsp;&nbsp;&nbsp;&nbsp;&nbsp;&nbsp;&nbsp;&nbsp;&nbsp;&nbsp;&nbsp;&nbsp;&nbsp; &nbsp; &nbsp; &nbsp;Flow : 10 m3/hr</p><p>Liquid : Clear Water&nbsp;&nbsp;&nbsp;&nbsp;&nbsp;&nbsp;&nbsp;&nbsp;&nbsp;&nbsp;&nbsp;&nbsp;&nbsp;&nbsp;&nbsp;&nbsp;&nbsp;&nbsp;&nbsp;&nbsp;&nbsp;&nbsp;&nbsp;&nbsp;&nbsp; &nbsp;PH/SG/Temp : 7/1/ambient</p><p>Power : 5 HP/2900 RPM&nbsp;&nbsp;&nbsp;&nbsp;&nbsp;&nbsp;&nbsp;&nbsp;&nbsp;&nbsp;&nbsp;&nbsp;&nbsp; &nbsp; &nbsp;Suc*Dis : 50*32 mm</p><p>Suction : Flooded&nbsp;&nbsp;&nbsp;&nbsp;&nbsp;&nbsp;&nbsp;&nbsp;&nbsp;&nbsp;&nbsp;&nbsp;&nbsp;&nbsp;&nbsp;&nbsp;&nbsp;&nbsp;&nbsp;&nbsp;&nbsp;&nbsp;&nbsp;&nbsp;&nbsp;&nbsp;&nbsp;&nbsp;&nbsp; &nbsp; &nbsp;Impeller : Closed</p><p>Sealing : Gland Packing&nbsp;&nbsp;&nbsp;&nbsp;&nbsp;&nbsp;&nbsp;&nbsp;&nbsp;&nbsp;&nbsp;&nbsp;&nbsp;&nbsp;&nbsp;&nbsp;&nbsp; &nbsp; MOC : CI/CI</p><p><span style="text-decoration: underline;">Scope of supply :</span>&nbsp;Pump with Remi/BBL make motor with coupling, coupling guard dully assembled on base frame.&nbsp;</p>', 1, '31250.00', '31250.00', 0),
(116, 53, 601, '<div><font face="Palatino Linotype" linotype?="">Make : \r\nTushaco</font></div><p>\r\n</p><div><font face="Palatino Linotype" linotype?="">Pump Model \r\n: RT-80</font></div>', 1, '7650.00', '7650.00', 0),
(117, 54, 982, '<p class="MsoBodyText3" style="MARGIN: 0in 0in 0pt"><font linotype?="">Item Description&nbsp;&nbsp;&nbsp; : Electronic \r\nDiaphragm Dosing Pump</font></p><p class="MsoBodyText3" style="MARGIN: 0in 0in 0pt"><font linotype?="">Model&nbsp;&nbsp;&nbsp;&nbsp;&nbsp;&nbsp;&nbsp;&nbsp;&nbsp;&nbsp;&nbsp;&nbsp;&nbsp;&nbsp;&nbsp;&nbsp;&nbsp;&nbsp;&nbsp;&nbsp; &nbsp;&nbsp;&nbsp;&nbsp;&nbsp;&nbsp;: ANT \r\nED 01</font></p><p class="MsoBodyText3" style="MARGIN: 0in 0in 0pt"><font linotype?="">Capacity&nbsp;&nbsp;&nbsp;&nbsp;&nbsp;&nbsp;&nbsp;&nbsp;&nbsp;&nbsp;&nbsp;&nbsp;&nbsp;&nbsp;&nbsp;&nbsp; &nbsp; &nbsp; &nbsp;: 0 to 4 \r\nLPH</font></p><p class="MsoBodyText3" style="MARGIN: 0in 0in 0pt"><font linotype?="">Pressure&nbsp;&nbsp;&nbsp;&nbsp;&nbsp;&nbsp;&nbsp;&nbsp;&nbsp;&nbsp;&nbsp;&nbsp;&nbsp;&nbsp;&nbsp;&nbsp;&nbsp; &nbsp;&nbsp;&nbsp;&nbsp;: 0 to \r\n4 kg/cm2</font></p><p class="MsoBodyText3" style="MARGIN: 0in 0in 0pt"><font linotype?="">Suc*Dis&nbsp;&nbsp;&nbsp;&nbsp;&nbsp;&nbsp;&nbsp;&nbsp;&nbsp;&nbsp;&nbsp;&nbsp;&nbsp;&nbsp;&nbsp;&nbsp;&nbsp;&nbsp; &nbsp; &nbsp; &nbsp;:  * \r\n</font></p><p class="MsoBodyText3" style="MARGIN: 0in 0in 0pt"><font linotype?="">MOC&nbsp;&nbsp;&nbsp;&nbsp;&nbsp;&nbsp;&nbsp;&nbsp;&nbsp;&nbsp;&nbsp;&nbsp;&nbsp;&nbsp;&nbsp;&nbsp;&nbsp;&nbsp;&nbsp;&nbsp;&nbsp; &nbsp;&nbsp;&nbsp;&nbsp;&nbsp; &nbsp;: Liquid end: PP</font></p><p class="MsoBodyText3" style="MARGIN: 0in 0in 0pt"><font linotype?="">&nbsp;&nbsp;&nbsp;&nbsp;&nbsp;&nbsp;&nbsp;&nbsp;&nbsp;&nbsp;&nbsp;&nbsp;&nbsp;&nbsp;&nbsp;&nbsp;&nbsp;&nbsp;&nbsp;&nbsp;&nbsp;&nbsp;&nbsp;&nbsp;&nbsp;&nbsp;&nbsp;&nbsp;&nbsp;&nbsp;&nbsp;&nbsp;&nbsp; &nbsp;&nbsp;&nbsp;&nbsp;&nbsp;&nbsp;&nbsp;&nbsp;Diaphragm: \r\nPP</font></p><p class="MsoBodyText3" style="MARGIN: 0in 0in 0pt"><font linotype?="">&nbsp;&nbsp;&nbsp;&nbsp;&nbsp;&nbsp;&nbsp;&nbsp;&nbsp;&nbsp;&nbsp;&nbsp;&nbsp;&nbsp;&nbsp;&nbsp;&nbsp;&nbsp;&nbsp;&nbsp;&nbsp;&nbsp;&nbsp;&nbsp;&nbsp;&nbsp;&nbsp;&nbsp;&nbsp;&nbsp;&nbsp;&nbsp;&nbsp; &nbsp;&nbsp;&nbsp;&nbsp;&nbsp;&nbsp;&nbsp;&nbsp;NRV: \r\nPP</font></p><p class="MsoBodyText3" style="MARGIN: 0in 0in 0pt"><font linotype?="">Drive&nbsp;&nbsp;&nbsp;&nbsp;&nbsp;&nbsp;&nbsp;&nbsp;&nbsp;&nbsp;&nbsp;&nbsp;&nbsp;&nbsp;&nbsp;&nbsp;&nbsp;&nbsp;&nbsp;&nbsp;&nbsp; &nbsp;&nbsp;&nbsp;&nbsp;&nbsp;&nbsp;&nbsp;&nbsp;: Single phase 230 \r\nV, 50 hz</font></p><p>\r\n\r\n\r\n\r\n\r\n\r\n\r\n\r\n\r\n</p><p class="MsoBodyText3" style="MARGIN: 0in 0in 0pt">Accessories &nbsp; &nbsp; &nbsp; &nbsp; &nbsp; &nbsp; &nbsp; :&nbsp;Strainer cum foot-vale, 1.5 mtrs. tube&nbsp;</p>', 1, '8502.50', '8502.50', 0),
(120, 48, 755, '<p>Mechanical Seal KGEN 11 3</p>', 6, '1400.00', '8400.00', 0),
(121, 55, 996, '<p><span style="font-family: &quot;Times New Roman&quot;;">Your Item Code : 2100515094</span></p><p><span style="font-family: &quot;Times New Roman&quot;;">Sealing Ring PN 12</span><span style="background-color: transparent; color: black; font-family: &quot;Times New Roman&quot;; font-size: 12pt;">&nbsp;</span></p>', 8, '1100.00', '8800.00', 0),
(122, 55, 1014, '<p>Your Item Code:2100515097</p><p>Valve Seat PN 13</p>', 8, '2800.00', '22400.00', 0),
(123, 55, 997, '<p>Your Item Code : 2100515095</p><p>Valve Cage PN 16</p>', 8, '3200.00', '25600.00', 0),
(124, 55, 999, '<p>Your Item Code : 2100515324</p><p>Liquid Head PN 1</p>', 2, '13000.00', '26000.00', 0),
(125, 55, 1001, '<p>Your Item Code : 2100514231</p><p>Hose Nipple PN 18</p>', 8, '2700.00', '21600.00', 0),
(126, 55, 1002, '<p>Your Item Code : 2100515390</p><p>Plain Washer PN 33</p>', 10, '15.00', '150.00', 0),
(127, 55, 1003, '<p>Your Item Code : 7100004392</p><p>Allen Bolt PN 35</p>', 10, '30.00', '300.00', 0),
(128, 55, 1004, '<p>Your Item Code : 2100515495</p><p>Circlip PN 36</p>', 10, '550.00', '5500.00', 0),
(129, 55, 1005, '<p>Your Item Code : 2100514306</p><p>SL Guide PN 37</p>', 4, '4800.00', '19200.00', 0),
(130, 55, 1006, '<p>Your Item Code : 2100515496</p><p>Allen Bolt PN 38</p>', 10, '30.00', '300.00', 0),
(131, 55, 1007, '<p>Your Item Code : 2100514307</p><p>Circlip PN 42</p>', 10, '600.00', '6000.00', 0),
(132, 55, 1009, '<p>Your Item Code : 2100515051</p><p>Top Cover PN 44</p>', 2, '5700.00', '11400.00', 0),
(133, 55, 1010, '<p>Your Item Code : 2100514487</p><p>SL Screw &nbsp;PN 45</p>', 4, '4800.00', '19200.00', 0),
(134, 55, 1011, '<p>Your Item Code : 2100514919</p><p>SL Indicator PN 46</p>', 2, '5100.00', '10200.00', 0),
(135, 55, 1012, '<p>Your Item Code : 2100515052</p><p>Grubs Screw PN 49</p>', 10, '40.00', '400.00', 0),
(136, 55, 1013, '<p>Your Item Code : 2100515053</p><p>Barrel PN 50</p>', 2, '4700.00', '9400.00', 0),
(138, 2, 929, '<p>Application Mines Dewatering</p><p>Pump Model : CN 100 400</p><p>Head: 50 Meters</p><p>Flow: 120 M3/hr</p><p>MOC: Cast Iron</p><p>Sealing : Gland Packing</p><p>Reccd. Motor Power: 40 HP/1450 RPM</p><p>Suc*Dis Size: 125*100 MM</p><p><br></p><p><br></p>', 1, '52500.00', '52500.00', 79),
(140, 56, 1084, '<p>Pump Model : CT 50C 160&nbsp;</p><p>Flow : 50 m3/ hr &nbsp; &nbsp; &nbsp; &nbsp; &nbsp; &nbsp; &nbsp; &nbsp; Head : 34 Mtrs</p><p><span style="background-color: transparent;">Application &nbsp;: Quench Oil &nbsp; &nbsp; &nbsp; &nbsp; &nbsp; &nbsp; &nbsp; Liquid : &nbsp;Clear Oil</span></p><p><span style="background-color: transparent;">Suction X Discharge : 65 X 50 MM</span></p><p><span style="background-color: transparent;">Viscosity : 177 &nbsp;Cst @ 40 Deg. C</span></p><p><span style="background-color: transparent;">Oil Temp. Variation&nbsp;: 40 deg. C to 130 Deg. C</span></p><p><span style="background-color: transparent;">Oil Specific Gravity : 0.8816 @ 30 Deg.C</span></p><p><span style="background-color: transparent;">Motor : 20 HP / 2980 RPM</span></p><p><span style="background-color: transparent;">Negative Suction : 1 &nbsp;Mtrs ( required foot valve )</span></p><p><span style="background-color: transparent;">Sealing : Mechanical Seal</span></p><p><span style="background-color: transparent;">Scope of Supply;</span></p><p><span style="background-color: transparent;">Price for Pump With Remi / BBL make Std. Motor , Love- Joy Coupling , Coupling Gaurd, MS Base Frame dully assembled.</span></p>', 1, '222491.00', '222491.00', 50),
(141, 57, 613, '<p>Mechanical Seal for Pump Model T3 ST 38/36</p>', 1, '15700.00', '15700.00', 0),
(145, 58, 931, '<p class="MsoNormal"><span style="FONT-SIZE: 12pt; FONT-FAMILY: &quot;Palatino Linotype&quot;,&quot;serif&quot;; COLOR: black">DARLING make Submersible \r\nPump for Dewatering&nbsp;</span></p><p class="MsoNormal"><span style="FONT-SIZE: 12pt; FONT-FAMILY: &quot;Palatino Linotype&quot;,&quot;serif&quot;; COLOR: black">Model \r\n: S 630 &nbsp; &nbsp; &nbsp; &nbsp; &nbsp; &nbsp; &nbsp; &nbsp; &nbsp; &nbsp; &nbsp; &nbsp; &nbsp; &nbsp; &nbsp; &nbsp; &nbsp; &nbsp; Power : 6.5 HP / 2980 RPM<o:p></o:p></span></p><p class="MsoNormal"><span style="FONT-SIZE: 12pt; FONT-FAMILY: &quot;Palatino Linotype&quot;,&quot;serif&quot;; COLOR: black">Capacity \r\n: 0 to 17.50LPS &nbsp; &nbsp; &nbsp; &nbsp; &nbsp; &nbsp; &nbsp; &nbsp; &nbsp;</span><span style="color: black; font-family: &quot;Palatino Linotype&quot;, serif; font-size: 12pt; background-color: transparent;">Head \r\nRange : 0 to 32 Mtrs</span></p><p class="MsoNormal"><span style="FONT-SIZE: 12pt; FONT-FAMILY: &quot;Palatino Linotype&quot;,&quot;serif&quot;; COLOR: black">Delivery \r\nOutlet : 65 mm &nbsp; &nbsp; &nbsp; &nbsp; &nbsp; &nbsp; &nbsp; &nbsp; </span><span style="color: black; font-family: &quot;Palatino Linotype&quot;, serif; font-size: 12pt; background-color: transparent;">Cable \r\nSize 1*3*1.5</span></p><p>\r\n\r\n\r\n\r\n\r\n\r\n\r\n</p><p class="MsoNormal"><span style="FONT-SIZE: 12pt; FONT-FAMILY: &quot;Palatino Linotype&quot;,&quot;serif&quot;; COLOR: black">Scope of Supply : Pump set &nbsp;with 5 mtr Cable</span></p>', 6, '15435.00', '92610.00', 0),
(153, 59, 705, '<p style="text-align: justify; line-height: 1;">Model : CB 40 160 G1 &nbsp; &nbsp; &nbsp; &nbsp; &nbsp; &nbsp; &nbsp; &nbsp; &nbsp; &nbsp; &nbsp; &nbsp; &nbsp; &nbsp;Make : Johnson&nbsp;</p><p style="text-align: justify; line-height: 1;">Flow : 35 m<span style="vertical-align: super;">3/ </span>hr &nbsp; &nbsp; &nbsp; &nbsp; &nbsp; &nbsp; &nbsp; &nbsp; &nbsp; &nbsp; &nbsp; &nbsp; &nbsp; &nbsp; &nbsp; &nbsp; &nbsp; &nbsp; &nbsp; &nbsp; Head : 40 mtr</p><p style="text-align: justify; line-height: 1;">Suction * Discharge : 50 * 32 &nbsp; &nbsp; &nbsp; &nbsp; &nbsp; &nbsp; &nbsp;<span style="background-color: transparent;">Sealing : Mechanical Seal</span></p><p style="text-align: justify; line-height: 1;">Recd. Power : 10 HP / 2900 RPM &nbsp; &nbsp;Liquid &nbsp; : Clear Water</p><p style="text-align: justify; line-height: 1;"><span style="background-color: transparent;">Scope of Supply : Complete Motorised Unit.</span></p>', 2, '33200.00', '66400.00', 0),
(160, 60, 1157, '<h4 style="line-height: 1;"><span style="text-decoration: underline;"><span style="font-weight: bold;">Item Code : ES013800000584</span><br></span>Mechanical Seal for Johnson Pump Spares CB 200 200 G1</h4>', 2, '6460.00', '12920.00', 0),
(167, 61, 621, '<p>Item Code :&nbsp;<span style="color: black; text-align: center; background-color: transparent;">PUMPSPAR4545</span></p><p><span style="color: black; text-align: center; background-color: transparent;">Mechanical Seal of Pump Model: T3SFP 20/56</span></p><p class="MsoNormal" style="TEXT-ALIGN: center" align="center"><span style="COLOR: black"><o:p></o:p></span></p><p></p>', 1, '13250.00', '13250.00', 0),
(168, 61, 612, '<p>Item Code :&nbsp;<span style="color: black; text-align: center; background-color: transparent;">PUMPSPAR4546</span></p><p class="MsoNormal" style="TEXT-ALIGN: center" align="center"><span style="COLOR: black"><o:p></o:p></span></p><p><span style="color: black; text-align: center; background-color: transparent;">Mechanical Seal of Pump Model: T3ST 45/42</span></p>', 2, '8500.00', '17000.00', 0),
(169, 61, 612, '<p>Item Code :&nbsp;<span style="color: black; text-align: center; background-color: transparent;">PUMPSPAR4544</span></p><p class="MsoNormal" style="TEXT-ALIGN: center" align="center"><span style="COLOR: black"><o:p></o:p></span></p><p class="MsoNormal" align="center" style="text-align: center;"><span style="color: black;"><o:p></o:p></span></p><p><span style="color: black; text-align: center; background-color: transparent;">Mechanical Seal of Pump Model: T3ST 45/42</span></p>', 2, '8500.00', '17000.00', 0),
(179, 63, 1187, '<p>Item Code:&nbsp;<span style="color: black; text-align: center; background-color: transparent;">PUMPWATR0506</span></p><p><span style="color: black; text-align: center; background-color: transparent;">Pump Model : J 2004 &nbsp; &nbsp; &nbsp; &nbsp; &nbsp; &nbsp; &nbsp; &nbsp; &nbsp; &nbsp; &nbsp; &nbsp; &nbsp;</span></p><p><span style="color: black; text-align: center; background-color: transparent;">Pump Type : Darling Jumbo Pump</span></p><p><span style="color: black; text-align: center; background-color: transparent;">Liquid : Raw Water &nbsp; &nbsp; &nbsp; &nbsp; &nbsp; &nbsp; &nbsp; &nbsp; Application : &nbsp;Raw Water Transfer</span></p><p><span style="color: black; text-align: center; background-color: transparent;">Head Range : 20 - 36 Meters &nbsp; &nbsp; &nbsp; &nbsp; &nbsp;Flow Range : 120 - 20 M3/hr</span></p><p><span style="color: black; text-align: center; background-color: transparent;">Motor Power : 20 HP/2980 RPM &nbsp; &nbsp; &nbsp;Out Let Size : 100 MM&nbsp;</span></p><p><span style="color: black; text-align: center; background-color: transparent; font-weight: bold;">Particle Size Handling &nbsp;: &nbsp;8 MM &nbsp; &nbsp; &nbsp; &nbsp; &nbsp;</span></p><p><span style="font-weight: bold;">Scope of Supply : Pump Set with 10 Meters Cables</span></p><p class="MsoNormal" style="TEXT-ALIGN: center" align="center"><span style="COLOR: black"><o:p></o:p></span></p><p></p>', 2, '178500.00', '357000.00', 0),
(180, 63, 642, '<p>Item Code :&nbsp;<span style="color: black; text-align: center; background-color: transparent;">PUMPWATR0440</span></p><p><span style="color: black; text-align: center; background-color: transparent;">Pump Model : DJ 52 &nbsp; &nbsp; &nbsp; &nbsp; &nbsp; &nbsp; &nbsp; &nbsp; &nbsp; &nbsp; &nbsp;</span><span style="color: rgb(0, 0, 0); text-align: center; background-color: transparent;">Pump Type : Darling Jumbo Pump</span></p><p><span style="color: black; text-align: center; background-color: transparent;">Head : 18 Meters&nbsp;&nbsp;&nbsp;&nbsp;&nbsp;&nbsp;&nbsp;&nbsp;&nbsp;&nbsp;&nbsp;&nbsp;&nbsp;&nbsp;&nbsp;&nbsp;&nbsp;&nbsp;&nbsp;&nbsp;&nbsp;&nbsp;&nbsp;&nbsp;&nbsp;&nbsp; &nbsp; Flow : 600 LPM</span></p><p><span style="color: black; text-align: center; background-color: transparent;">Motor Power : 5 HP/2980 &nbsp; &nbsp; &nbsp; &nbsp; &nbsp;Out &nbsp;Let Size : 65 MM</span></p><p><span style="color: black; text-align: center; background-color: transparent;"><br></span></p><p><span style="color: black; text-align: center; background-color: transparent; font-weight: bold;">Scope of Supply : Pump set with 10 Meters Cables&nbsp;</span></p><p><span style="color: black; text-align: center; background-color: transparent; font-weight: bold;">You may placed repeat order as per last PO No.: 308943 dated 08/07/2015</span></p><p class="MsoNormal" style="TEXT-ALIGN: center" align="center"><span style="COLOR: black"><o:p></o:p></span></p>', 1, '61700.00', '61700.00', 0),
(181, 62, 1186, '<table border="0" cellpadding="0" cellspacing="0" width="383" style="width: 288pt;">\r\n <colgroup><col width="213" style="mso-width-source:userset;mso-width-alt:7789;width:160pt">\r\n <col width="170" style="mso-width-source:userset;mso-width-alt:6217;width:128pt">\r\n </colgroup><tbody><tr height="21" style="height:15.75pt">\r\n  <td height="21" class="xl66" width="213" style="height:15.75pt;width:160pt">Service&nbsp;&nbsp;&nbsp;&nbsp;&nbsp;&nbsp;&nbsp;&nbsp;&nbsp;&nbsp;&nbsp;&nbsp;&nbsp;</td>\r\n  <td class="xl67" width="170" style="width:128pt">Transfer</td>\r\n </tr>\r\n <tr height="21" style="height:15.75pt">\r\n  <td height="21" class="xl66" width="213" style="height:15.75pt;width:160pt"><span style="font-weight: bold; background-color: yellow;">Make&nbsp;</span></td>\r\n  <td class="xl67" width="170" style="width:128pt"><span style="font-weight: bold; background-color: yellow;">Johnson</span></td>\r\n </tr>\r\n <tr height="21" style="height:15.75pt">\r\n  <td height="21" class="xl66" width="213" style="height:15.75pt;width:160pt">Fluid\r\n  Handled</td>\r\n  <td class="xl67" width="170" style="width:128pt">Chemical&nbsp;</td>\r\n </tr>\r\n <tr height="21" style="height:15.75pt">\r\n  <td height="21" class="xl66" width="213" style="height:15.75pt;width:160pt">Operating\r\n  Temperature (oC)</td>\r\n  <td class="xl67" width="170" style="width:128pt">Ambient</td>\r\n </tr>\r\n <tr height="21" style="height:15.75pt">\r\n  <td height="21" class="xl66" width="213" style="height:15.75pt;width:160pt">Specific\r\n  Gravity</td>\r\n  <td class="xl67" width="170" style="width:128pt">1.2</td>\r\n </tr>\r\n <tr height="21" style="height:15.75pt">\r\n  <td height="21" class="xl66" width="213" style="height:15.75pt;width:160pt">PH/ Efficiency&nbsp;</td>\r\n  <td class="xl67" width="170" style="width:128pt">7/59%</td>\r\n </tr>\r\n <tr height="21" style="height:15.75pt">\r\n  <td height="21" class="xl66" width="213" style="height:15.75pt;width:160pt">Capacity\r\n  (m3/hr)</td>\r\n  <td class="xl67" width="170" style="width:128pt">50</td>\r\n </tr>\r\n <tr height="21" style="height:15.75pt">\r\n  <td height="21" class="xl66" width="213" style="height:15.75pt;width:160pt">Head\r\n  (m)</td>\r\n  <td class="xl67" width="170" style="width:128pt">30</td>\r\n </tr>\r\n <tr height="21" style="height:15.75pt">\r\n  <td height="21" class="xl66" width="213" style="height:15.75pt;width:160pt">Speed\r\n  (rpm)</td>\r\n  <td class="xl67" width="170" style="width:128pt">1450</td>\r\n </tr>\r\n <tr height="21" style="height:15.75pt">\r\n  <td height="21" class="xl66" width="213" style="height:15.75pt;width:160pt">Power\r\n  consumed by pump (BkW)</td>\r\n  <td class="xl67" width="170" style="width:128pt">8.5</td>\r\n </tr>\r\n <tr height="21" style="height:15.75pt">\r\n  <td height="21" class="xl66" width="213" style="height:15.75pt;width:160pt">Recommended\r\n  Motor Rating ( H.P)</td>\r\n  <td class="xl67" width="170" style="width:128pt">20 H.P</td>\r\n </tr>\r\n <tr height="21" style="height:15.75pt">\r\n  <td height="21" class="xl66" width="213" style="height:15.75pt;width:160pt">Pump\r\n  Type&nbsp;</td>\r\n  <td class="xl67" width="170" style="width:128pt">&nbsp;Horizontal Centrifugal Pump</td>\r\n </tr>\r\n <tr height="21" style="height:15.75pt">\r\n  <td height="21" class="xl66" width="213" style="height:15.75pt;width:160pt">Pump\r\n  Model</td>\r\n  <td class="xl67" width="170" style="width:128pt">CCR 65 315 R6</td>\r\n </tr>\r\n <tr height="21" style="height:15.75pt">\r\n  <td height="21" class="xl66" width="213" style="height:15.75pt;width:160pt">Pump\r\n  Suction/Delivery Size (mm)</td>\r\n  <td class="xl67" width="170" style="width:128pt">100*65 mm</td>\r\n </tr>\r\n <tr height="21" style="height:15.75pt">\r\n  <td height="21" class="xl66" width="213" style="height:15.75pt;width:160pt">Shaft\r\n  Sealing</td>\r\n  <td class="xl67" width="170" style="width:128pt">Mechanical Seal</td>\r\n </tr>\r\n <tr height="21" style="height:15.75pt">\r\n  <td height="21" class="xl66" width="213" style="height:15.75pt;width:160pt"><span style="background-color: yellow;">Impeller\r\n  Type</span></td>\r\n  <td class="xl67" width="170" style="width:128pt"><span style="background-color: yellow;">Half Open</span></td>\r\n </tr>\r\n <tr height="21" style="height:15.75pt">\r\n  <td height="21" class="xl66" width="213" style="height:15.75pt;width:160pt">Lubrication</td>\r\n  <td class="xl67" width="170" style="width:128pt">Oil&nbsp;</td>\r\n </tr>\r\n <tr height="21" style="height:15.75pt">\r\n  <td height="21" class="xl66" width="213" style="height:15.75pt;width:160pt">MOC\r\n  Volute Casing</td>\r\n  <td class="xl67" width="170" style="width:128pt">SS 316</td>\r\n </tr>\r\n <tr height="21" style="height:15.75pt">\r\n  <td height="21" class="xl66" width="213" style="height:15.75pt;width:160pt">MOC\r\n  Shaft</td>\r\n  <td class="xl67" width="170" style="width:128pt">SS 316</td>\r\n </tr>\r\n <tr height="21" style="height:15.75pt">\r\n  <td height="21" class="xl66" width="213" style="height:15.75pt;width:160pt">MOC\r\n  Impeller</td>\r\n  <td class="xl67" width="170" style="width:128pt">SS 316</td>\r\n </tr>\r\n <tr height="21" style="height:15.75pt">\r\n  <td height="21" class="xl66" width="213" style="height:15.75pt;width:160pt">MOC\r\n  Bearing Housing</td>\r\n  <td class="xl67" width="170" style="width:128pt">CI</td>\r\n </tr>\r\n <tr height="37" style="mso-height-source:userset;height:27.75pt">\r\n  <td colspan="2" height="37" class="xl68" width="383" style="height:27.75pt;\r\n  width:288pt">Scope of Supply :- Pump with REMI/BBL/ CGL Motor coupling\r\n  coupling guard duly assembled on MS base frame</td>\r\n </tr></tbody></table>', 1, '215500.00', '215500.00', 0),
(185, 65, 613, '<p class="MsoNormal" style="MARGIN-LEFT: 0.5in"><span lang="EN-IN">MAKE TUSHACO \r\nPUMP<o:p></o:p></span></p><p class="MsoNormal" style="MARGIN-LEFT: 0.5in"><span lang="EN-IN">Mechenical seal for TYPE T3 S1 38/42,&nbsp;<o:p></o:p></span></p><p class="MsoNormal" style="MARGIN-LEFT: 0.5in"><br></p><p>\r\n\r\n\r\n</p><p class="MsoNormal" style="margin-left: 0.5in; line-height: 1;"><br></p>', 2, '14000.00', '28000.00', 0),
(192, 64, 1190, '<h6 style="line-height: 1;"><p class="MsoNormal"><span lang="EN-US">Pump\nModel&nbsp; &nbsp;\n: FRE 50 205 G6 <o:p></o:p></span></p>\n\n<p class="MsoNormal"><span lang="EN-US">Service&nbsp;&nbsp;&nbsp;&nbsp;&nbsp;&nbsp;&nbsp;&nbsp;&nbsp;&nbsp;&nbsp;  &nbsp;: Transfer&nbsp;&nbsp;&nbsp;&nbsp;&nbsp;&nbsp;&nbsp;&nbsp;&nbsp;&nbsp;&nbsp;&nbsp;&nbsp;&nbsp;&nbsp;&nbsp;&nbsp;&nbsp;&nbsp;&nbsp;&nbsp;&nbsp; </span></p><p class="MsoNormal"><span lang="EN-US">Make &nbsp; &nbsp; &nbsp; &nbsp; &nbsp; &nbsp; &nbsp; &nbsp; : Johnson<o:p></o:p></span></p>\n\n<p class="MsoNormal"><span lang="EN-US">Fluid\nHandled : ETP Sludge&nbsp;&nbsp;&nbsp;&nbsp;&nbsp; &nbsp;&nbsp;&nbsp;&nbsp;&nbsp;&nbsp;&nbsp;&nbsp;&nbsp;&nbsp;&nbsp;<o:p></o:p></span></p>\n\n<p class="MsoNormal"><span lang="EN-US">&nbsp;Operating Temperature (C) : Ambient<o:p></o:p></span></p>\n\n<p class="MsoNormal"><span lang="EN-US">Specific\nGravity &nbsp; : &nbsp; 1</span></p><p class="MsoNormal"><span lang="EN-US">PH &nbsp; &nbsp; &nbsp; &nbsp; &nbsp; &nbsp; &nbsp; &nbsp; &nbsp; &nbsp; &nbsp; &nbsp; : &nbsp; 7<o:p></o:p></span></p>\n\n<p class="MsoNormal"><span lang="EN-US">Capacity\n(m3/hr) : &nbsp;30&nbsp;&nbsp;&nbsp; &nbsp;&nbsp;&nbsp; &nbsp;&nbsp;&nbsp;&nbsp;&nbsp;&nbsp;&nbsp;&nbsp;&nbsp;&nbsp;&nbsp; &nbsp;&nbsp;&nbsp;&nbsp;&nbsp;&nbsp;</span></p><p class="MsoNormal"><span lang="EN-US">Head\n(m) &nbsp; &nbsp; &nbsp; &nbsp; &nbsp; &nbsp; &nbsp;: &nbsp;47<o:p></o:p></span></p>\n\n<p class="MsoNormal"><span lang="EN-US">Speed\n(rpm) &nbsp; &nbsp; &nbsp; &nbsp;: &nbsp;2900&nbsp; &nbsp;&nbsp;&nbsp;&nbsp;&nbsp;&nbsp;&nbsp;&nbsp;&nbsp;&nbsp;&nbsp; &nbsp; &nbsp; &nbsp; &nbsp; &nbsp; &nbsp; &nbsp; &nbsp; &nbsp;</span></p><p class="MsoNormal"><span lang="EN-US">Power pump (BkW)&nbsp;&nbsp; :&nbsp;&nbsp; 8.4<o:p></o:p></span></p>\n\n<p class="MsoNormal"><span lang="EN-US">Recom\nMotor Rating ( H.P) 15 HP<o:p></o:p></span></p>\n\n<p class="MsoNormal"><span lang="EN-US">&nbsp;&nbsp;&nbsp;&nbsp;&nbsp;&nbsp;&nbsp;&nbsp;&nbsp;&nbsp;&nbsp;&nbsp;&nbsp;&nbsp;&nbsp;&nbsp;&nbsp;&nbsp;&nbsp;&nbsp;&nbsp;&nbsp;&nbsp;&nbsp;&nbsp;&nbsp;&nbsp;&nbsp;&nbsp;&nbsp;&nbsp;&nbsp;&nbsp;&nbsp;&nbsp;&nbsp;&nbsp; &nbsp;&nbsp;&nbsp;&nbsp;&nbsp;&nbsp;&nbsp;&nbsp;&nbsp;&nbsp;&nbsp;&nbsp;&nbsp;&nbsp;&nbsp;&nbsp;<span style="font-weight: bold;">&nbsp;Design</span><o:p></o:p></span></p>\n\n<p class="MsoNormal"><span lang="EN-US">Pump\nType &nbsp; &nbsp; &nbsp;: Self Priming Pump&nbsp;&nbsp;&nbsp;&nbsp;&nbsp; &nbsp;<o:p></o:p></span></p>\n\n<p class="MsoNormal"><span lang="EN-US">Pump\nSuc/Del &nbsp;Size (mm) : 50*50 mm<o:p></o:p></span></p>\n\n<p class="MsoNormal"><span lang="EN-US">Shaft\nSealing&nbsp; : Mechanical Seal&nbsp;&nbsp;&nbsp;&nbsp;&nbsp;&nbsp;&nbsp;&nbsp;&nbsp; &nbsp;</span></p><p class="MsoNormal"><span lang="EN-US">&nbsp;Motor &nbsp; &nbsp; &nbsp; &nbsp; &nbsp; &nbsp; &nbsp; : &nbsp;BBL/ REMI<o:p></o:p></span></p>\n\n<p class="MsoNormal"><span lang="EN-US">Motor\nType &nbsp; &nbsp; &nbsp;: &nbsp;Foot Mounted &nbsp;&nbsp;&nbsp;&nbsp;&nbsp;&nbsp;&nbsp;&nbsp;&nbsp;&nbsp;&nbsp;&nbsp;&nbsp;&nbsp;</span></p><p class="MsoNormal"><span lang="EN-US">Impeller Type&nbsp;\n: &nbsp;Half Open<o:p></o:p></span></p>\n\n<p class="MsoNormal"><span lang="EN-US">Lubrication &nbsp; &nbsp; &nbsp;: Oil <o:p></o:p></span></p>\n\n<p class="MsoNormal"><span lang="EN-US">&nbsp;&nbsp;&nbsp;&nbsp;&nbsp;&nbsp;&nbsp;&nbsp;&nbsp;&nbsp;&nbsp;&nbsp;&nbsp;&nbsp;&nbsp;&nbsp;&nbsp;&nbsp;&nbsp;&nbsp;&nbsp;&nbsp;&nbsp;&nbsp;&nbsp; &nbsp;&nbsp;&nbsp;&nbsp;&nbsp;&nbsp;&nbsp;&nbsp;&nbsp;&nbsp;&nbsp;&nbsp;<span style="font-weight: bold;">Material Of Construction</span><o:p></o:p></span></p>\n\n<p class="MsoNormal"><span lang="EN-US">Volute\nCasing &nbsp; &nbsp; &nbsp; &nbsp; &nbsp; &nbsp;: CI &nbsp; &nbsp; &nbsp; &nbsp; &nbsp; &nbsp; &nbsp; &nbsp; &nbsp; &nbsp; &nbsp; &nbsp; &nbsp; &nbsp;</span></p><p class="MsoNormal"><span lang="EN-US">Shaft /</span><span style="color: inherit; background-color: transparent;">Shaft Sleeve</span><span style="color: inherit; background-color: transparent;">&nbsp; &nbsp;: SS</span></p>\n\n<p class="MsoNormal"><span lang="EN-US">Impeller &nbsp; &nbsp; &nbsp; &nbsp; &nbsp; &nbsp; &nbsp; &nbsp; &nbsp; &nbsp; &nbsp; : SS 316 &nbsp; &nbsp; &nbsp; &nbsp; &nbsp; &nbsp; &nbsp; &nbsp; &nbsp;</span></p><p class="MsoNormal"><span style="color: inherit; background-color: transparent;">Bearing\nHousing &nbsp; &nbsp; &nbsp; : CI</span></p>\n\n<p class="MsoNormal"><span lang="EN-US">&nbsp;&nbsp;&nbsp;&nbsp;&nbsp;&nbsp;&nbsp;&nbsp;&nbsp;&nbsp;&nbsp;&nbsp;&nbsp;&nbsp;&nbsp;&nbsp;&nbsp;&nbsp;&nbsp;&nbsp;&nbsp;&nbsp;&nbsp;&nbsp;&nbsp;&nbsp; &nbsp;&nbsp;&nbsp;&nbsp;&nbsp;&nbsp;&nbsp;&nbsp;&nbsp;&nbsp;<span style="font-weight: bold;">Scope of Supply</span><o:p></o:p></span></p>\n\n<p class="MsoNormal"><span lang="EN-US">Pump\nwith motor with coupling, coupling guard, duly assembled on Base Frame and\nfasteners</span></p></h6>', 2, '112500.00', '225000.00', 24);
INSERT INTO `quotation_rows` (`id`, `quotation_id`, `item_id`, `description`, `quantity`, `rate`, `amount`, `height`) VALUES
(194, 66, 907, '<p class="MsoNormal" style="margin-bottom:0cm;margin-bottom:.0001pt;text-align:\r\njustify;text-justify:inter-ideograph;line-height:normal"><span lang="EN-US" style="font-size: 10pt; font-family: &quot;Palatino Linotype&quot;, serif; color: black; background-image: initial; background-position: initial; background-size: initial; background-repeat: initial; background-attachment: initial; background-origin: initial; background-clip: initial;">&nbsp; &nbsp; &nbsp; &nbsp; &nbsp; &nbsp; &nbsp; &nbsp; &nbsp; <span style="text-decoration-line: underline; background-color: yellow;">Operating Data</span><o:p></o:p></span></p>\r\n\r\n<p class="MsoNormal" style="margin-bottom:0cm;margin-bottom:.0001pt;text-align:\r\njustify;text-justify:inter-ideograph;line-height:normal"><span lang="EN-US" style="font-size: 10pt; font-family: &quot;Palatino Linotype&quot;, serif; color: black; background-image: initial; background-position: initial; background-size: initial; background-repeat: initial; background-attachment: initial; background-origin: initial; background-clip: initial;">Equipment&nbsp;&nbsp;&nbsp;&nbsp;&nbsp;&nbsp;&nbsp;&nbsp;&nbsp; &nbsp; : HCL Transfer Pump<o:p></o:p></span></p>\r\n\r\n<p class="MsoNormal" style="margin-bottom:0cm;margin-bottom:.0001pt;text-align:\r\njustify;text-justify:inter-ideograph;line-height:normal"><span lang="EN-US" style="font-size: 10pt; font-family: &quot;Palatino Linotype&quot;, serif; color: black; background-image: initial; background-position: initial; background-size: initial; background-repeat: initial; background-attachment: initial; background-origin: initial; background-clip: initial;">Make &nbsp;&nbsp;&nbsp;&nbsp;&nbsp;&nbsp;&nbsp;&nbsp;&nbsp;&nbsp;&nbsp;&nbsp;&nbsp;&nbsp;&nbsp;&nbsp;&nbsp;&nbsp;&nbsp;&nbsp;&nbsp;: Antico<o:p></o:p></span></p>\r\n\r\n<p class="MsoNormal" style="margin-bottom:0cm;margin-bottom:.0001pt;text-align:\r\njustify;text-justify:inter-ideograph;line-height:normal"><span lang="EN-US" style="font-size: 10pt; font-family: &quot;Palatino Linotype&quot;, serif; color: black; background-image: initial; background-position: initial; background-size: initial; background-repeat: initial; background-attachment: initial; background-origin: initial; background-clip: initial;">Temperature (oC) :&nbsp;&nbsp;&nbsp;&nbsp;&nbsp;&nbsp;&nbsp;&nbsp;&nbsp;&nbsp;&nbsp; Ambient<o:p></o:p></span></p>\r\n\r\n<p class="MsoNormal" style="margin-bottom:0cm;margin-bottom:.0001pt;text-align:\r\njustify;text-justify:inter-ideograph;line-height:normal"><span lang="EN-US" style="font-size: 10pt; font-family: &quot;Palatino Linotype&quot;, serif; color: black; background-image: initial; background-position: initial; background-size: initial; background-repeat: initial; background-attachment: initial; background-origin: initial; background-clip: initial;">Specific Gravity &nbsp;&nbsp;&nbsp;:&nbsp;&nbsp;&nbsp;&nbsp;&nbsp;&nbsp;&nbsp;&nbsp;&nbsp;&nbsp;&nbsp; 1<o:p></o:p></span></p>\r\n\r\n<p class="MsoNormal" style="margin-bottom:0cm;margin-bottom:.0001pt;text-align:\r\njustify;text-justify:inter-ideograph;line-height:normal"><span lang="EN-US" style="font-size: 10pt; font-family: &quot;Palatino Linotype&quot;, serif; color: black; background-image: initial; background-position: initial; background-size: initial; background-repeat: initial; background-attachment: initial; background-origin: initial; background-clip: initial;">PH&nbsp;&nbsp;&nbsp;&nbsp;&nbsp;&nbsp;&nbsp;&nbsp;&nbsp; &nbsp;&nbsp;&nbsp;&nbsp;&nbsp;&nbsp;&nbsp;&nbsp;&nbsp;&nbsp;&nbsp;&nbsp;&nbsp;&nbsp;&nbsp;&nbsp; &nbsp;: &nbsp;7<o:p></o:p></span></p>\r\n\r\n<p class="MsoNormal" style="margin-bottom:0cm;margin-bottom:.0001pt;text-align:\r\njustify;text-justify:inter-ideograph;line-height:normal"><span lang="EN-US" style="font-size: 10pt; font-family: &quot;Palatino Linotype&quot;, serif; color: black; background-image: initial; background-position: initial; background-size: initial; background-repeat: initial; background-attachment: initial; background-origin: initial; background-clip: initial;">Capacity (m3/hr) &nbsp;: 10<o:p></o:p></span></p>\r\n\r\n<p class="MsoNormal" style="margin-bottom:0cm;margin-bottom:.0001pt;text-align:\r\njustify;text-justify:inter-ideograph;line-height:normal"><span lang="EN-US" style="font-size: 10pt; font-family: &quot;Palatino Linotype&quot;, serif; color: black; background-image: initial; background-position: initial; background-size: initial; background-repeat: initial; background-attachment: initial; background-origin: initial; background-clip: initial;">Head (m)&nbsp;&nbsp;&nbsp;&nbsp;&nbsp;&nbsp;&nbsp;&nbsp;&nbsp;&nbsp;&nbsp;&nbsp;&nbsp; &nbsp;&nbsp;: 12<o:p></o:p></span></p>\r\n\r\n<p class="MsoNormal" style="margin-bottom:0cm;margin-bottom:.0001pt;text-align:\r\njustify;text-justify:inter-ideograph;line-height:normal"><span lang="EN-US" style="font-size: 10pt; font-family: &quot;Palatino Linotype&quot;, serif; color: black; background-image: initial; background-position: initial; background-size: initial; background-repeat: initial; background-attachment: initial; background-origin: initial; background-clip: initial;">Speed (rpm)&nbsp;&nbsp;&nbsp;&nbsp;&nbsp;&nbsp;&nbsp;&nbsp; &nbsp;: 1450<o:p></o:p></span></p>\r\n\r\n<p class="MsoNormal" style="margin-bottom:0cm;margin-bottom:.0001pt;text-align:\r\njustify;text-justify:inter-ideograph;line-height:normal"><span lang="EN-US" style="font-size: 10pt; font-family: &quot;Palatino Linotype&quot;, serif; color: black; background-image: initial; background-position: initial; background-size: initial; background-repeat: initial; background-attachment: initial; background-origin: initial; background-clip: initial;">Power consumed by pump (BkW)&nbsp;&nbsp;&nbsp;&nbsp;&nbsp;&nbsp;&nbsp;&nbsp;&nbsp;&nbsp;&nbsp;&nbsp;&nbsp;&nbsp; :\r\n1.4<o:p></o:p></span></p>\r\n\r\n<p class="MsoNormal" style="margin-bottom:0cm;margin-bottom:.0001pt;text-align:\r\njustify;text-justify:inter-ideograph;line-height:normal"><span lang="EN-US" style="font-size: 10pt; font-family: &quot;Palatino Linotype&quot;, serif; color: black; background-image: initial; background-position: initial; background-size: initial; background-repeat: initial; background-attachment: initial; background-origin: initial; background-clip: initial;">Recom Motor Rating ( H.P)&nbsp;&nbsp;&nbsp;&nbsp;&nbsp;&nbsp;&nbsp;&nbsp;&nbsp;&nbsp;  :\r\n3 H.P<o:p></o:p></span></p>\r\n\r\n<p class="MsoNormal" style="margin-bottom:0cm;margin-bottom:.0001pt;text-align:\r\njustify;text-justify:inter-ideograph;line-height:normal"><span lang="EN-US" style="font-size: 10pt; font-family: &quot;Palatino Linotype&quot;, serif; color: black; background-image: initial; background-position: initial; background-size: initial; background-repeat: initial; background-attachment: initial; background-origin: initial; background-clip: initial;">&nbsp;&nbsp;&nbsp;&nbsp;&nbsp;&nbsp;&nbsp;&nbsp;&nbsp;&nbsp;&nbsp;&nbsp;&nbsp;&nbsp;&nbsp;&nbsp;<span style="text-decoration-line: underline; background-color: yellow;">&nbsp;&nbsp;&nbsp;&nbsp;Design</span><o:p></o:p></span></p>\r\n\r\n<p class="MsoNormal" style="margin-bottom:0cm;margin-bottom:.0001pt;text-align:\r\njustify;text-justify:inter-ideograph;line-height:normal"><span lang="EN-US" style="font-size: 10pt; font-family: &quot;Palatino Linotype&quot;, serif; color: black; background-image: initial; background-position: initial; background-size: initial; background-repeat: initial; background-attachment: initial; background-origin: initial; background-clip: initial;">Pump Type &nbsp;&nbsp;&nbsp;&nbsp;&nbsp;&nbsp;&nbsp;&nbsp;: Centrifugal Pump<o:p></o:p></span></p>\r\n\r\n<p class="MsoNormal" style="margin-bottom:0cm;margin-bottom:.0001pt;text-align:\r\njustify;text-justify:inter-ideograph;line-height:normal"><span lang="EN-US" style="font-size: 10pt; font-family: &quot;Palatino Linotype&quot;, serif; color: black; background-image: initial; background-position: initial; background-size: initial; background-repeat: initial; background-attachment: initial; background-origin: initial; background-clip: initial;">Pump Model&nbsp;&nbsp;&nbsp;&nbsp;&nbsp;&nbsp; : NZ 50\r\n200<o:p></o:p></span></p>\r\n\r\n<p class="MsoNormal" style="margin-bottom:0cm;margin-bottom:.0001pt;text-align:\r\njustify;text-justify:inter-ideograph;line-height:normal"><span lang="EN-US" style="font-size: 10pt; font-family: &quot;Palatino Linotype&quot;, serif; color: black; background-image: initial; background-position: initial; background-size: initial; background-repeat: initial; background-attachment: initial; background-origin: initial; background-clip: initial;">Pump Suction/Delivery Size (mm): 65*50<o:p></o:p></span></p>\r\n\r\n<p class="MsoNormal" style="margin-bottom:0cm;margin-bottom:.0001pt;text-align:\r\njustify;text-justify:inter-ideograph;line-height:normal"><span lang="EN-US" style="font-size: 10pt; font-family: &quot;Palatino Linotype&quot;, serif; color: black; background-image: initial; background-position: initial; background-size: initial; background-repeat: initial; background-attachment: initial; background-origin: initial; background-clip: initial;">Shaft Sealing&nbsp;&nbsp;&nbsp;&nbsp;&nbsp;&nbsp; : Mechanical\r\nSeal<o:p></o:p></span></p>\r\n\r\n<p class="MsoNormal" style="margin-bottom:0cm;margin-bottom:.0001pt;text-align:\r\njustify;text-justify:inter-ideograph;line-height:normal"><span lang="EN-US" style="font-size: 10pt; font-family: &quot;Palatino Linotype&quot;, serif; color: black; background-image: initial; background-position: initial; background-size: initial; background-repeat: initial; background-attachment: initial; background-origin: initial; background-clip: initial;">Impeller Type&nbsp;&nbsp;&nbsp;&nbsp; : Half\r\nOpen<o:p></o:p></span></p>\r\n\r\n<p class="MsoNormal" style="margin-bottom:0cm;margin-bottom:.0001pt;text-align:\r\njustify;text-justify:inter-ideograph;line-height:normal"><span style="background-color: yellow; text-decoration-line: underline; color: black; font-family: &quot;Palatino Linotype&quot;, serif; font-size: 10pt;">Material Of Construction</span><br></p>\r\n\r\n<p class="MsoNormal" style="margin-bottom:0cm;margin-bottom:.0001pt;text-align:\r\njustify;text-justify:inter-ideograph;line-height:normal"><span lang="EN-US" style="font-size: 10pt; font-family: &quot;Palatino Linotype&quot;, serif; color: black; background-image: initial; background-position: initial; background-size: initial; background-repeat: initial; background-attachment: initial; background-origin: initial; background-clip: initial;">Volute Casing&nbsp;&nbsp;&nbsp;&nbsp; :\r\nGFRPP<o:p></o:p></span></p>\r\n\r\n<p class="MsoNormal" style="margin-bottom:0cm;margin-bottom:.0001pt;text-align:\r\njustify;text-justify:inter-ideograph;line-height:normal"><span lang="EN-US" style="font-size: 10pt; font-family: &quot;Palatino Linotype&quot;, serif; color: black; background-image: initial; background-position: initial; background-size: initial; background-repeat: initial; background-attachment: initial; background-origin: initial; background-clip: initial;">Shaft&nbsp;&nbsp;&nbsp;&nbsp;&nbsp; &nbsp;&nbsp;&nbsp; &nbsp;&nbsp;&nbsp;&nbsp;&nbsp;&nbsp;&nbsp;&nbsp;&nbsp;&nbsp;&nbsp;: SS<o:p></o:p></span></p>\r\n\r\n<p class="MsoNormal" style="margin-bottom:0cm;margin-bottom:.0001pt;text-align:\r\njustify;text-justify:inter-ideograph;line-height:normal"><span lang="EN-US" style="font-size: 10pt; font-family: &quot;Palatino Linotype&quot;, serif; color: black; background-image: initial; background-position: initial; background-size: initial; background-repeat: initial; background-attachment: initial; background-origin: initial; background-clip: initial;">Impeller&nbsp;&nbsp;&nbsp;&nbsp;&nbsp;&nbsp;&nbsp;&nbsp;&nbsp;&nbsp;&nbsp;&nbsp;&nbsp;&nbsp;&nbsp; \r\n: GFRPP<o:p></o:p></span></p>\r\n\r\n<p class="MsoNormal" style="margin-bottom:0cm;margin-bottom:.0001pt;text-align:\r\njustify;text-justify:inter-ideograph;line-height:normal"><span lang="EN-US" style="font-size: 10pt; font-family: &quot;Palatino Linotype&quot;, serif; color: black; background-image: initial; background-position: initial; background-size: initial; background-repeat: initial; background-attachment: initial; background-origin: initial; background-clip: initial;"><o:p>&nbsp;</o:p></span></p>\r\n\r\n<p class="MsoNormal" style="margin-bottom:0cm;margin-bottom:.0001pt;text-align:\r\njustify;text-justify:inter-ideograph;line-height:normal"><span lang="EN-US" style="font-size: 10pt; font-family: &quot;Palatino Linotype&quot;, serif; color: black; background-image: initial; background-position: initial; background-size: initial; background-repeat: initial; background-attachment: initial; background-origin: initial; background-clip: initial;">Scope of supply : Pump with BBL/ REMI motor, coupling,\r\ncoupling guard duly assembled on base frame.</span><span lang="EN-US" style="font-family:&quot;Palatino Linotype&quot;,&quot;serif&quot;"><o:p></o:p></span></p>', 1, '49500.00', '49500.00', 0),
(195, 67, 787, '<p>SS Impeller for KGEN 14 8 G1&nbsp;</p>', 1, '6870.00', '6870.00', 0),
(196, 67, 768, '<p>SS shaft for KGEN 14 8 G1</p>', 1, '3722.00', '3722.00', 0),
(198, 68, 958, '<p>Pump Model:- WP 05D/35</p><p>Head:10-22 Mtrs</p><p>Capacity : 10 m3/hr @ 20 Mtrs</p><p>Outlet : 80 mm</p><p>Solid Size Handling : 35 mm</p><p>Motor Power : 5 HP /2900 RPM</p><p>Price for Pump with 10 Mtrs Cable</p>', 1, '49500.00', '49500.00', 0),
(211, 69, 1205, '<h5 style="margin: 0cm 0cm 0.0001pt 1pt; text-indent: 2.75pt; line-height: 1;"><span style="font-size:12.0pt;line-height:87%;font-family:\r\n&quot;Times New Roman&quot;,&quot;serif&quot;">IMPELLER P-8 CL-120MM/16-120 HP PUMP</span></h5>', 3, '98523.00', '295569.00', 4),
(212, 69, 1199, '<p class="MsoNormal" style="margin-top:0cm;margin-right:0cm;margin-bottom:0cm;\r\nmargin-left:1.0pt;margin-bottom:.0001pt;text-indent:2.75pt;line-height:87%;\r\nmso-pagination:none;mso-layout-grid-align:none;punctuation-wrap:simple;\r\ntext-autospace:none"><span style="font-size:12.0pt;line-height:87%;font-family:\r\n&quot;Times New Roman&quot;,&quot;serif&quot;">IMPELLER P-8 CL-25J/16-25 HP DARLING<o:p></o:p></span></p>', 2, '46613.00', '93226.00', 4),
(213, 69, 1198, '<p class="MsoNormal" style="margin-top:0cm;margin-right:0cm;margin-bottom:0cm;\r\nmargin-left:1.0pt;margin-bottom:.0001pt;text-indent:2.75pt;line-height:87%;\r\nmso-pagination:none;mso-layout-grid-align:none;punctuation-wrap:simple;\r\ntext-autospace:none"><span style="font-size:12.0pt;line-height:87%;font-family:\r\n&quot;Times New Roman&quot;,&quot;serif&quot;">PLATE SUCTION P-06A CL-120MM/16 120 HP PUMP<o:p></o:p></span></p>', 1, '65295.00', '65295.00', 4),
(214, 69, 1202, '<p class="MsoNormal" style="margin-top:0cm;margin-right:0cm;margin-bottom:0cm;\r\nmargin-left:1.0pt;margin-bottom:.0001pt;text-indent:2.75pt;line-height:87%;\r\nmso-pagination:none;mso-layout-grid-align:none;punctuation-wrap:simple;\r\ntext-autospace:none"><span style="font-size:12.0pt;line-height:87%;font-family:\r\n&quot;Times New Roman&quot;,&quot;serif&quot;">CASING CL-120-16 FOR DARLING PUMP<o:p></o:p></span></p>', 1, '199840.00', '199840.00', 4),
(215, 69, 1200, '<p class="MsoNormal" style="margin-top:0cm;margin-right:0cm;margin-bottom:0cm;\r\nmargin-left:1.0pt;margin-bottom:.0001pt;text-indent:2.75pt;line-height:87%;\r\nmso-pagination:none;mso-layout-grid-align:none;punctuation-wrap:simple;\r\ntext-autospace:none"><span style="font-size:12.0pt;line-height:87%;font-family:\r\n&quot;Times New Roman&quot;,&quot;serif&quot;">CASING CL-25J-16 FOR DARLING PUMP<o:p></o:p></span></p>', 1, '113100.00', '113100.00', 4),
(216, 69, 1201, '<p class="MsoNormal" style="margin-top:0cm;margin-right:0cm;margin-bottom:0cm;\r\nmargin-left:1.0pt;margin-bottom:.0001pt;text-indent:2.75pt;line-height:87%;\r\nmso-pagination:none;mso-layout-grid-align:none;punctuation-wrap:simple;\r\ntext-autospace:none"><span style="font-size:12.0pt;line-height:87%;font-family:\r\n&quot;Times New Roman&quot;,&quot;serif&quot;">CASING CL-30J-16 FOR DARLING PUMP<o:p></o:p></span></p>', 1, '121800.00', '121800.00', 4),
(217, 70, 1174, '<p>Locating Flange MOC HYLEM&nbsp;<span style="background-color: transparent;">(PART no. 70422921)</span></p>', 2, '3000.00', '6000.00', 0),
(218, 70, 1174, '<p>Locating Flange MOC FRP (PART no.&nbsp;70422926)</p>', 2, '2500.00', '5000.00', 0),
(219, 70, 1194, '<p>Gland Pusher for Metal Sleeve (Part No.72401052) MOC -SS 316<br></p>', 2, '2900.00', '5800.00', 0),
(225, 71, 938, '<p class="MsoNormal" style="margin-top:0cm;margin-right:0cm;margin-bottom:0cm;\r\nmargin-left:1.0pt;margin-bottom:.0001pt;text-indent:2.75pt;line-height:87%;\r\nmso-pagination:none;mso-layout-grid-align:none;punctuation-wrap:simple;\r\ntext-autospace:none"><span style="font-size:12.0pt;line-height:87%;font-family:\r\n&quot;Times New Roman&quot;,&quot;serif&quot;">Johnson CombiNorm Pump&nbsp;<o:p></o:p></span></p>\r\n\r\n<p class="MsoNormal" style="margin-top:0cm;margin-right:0cm;margin-bottom:0cm;\r\nmargin-left:1.0pt;margin-bottom:.0001pt;text-indent:2.75pt;line-height:87%;\r\nmso-pagination:none;mso-layout-grid-align:none;punctuation-wrap:simple;\r\ntext-autospace:none"><span style="font-size:12.0pt;line-height:87%;font-family:\r\n&quot;Times New Roman&quot;,&quot;serif&quot;">Pump Model&nbsp;&nbsp;&nbsp;\r\n:CN 40-160&nbsp;&nbsp;&nbsp;&nbsp; <o:p></o:p></span></p>\r\n\r\n<p class="MsoNormal" style="margin-top:0cm;margin-right:0cm;margin-bottom:0cm;\r\nmargin-left:1.0pt;margin-bottom:.0001pt;text-indent:2.75pt;line-height:87%;\r\nmso-pagination:none;mso-layout-grid-align:none;punctuation-wrap:simple;\r\ntext-autospace:none"><span style="font-size:12.0pt;line-height:87%;font-family:\r\n&quot;Times New Roman&quot;,&quot;serif&quot;">Type&nbsp;&nbsp;&nbsp;&nbsp;&nbsp;&nbsp;&nbsp;&nbsp;&nbsp;&nbsp;&nbsp;&nbsp;&nbsp;&nbsp;&nbsp;&nbsp;\r\n: Centrifugal Pump&nbsp;&nbsp; &nbsp; &nbsp; &nbsp; &nbsp; &nbsp; &nbsp; &nbsp; &nbsp; &nbsp; &nbsp;&nbsp;<o:p></o:p></span></p>\r\n\r\n<p class="MsoNormal" style="margin-top:0cm;margin-right:0cm;margin-bottom:0cm;\r\nmargin-left:1.0pt;margin-bottom:.0001pt;text-indent:2.75pt;line-height:87%;\r\nmso-pagination:none;mso-layout-grid-align:none;punctuation-wrap:simple;\r\ntext-autospace:none"><span style="font-size:12.0pt;line-height:87%;font-family:\r\n&quot;Times New Roman&quot;,&quot;serif&quot;">Application&nbsp;&nbsp;&nbsp;&nbsp;&nbsp;\r\n: Transfer &nbsp; &nbsp; &nbsp; &nbsp; &nbsp; &nbsp; &nbsp;&nbsp;<o:p></o:p></span></p>\r\n\r\n<p class="MsoNormal" style="margin-top:0cm;margin-right:0cm;margin-bottom:0cm;\r\nmargin-left:1.0pt;margin-bottom:.0001pt;text-indent:2.75pt;line-height:87%;\r\nmso-pagination:none;mso-layout-grid-align:none;punctuation-wrap:simple;\r\ntext-autospace:none"><span style="font-size:12.0pt;line-height:87%;font-family:\r\n&quot;Times New Roman&quot;,&quot;serif&quot;">Liquid&nbsp;&nbsp;&nbsp;&nbsp;&nbsp;&nbsp;&nbsp;&nbsp;&nbsp;&nbsp;&nbsp;&nbsp;&nbsp;\r\n: Clear Water </span><span style="background-color: transparent; font-family: &quot;Times New Roman&quot;, serif; font-size: 12pt; text-indent: 2.75pt;">&nbsp; &nbsp; &nbsp; &nbsp; &nbsp; &nbsp; &nbsp; &nbsp; &nbsp; &nbsp; &nbsp; &nbsp; &nbsp; &nbsp; &nbsp; &nbsp; &nbsp;&nbsp;</span></p>\r\n\r\n<p class="MsoNormal" style="margin-top:0cm;margin-right:0cm;margin-bottom:0cm;\r\nmargin-left:1.0pt;margin-bottom:.0001pt;text-indent:2.75pt;line-height:87%;\r\nmso-pagination:none;mso-layout-grid-align:none;punctuation-wrap:simple;\r\ntext-autospace:none"><span style="font-size:12.0pt;line-height:87%;font-family:\r\n&quot;Times New Roman&quot;,&quot;serif&quot;">Temperature&nbsp;&nbsp;&nbsp;\r\n: Ambient<o:p></o:p></span></p>\r\n\r\n<p class="MsoNormal" style="margin-top:0cm;margin-right:0cm;margin-bottom:0cm;\r\nmargin-left:1.0pt;margin-bottom:.0001pt;text-indent:2.75pt;line-height:87%;\r\nmso-pagination:none;mso-layout-grid-align:none;punctuation-wrap:simple;\r\ntext-autospace:none"><span style="font-size:12.0pt;line-height:87%;font-family:\r\n&quot;Times New Roman&quot;,&quot;serif&quot;">S.G /PH&nbsp;&nbsp;&nbsp;&nbsp;&nbsp;&nbsp;&nbsp;&nbsp;&nbsp;&nbsp;\r\n:&nbsp; 1 /7 &nbsp; &nbsp; &nbsp; &nbsp; &nbsp; &nbsp; &nbsp; &nbsp; &nbsp; &nbsp; &nbsp; &nbsp; &nbsp; &nbsp; &nbsp; &nbsp; &nbsp; &nbsp; &nbsp; &nbsp; &nbsp; &nbsp; &nbsp; &nbsp; &nbsp; &nbsp; &nbsp; &nbsp;&nbsp;<o:p></o:p></span></p>\r\n\r\n<p class="MsoNormal" style="margin-top:0cm;margin-right:0cm;margin-bottom:0cm;\r\nmargin-left:1.0pt;margin-bottom:.0001pt;text-indent:2.75pt;line-height:87%;\r\nmso-pagination:none;mso-layout-grid-align:none;punctuation-wrap:simple;\r\ntext-autospace:none"><span style="font-size:12.0pt;line-height:87%;font-family:\r\n&quot;Times New Roman&quot;,&quot;serif&quot;">Capacity&nbsp;&nbsp;&nbsp;&nbsp;&nbsp;&nbsp;&nbsp;&nbsp;&nbsp;\r\n:&nbsp; 40 m3/h &nbsp; &nbsp; &nbsp; &nbsp; &nbsp; &nbsp; &nbsp; &nbsp; &nbsp; &nbsp; &nbsp; &nbsp; &nbsp; &nbsp; &nbsp; &nbsp; &nbsp; &nbsp; &nbsp; &nbsp; &nbsp; &nbsp; &nbsp; &nbsp; &nbsp; &nbsp;<o:p></o:p></span></p>\r\n\r\n<p class="MsoNormal" style="margin-top:0cm;margin-right:0cm;margin-bottom:0cm;\r\nmargin-left:1.0pt;margin-bottom:.0001pt;text-indent:2.75pt;line-height:87%;\r\nmso-pagination:none;mso-layout-grid-align:none;punctuation-wrap:simple;\r\ntext-autospace:none"><span style="font-size:12.0pt;line-height:87%;font-family:\r\n&quot;Times New Roman&quot;,&quot;serif&quot;">Head&nbsp;&nbsp;&nbsp;&nbsp;&nbsp;&nbsp;&nbsp;&nbsp;&nbsp;&nbsp;&nbsp;&nbsp;&nbsp;&nbsp;&nbsp;\r\n:&nbsp; 30 mtr &nbsp; &nbsp; &nbsp; &nbsp; &nbsp; &nbsp; &nbsp; &nbsp; &nbsp; &nbsp; &nbsp; &nbsp; &nbsp; &nbsp; &nbsp; &nbsp; &nbsp; &nbsp;<o:p></o:p></span></p>\r\n\r\n<p class="MsoNormal" style="margin-top:0cm;margin-right:0cm;margin-bottom:0cm;\r\nmargin-left:1.0pt;margin-bottom:.0001pt;text-indent:2.75pt;line-height:87%;\r\nmso-pagination:none;mso-layout-grid-align:none;punctuation-wrap:simple;\r\ntext-autospace:none"><span style="font-size:12.0pt;line-height:87%;font-family:\r\n&quot;Times New Roman&quot;,&quot;serif&quot;">Casing&nbsp;&nbsp;&nbsp;&nbsp;&nbsp;&nbsp;&nbsp;&nbsp;&nbsp;&nbsp;&nbsp;&nbsp;\r\n: CI&nbsp;&nbsp;&nbsp;&nbsp;&nbsp;&nbsp;&nbsp;&nbsp;&nbsp;&nbsp;&nbsp;&nbsp;&nbsp;&nbsp;&nbsp;&nbsp;&nbsp;&nbsp;&nbsp;&nbsp;&nbsp;&nbsp;&nbsp;&nbsp;&nbsp;&nbsp;&nbsp;&nbsp;&nbsp;&nbsp;&nbsp;&nbsp;&nbsp;&nbsp;&nbsp;&nbsp;&nbsp;&nbsp;&nbsp;&nbsp;&nbsp;&nbsp;&nbsp;&nbsp;&nbsp;&nbsp;&nbsp;&nbsp;&nbsp;&nbsp;&nbsp;&nbsp;&nbsp;&nbsp;&nbsp;&nbsp;&nbsp;&nbsp;&nbsp;&nbsp;&nbsp;&nbsp;&nbsp;&nbsp;&nbsp;&nbsp;&nbsp;&nbsp;&nbsp;&nbsp;&nbsp;&nbsp;&nbsp;&nbsp;\r\n<o:p></o:p></span></p>\r\n\r\n<p class="MsoNormal" style="margin-top:0cm;margin-right:0cm;margin-bottom:0cm;\r\nmargin-left:1.0pt;margin-bottom:.0001pt;text-indent:2.75pt;line-height:87%;\r\nmso-pagination:none;mso-layout-grid-align:none;punctuation-wrap:simple;\r\ntext-autospace:none"><span style="font-size:12.0pt;line-height:87%;font-family:\r\n&quot;Times New Roman&quot;,&quot;serif&quot;">Impeller&nbsp;&nbsp;&nbsp;&nbsp;&nbsp;&nbsp;&nbsp;&nbsp;&nbsp;\r\n:&nbsp; CI &nbsp;&nbsp;<o:p></o:p></span></p>\r\n\r\n<p class="MsoNormal" style="margin-top:0cm;margin-right:0cm;margin-bottom:0cm;\r\nmargin-left:1.0pt;margin-bottom:.0001pt;text-indent:2.75pt;line-height:87%;\r\nmso-pagination:none;mso-layout-grid-align:none;punctuation-wrap:simple;\r\ntext-autospace:none"><span style="font-size:12.0pt;line-height:87%;font-family:\r\n&quot;Times New Roman&quot;,&quot;serif&quot;">Efficiency&nbsp;&nbsp;&nbsp;&nbsp;&nbsp;&nbsp;\r\n:&nbsp; 69% &nbsp;<o:p></o:p></span></p>\r\n\r\n<p class="MsoNormal" style="margin-top:0cm;margin-right:0cm;margin-bottom:0cm;\r\nmargin-left:1.0pt;margin-bottom:.0001pt;text-indent:2.75pt;line-height:87%;\r\nmso-pagination:none;mso-layout-grid-align:none;punctuation-wrap:simple;\r\ntext-autospace:none"><span style="font-size:12.0pt;line-height:87%;font-family:\r\n&quot;Times New Roman&quot;,&quot;serif&quot;">Sealing&nbsp;&nbsp;&nbsp;&nbsp;&nbsp;&nbsp;&nbsp;&nbsp;&nbsp;&nbsp;\r\n:&nbsp; Gland Packing &nbsp; &nbsp; &nbsp; &nbsp; &nbsp; &nbsp; &nbsp; &nbsp; &nbsp; &nbsp; &nbsp; &nbsp; &nbsp; &nbsp; &nbsp; &nbsp; &nbsp; &nbsp; &nbsp; &nbsp; &nbsp;&nbsp;<o:p></o:p></span></p>\r\n\r\n<p class="MsoNormal" style="margin-top:0cm;margin-right:0cm;margin-bottom:0cm;\r\nmargin-left:1.0pt;margin-bottom:.0001pt;text-indent:2.75pt;line-height:87%;\r\nmso-pagination:none;mso-layout-grid-align:none;punctuation-wrap:simple;\r\ntext-autospace:none"><span style="font-size:12.0pt;line-height:87%;font-family:\r\n&quot;Times New Roman&quot;,&quot;serif&quot;">Suc* Dis&nbsp;&nbsp;&nbsp;&nbsp;&nbsp;&nbsp;&nbsp;&nbsp;\r\n: 65 *40 MM &nbsp; &nbsp; &nbsp;</span></p><p class="MsoNormal" style="margin-top:0cm;margin-right:0cm;margin-bottom:0cm;\r\nmargin-left:1.0pt;margin-bottom:.0001pt;text-indent:2.75pt;line-height:87%;\r\nmso-pagination:none;mso-layout-grid-align:none;punctuation-wrap:simple;\r\ntext-autospace:none"><span style="font-family: &quot;Times New Roman&quot;, serif; font-size: 12pt; text-indent: 2.75pt; background-color: transparent;">Recom Motor : 7.5 HP/2900 RPM</span></p>\r\n\r\n<p class="MsoNormal" style="margin-top:0cm;margin-right:0cm;margin-bottom:0cm;\r\nmargin-left:1.0pt;margin-bottom:.0001pt;text-indent:2.75pt;line-height:87%;\r\nmso-pagination:none;mso-layout-grid-align:none;punctuation-wrap:simple;\r\ntext-autospace:none"><span style="font-size:12.0pt;line-height:87%;font-family:\r\n&quot;Times New Roman&quot;,&quot;serif&quot;">&nbsp;&nbsp;&nbsp;&nbsp;&nbsp;&nbsp;&nbsp;&nbsp;&nbsp;&nbsp;&nbsp;&nbsp;&nbsp;&nbsp;&nbsp;&nbsp;&nbsp;&nbsp;&nbsp;&nbsp;&nbsp;&nbsp;&nbsp;&nbsp;&nbsp;&nbsp;&nbsp;&nbsp;&nbsp;&nbsp;&nbsp;&nbsp;&nbsp;&nbsp;&nbsp;&nbsp;&nbsp;&nbsp;&nbsp;&nbsp;&nbsp;&nbsp;&nbsp;&nbsp;&nbsp;&nbsp;&nbsp;&nbsp;&nbsp;&nbsp;&nbsp;&nbsp;&nbsp;&nbsp;&nbsp;&nbsp;&nbsp;\r\n<o:p></o:p></span></p>\r\n\r\n<p class="MsoNormal" style="margin-top:0cm;margin-right:0cm;margin-bottom:0cm;\r\nmargin-left:1.0pt;margin-bottom:.0001pt;text-indent:2.75pt;line-height:87%;\r\nmso-pagination:none;mso-layout-grid-align:none;punctuation-wrap:simple;\r\ntext-autospace:none"><span style="font-size:12.0pt;line-height:87%;font-family:\r\n&quot;Times New Roman&quot;,&quot;serif&quot;">Scope&nbsp; of\r\nsupply with Motor, Coupling, Coupling guard duly assembled on MS Base\r\nframe.&nbsp; &nbsp;&nbsp;<o:p></o:p></span></p>', 1, '42000.00', '42000.00', 0),
(226, 72, 628, '<p><span lang="EN-IN">TUSHACO Make Shuttle Block Pump </span></p><p><span lang="EN-IN">MOC-CI horizontal foot \r\nmounted Construction with gland packaging arrangement&nbsp;<o:p></o:p></span><br></p>', 1, '25700.00', '25700.00', 0),
(227, 73, 1193, '<p>Mechanical Seal for CCR 32 160 R6 S2 L3</p><p>Complete Seal Kit ( Seal with Gland Plate and Shaft Sleeve)<br></p>', 3, '13490.00', '40470.00', 0),
(228, 73, 1193, '<p>Mechanical Seal for CCR 40 160 R6 S2 L3&nbsp;</p><p>Complete Seal Kit ( Seal with Gland Plate and Shaft Sleeve)</p>', 3, '13490.00', '40470.00', 0),
(230, 74, 982, '<h5 style="margin-bottom:0cm;margin-bottom:.0001pt;line-height:\r\nnormal"><span lang="EN-US" style="font-family: &quot;Palatino Linotype&quot;, serif; color: black;">Pump Type : Electronic Dosing Pump<br></span><span lang="EN-US" style="font-family: &quot;Palatino Linotype&quot;, serif; color: black;">Dosing Pump Model:- ED-01<br></span><span lang="EN-US" style="font-family: &quot;Palatino Linotype&quot;, serif; color: black;">Liquid : HCL 33% , Anti Scalent SMBS &nbsp;or Light Acid<br></span><span lang="EN-US" style="font-family: &quot;Palatino Linotype&quot;, serif; color: black;">Capacity: 0-6 LPH &nbsp; &nbsp; &nbsp; &nbsp; &nbsp;&nbsp;</span><span style="color: black; font-family: &quot;Palatino Linotype&quot;, serif; background-color: transparent;">Pressure: 0-4 Kg / cm2<br></span><span lang="EN-US" style="font-family: &quot;Palatino Linotype&quot;, serif; color: black;">Suction Discharge :  X <br></span><span lang="EN-US" style="font-family: &quot;Palatino Linotype&quot;, serif; color: black;"><span style="text-decoration-line: underline; font-weight: bold;">MOC</span><br></span><span lang="EN-US" style="font-family: &quot;Palatino Linotype&quot;, serif; color: black;">Liquid End :PP<br></span><span style="font-family: &quot;Palatino Linotype&quot;, serif;">Diaphragm : PTFE<br></span><span style="font-family: &quot;Palatino Linotype&quot;, serif;">NRV : PP&nbsp;<br></span><span style="font-family: &quot;Palatino Linotype&quot;, serif; background-color: transparent;">Scope of Supply: Bare Pump</span></h5><p class="MsoNormal" style="margin-bottom:0cm;margin-bottom:.0001pt;line-height:\r\nnormal"><span lang="EN-US" style="font-family:&quot;Palatino Linotype&quot;,&quot;serif&quot;;\r\nmso-fareast-font-family:&quot;Times New Roman&quot;;mso-bidi-font-family:Calibri;\r\ncolor:black;mso-ansi-language:EN-US"><o:p></o:p></span></p>', 1, '9500.00', '9500.00', 0),
(241, 76, 628, '<p><span lang="EN-IN">TUSHACO Make Shuttle Block Pump R 50 SL</span></p><p><span lang="EN-IN">MOC-CI&nbsp;</span><br></p>', 1, '21500.00', '21500.00', 0),
(243, 75, 1224, '<p></p><p class="MsoNormal" style="text-align: justify; line-height: 1.2;"><span style="text-decoration: underline;"><span style="font-weight: bold;">"DARLING" MakeSubmersible Openwell Pump</span></span></p><table class="table table-bordered"><tbody><tr><td>Application&nbsp;<br></td><td>: Transfer<br></td></tr><tr><td>Type<br></td><td>: Open well Pump<br></td></tr><tr><td>Model<br></td><td>: M 30140<br></td></tr><tr><td>No. of Stages<br></td><td>: 4<br></td></tr><tr><td>Liquid<br></td><td>: Clear Water<br></td></tr><tr><td>SG/PH<br></td><td>: 1 / 7<br></td></tr><tr><td>Temp<br></td><td>: Ambient<br></td></tr><tr><td>Head<br></td><td>: 108 m<br></td></tr><tr><td>Capacity<br></td><td>: 36 m3/hr<br></td></tr><tr><td>Outlet<br></td><td><p>: 80 mm</p></td></tr><tr><td>Min. Submergence<br></td><td>: 595 mm<br></td></tr><tr><td>Impeller type<br></td><td>: Closed<br></td></tr><tr><td>Casing/Impeller<br></td><td>: CI-FG-200<br></td></tr><tr><td>Shaft/Shaft Sleeve<br></td><td>: EN8<br></td></tr><tr><td>Motor Power<br></td><td>: 30 HP / 2900 RPM<br></td></tr></tbody></table><p class="MsoNormal" style="text-align: justify; line-height: 1.2;"><span style="background-color: transparent;"><br></span></p><p class="MsoNormal" style="text-align: justify; line-height: 1.2;"><o:p></o:p></p><p class="MsoNormal" style="text-align: justify; line-height: 1.2;">Scope of Supply Pump set with 5 meterscable</p><p></p>', 5, '121550.00', '607750.00', 0);

-- --------------------------------------------------------

--
-- Table structure for table `receipts`
--

CREATE TABLE IF NOT EXISTS `receipts` (
  `id` int(10) NOT NULL AUTO_INCREMENT,
  `voucher_no` int(10) NOT NULL,
  `bank_cash_id` int(10) NOT NULL,
  `created_by` int(10) NOT NULL,
  `created_on` date NOT NULL,
  `payment_mode` varchar(50) NOT NULL,
  `company_id` int(10) NOT NULL,
  `transaction_date` date NOT NULL,
  `edited_by` int(10) NOT NULL,
  `edited_on` date NOT NULL,
  `cheque_no` varchar(100) NOT NULL,
  `narration` text NOT NULL,
  PRIMARY KEY (`id`)
) ENGINE=InnoDB  DEFAULT CHARSET=latin1 AUTO_INCREMENT=3 ;

--
-- Dumping data for table `receipts`
--

INSERT INTO `receipts` (`id`, `voucher_no`, `bank_cash_id`, `created_by`, `created_on`, `payment_mode`, `company_id`, `transaction_date`, `edited_by`, `edited_on`, `cheque_no`, `narration`) VALUES
(1, 1, 145, 16, '2017-04-18', 'NEFT/RTGS', 25, '2017-04-15', 16, '2017-04-22', '', 'Recd NEFT for due payment'),
(2, 2, 145, 16, '2017-04-21', 'NEFT/RTGS', 25, '2017-04-03', 0, '0000-00-00', '', 'recd from RSWM mandpam');

-- --------------------------------------------------------

--
-- Table structure for table `receipt_rows`
--

CREATE TABLE IF NOT EXISTS `receipt_rows` (
  `id` int(10) NOT NULL AUTO_INCREMENT,
  `receipt_id` int(10) NOT NULL,
  `received_from_id` int(10) NOT NULL,
  `amount` decimal(20,5) NOT NULL,
  `cr_dr` varchar(5) NOT NULL,
  PRIMARY KEY (`id`)
) ENGINE=InnoDB  DEFAULT CHARSET=latin1 AUTO_INCREMENT=7 ;

--
-- Dumping data for table `receipt_rows`
--

INSERT INTO `receipt_rows` (`id`, `receipt_id`, `received_from_id`, `amount`, `cr_dr`) VALUES
(3, 2, 275, '9697.44000', 'Cr'),
(4, 2, 544, '0.44000', 'Dr'),
(5, 1, 63, '293187.50000', 'Cr'),
(6, 1, 544, '0.50000', 'Dr');

-- --------------------------------------------------------

--
-- Table structure for table `receipt_vouchers`
--

CREATE TABLE IF NOT EXISTS `receipt_vouchers` (
  `id` int(11) NOT NULL AUTO_INCREMENT,
  `voucher_no` varchar(10) NOT NULL,
  `received_from_id` int(11) NOT NULL,
  `bank_cash_id` int(11) NOT NULL,
  `narration` text NOT NULL,
  `amount` decimal(15,2) NOT NULL,
  `created_by` int(11) NOT NULL,
  `created_on` date NOT NULL,
  `payment_mode` varchar(10) NOT NULL,
  `company_id` int(11) NOT NULL,
  `transaction_date` date NOT NULL,
  `edited_by` int(10) NOT NULL,
  `edited_on` date NOT NULL,
  `cheque_no` varchar(20) NOT NULL,
  `receipt_type` varchar(25) NOT NULL,
  `advance_amount` decimal(10,2) NOT NULL,
  PRIMARY KEY (`id`)
) ENGINE=InnoDB DEFAULT CHARSET=latin1 AUTO_INCREMENT=1 ;

-- --------------------------------------------------------

--
-- Table structure for table `reference_balances`
--

CREATE TABLE IF NOT EXISTS `reference_balances` (
  `id` int(25) NOT NULL AUTO_INCREMENT,
  `ledger_account_id` int(25) NOT NULL,
  `reference_no` varchar(30) NOT NULL,
  `credit` decimal(15,2) NOT NULL,
  `debit` decimal(15,2) NOT NULL,
  PRIMARY KEY (`id`)
) ENGINE=InnoDB  DEFAULT CHARSET=latin1 AUTO_INCREMENT=214 ;

--
-- Dumping data for table `reference_balances`
--

INSERT INTO `reference_balances` (`id`, `ledger_account_id`, `reference_no`, `credit`, `debit`) VALUES
(7, 399, 'NIL', '771700.00', '0.00'),
(8, 400, 'Op.', '3620029.47', '0.00'),
(9, 401, 'Op', '3464263.00', '0.00'),
(10, 402, 'Op', '1135420.00', '0.00'),
(11, 403, 'Op', '263741.00', '0.00'),
(12, 147, 'Op', '250244.40', '0.00'),
(13, 149, 'Op', '643170.50', '0.00'),
(14, 406, 'Op', '0.00', '0.00'),
(15, 404, 'Op', '0.00', '0.00'),
(16, 405, 'Op', '0.00', '0.00'),
(17, 408, 'Op', '65531.68', '0.00'),
(18, 407, 'Op', '24000.00', '0.00'),
(19, 409, 'Op', '13450.00', '0.00'),
(20, 411, 'Op', '40147.00', '0.00'),
(21, 413, 'Op', '71428.00', '0.00'),
(22, 412, 'Op', '176240.00', '0.00'),
(23, 23, '001', '100.00', '0.00'),
(25, 414, 'Op.', '25000.00', '0.00'),
(26, 415, 'Op', '8000.00', '0.00'),
(27, 416, 'Op.', '26000.00', '0.00'),
(28, 418, 'Op.', '48000.00', '0.00'),
(29, 417, 'Op.', '14000.00', '0.00'),
(30, 419, 'Op.', '12500.00', '0.00'),
(31, 420, 'Op.', '50000.00', '0.00'),
(32, 421, 'Op.', '41000.00', '0.00'),
(33, 422, 'op.', '24000.00', '0.00'),
(34, 423, 'Op.', '24000.00', '0.00'),
(35, 428, 'AmbujaSharma', '2000.00', '0.00'),
(36, 428, 'AshokRana', '6000.00', '0.00'),
(37, 428, 'Dashrath', '2500.00', '0.00'),
(38, 428, 'DeepakVerma', '5000.00', '0.00'),
(39, 428, 'DineshVaishnav', '3000.00', '0.00'),
(40, 428, 'GajendraTanwar', '2500.00', '0.00'),
(41, 428, 'GurpreetKaur', '4500.00', '0.00'),
(42, 428, 'Gyaneshwar', '8000.00', '0.00'),
(43, 428, 'Hozefa', '3000.00', '0.00'),
(44, 428, 'PradeepSisodiya', '11500.00', '0.00'),
(45, 428, 'Saiffuddin', '5000.00', '0.00'),
(46, 428, 'SawaiSingh', '12000.00', '0.00'),
(47, 428, 'VijayGohil', '48000.00', '0.00'),
(48, 428, 'VinayBhatnagar', '3000.00', '0.00'),
(49, 428, 'Yogeshnagar', '6000.00', '0.00'),
(50, 428, 'Zainab', '3000.00', '0.00'),
(51, 430, 'Op.', '0.00', '500.00'),
(52, 431, 'Op.', '0.00', '9900.00'),
(53, 432, 'Op.', '0.00', '12000.00'),
(54, 152, 'Op.', '0.00', '492222.98'),
(55, 153, 'Op.', '0.00', '11549961.10'),
(56, 155, 'Op.', '0.00', '625700.00'),
(57, 434, 'Op.', '0.00', '4264387.69'),
(58, 433, 'Op.', '0.00', '161709.00'),
(59, 436, 'Op.', '0.00', '68404.00'),
(60, 435, 'Op.', '0.00', '100000.00'),
(61, 437, 'Op.', '448838.00', '0.00'),
(62, 438, 'Op.', '1810970.00', '0.00'),
(63, 439, 'Op.', '524516.00', '0.00'),
(64, 440, 'Op.', '2470979.00', '0.00'),
(65, 442, 'Op.', '0.00', '3000.00'),
(66, 444, 'Op.', '0.00', '864850.00'),
(67, 446, 'Op.', '0.00', '203656.00'),
(68, 443, 'Op.', '0.00', '45001.00'),
(69, 443, 'IOCL', '0.00', '7300.00'),
(70, 443, 'PHED', '0.00', '51485.00'),
(71, 443, 'CTPP', '0.00', '35000.00'),
(72, 443, 'HCL', '0.00', '2500.00'),
(73, 451, 'Op.', '0.00', '117279.00'),
(74, 452, 'Op.', '0.00', '509045.00'),
(75, 453, 'Op.', '0.00', '10000.00'),
(76, 454, 'Op.', '0.00', '0.00'),
(77, 32, 'Op.', '0.00', '9000.00'),
(78, 142, 'Op.', '0.00', '397657.43'),
(79, 145, 'Op.', '0.00', '252097.20'),
(80, 301, 'V500', '0.00', '21846.60'),
(81, 301, 'V526', '0.00', '7912.50'),
(82, 274, 'V432', '0.00', '45500.75'),
(83, 274, 'V505', '22511.00', '22511.00'),
(84, 69, 'R071', '0.00', '31492.50'),
(85, 91, 'V410', '0.00', '209396.66'),
(86, 369, 'V475', '0.00', '67802.22'),
(87, 369, 'V493', '0.00', '43838.42'),
(88, 368, 'V516', '0.00', '91283.98'),
(89, 368, 'V517', '0.00', '91575.32'),
(90, 23, 'R069', '0.00', '94052.50'),
(91, 23, 'R072', '0.00', '197870.00'),
(92, 54, 'V510', '103925.00', '103925.00'),
(93, 299, 'V509', '0.00', '7763.43'),
(94, 89, 'V390', '0.00', '15650.59'),
(95, 374, 'V511', '0.00', '173291.14'),
(96, 372, 'V514', '0.00', '6630.00'),
(97, 372, 'V530', '0.00', '4420.00'),
(98, 275, 'V489', '9697.44', '9697.44'),
(99, 275, 'V490', '0.00', '67757.38'),
(100, 97, 'V525', '0.00', '32577.40'),
(101, 63, 'R070', '293187.50', '293187.50'),
(102, 64, 'R066', '0.00', '75837.00'),
(103, 64, 'R065', '0.00', '26718.34'),
(104, 64, 'R067', '0.00', '61994.58'),
(105, 73, 'V524', '0.00', '52441.68'),
(106, 39, 'Op.', '90603.80', '0.00'),
(107, 41, 'V502', '0.00', '56225.17'),
(108, 41, 'V501', '0.00', '53906.28'),
(109, 41, 'V512', '0.00', '49008.72'),
(110, 41, 'V513', '0.00', '52044.21'),
(111, 41, 'V521', '0.00', '17618.50'),
(112, 41, 'V523', '0.00', '36879.51'),
(113, 41, 'V528', '0.00', '19788.84'),
(114, 41, 'V529', '0.00', '19261.01'),
(115, 28, 'V280', '0.00', '10634.40'),
(116, 25, 'V434', '0.00', '59936.95'),
(117, 58, 'V396', '0.00', '14700.00'),
(118, 273, 'V118', '0.00', '84302.45'),
(119, 273, 'V200', '0.00', '43300.00'),
(120, 273, 'V295', '0.00', '19035.90'),
(121, 93, 'V508', '0.00', '3851.13'),
(122, 93, '3', '0.00', '0.00'),
(123, 291, 'V310', '0.00', '121314.72'),
(124, 291, 'V309', '0.00', '110968.86'),
(126, 57, 'i002', '6857.50', '0.00'),
(127, 394, 'i003', '27308.25', '0.00'),
(128, 40, 'i004', '53846.94', '0.00'),
(129, 479, '801', '133080.00', '0.00'),
(130, 479, 'SA298', '3488.00', '0.00'),
(131, 479, '800', '253389.00', '0.00'),
(132, 479, 'SA297', '29491.00', '0.00'),
(133, 479, '835', '180020.00', '0.00'),
(134, 479, 'Op.', '94677.00', '0.00'),
(135, 481, 'T157', '9563.00', '0.00'),
(136, 481, '616', '3022.00', '0.00'),
(137, 481, '632', '2945.00', '0.00'),
(138, 481, '647', '1511.00', '0.00'),
(139, 481, 'T169', '6503.00', '0.00'),
(140, 481, '646', '6082.00', '0.00'),
(141, 481, '671', '9486.00', '0.00'),
(142, 475, '938', '15342.00', '0.00'),
(143, 478, 'Op.', '25245.00', '0.00'),
(144, 480, '3888V/17', '5005.00', '0.00'),
(145, 480, '3887V/17', '6203.00', '0.00'),
(146, 480, '3886V/17', '24153.00', '0.00'),
(147, 480, '3885V/17', '8190.00', '0.00'),
(148, 72, 'i005', '94000.50', '0.00'),
(149, 476, '0101602456', '90652.50', '0.00'),
(150, 476, '0101602525', '5163.75', '0.00'),
(151, 476, '0101602632', '20196.00', '0.00'),
(152, 396, 'i006', '12640.80', '0.00'),
(153, 63, 'i007', '33420.70', '0.00'),
(154, 299, 'i008', '1411.17', '0.00'),
(155, 299, 'i009', '54039.55', '0.00'),
(156, 77, 'i010', '59831.42', '0.00'),
(157, 79, 'i011', '30349.71', '0.00'),
(159, 23, '0013', '103425.87', '0.00'),
(160, 54, 'i012', '7337.52', '0.00'),
(161, 23, 'i013', '103425.87', '0.00'),
(162, 54, 'i012', '7337.52', '0.00'),
(163, 72, 'i005', '94000.50', '0.00'),
(164, 394, 'i003', '27308.25', '0.00'),
(165, 396, 'i006', '12640.80', '0.00'),
(166, 396, 'i006', '12640.80', '0.00'),
(167, 40, 'i004', '56416.32', '0.00'),
(168, 394, 'i003', '27308.25', '0.00'),
(169, 63, 'i007', '33420.70', '0.00'),
(170, 77, 'i010', '59831.42', '0.00'),
(172, 57, 'i002', '6857.50', '0.00'),
(173, 394, 'i003', '27308.25', '0.00'),
(174, 40, 'i004', '53846.94', '0.00'),
(175, 72, 'i005', '94000.50', '0.00'),
(176, 396, 'i006', '12640.80', '0.00'),
(177, 63, 'i007', '33420.70', '0.00'),
(178, 299, 'i008', '1411.17', '0.00'),
(179, 299, 'i009', '54039.55', '0.00'),
(180, 77, 'i010', '59831.42', '0.00'),
(181, 79, 'i011', '30349.71', '0.00'),
(182, 54, 'i012', '7337.52', '0.00'),
(183, 23, 'i013', '103425.87', '0.00'),
(184, 301, 'i014', '7912.50', '0.00'),
(185, 521, 'i015', '13029.25', '0.00'),
(186, 94, 'i016', '25847.50', '0.00'),
(187, 41, 'i017', '18439.75', '0.00'),
(188, 39, 'i018', '43582.99', '0.00'),
(189, 50, 'i019', '54872.80', '0.00'),
(190, 369, 'i020', '68729.29', '0.00'),
(191, 54, 'i021', '115452.87', '0.00'),
(192, 41, 'i022', '52044.21', '0.00'),
(193, 41, 'i023', '47925.36', '0.00'),
(194, 275, 'i024', '11465.21', '0.00'),
(195, 462, 'i025', '26970.55', '0.00'),
(196, 387, 'i026', '11878.67', '0.00'),
(197, 381, 'i027', '89016.68', '0.00'),
(198, 64, 'i028', '195469.74', '0.00'),
(199, 53, 'i029', '122430.61', '0.00'),
(200, 372, 'i030', '2848.50', '0.00'),
(201, 461, 'i031', '18736.80', '0.00'),
(202, 58, 'i032', '30960.80', '0.00'),
(203, 291, 'i001', '884368.40', '0.00'),
(204, 65, 'i033', '59329.32', '0.00'),
(205, 534, 'i001', '43255.00', '0.00'),
(206, 543, 'i002', '95996.56', '0.00'),
(207, 514, 'i003', '31333.50', '0.00'),
(208, 545, 'i004', '59618.05', '0.00'),
(209, 513, 'i005', '22682.50', '0.00'),
(210, 513, 'i006', '9231.25', '0.00'),
(211, 62, 'i034', '7748.75', '0.00'),
(212, 546, 'i035', '5438.75', '0.00'),
(213, 28, 'i036', '2580.72', '0.00');

-- --------------------------------------------------------

--
-- Table structure for table `reference_details`
--

CREATE TABLE IF NOT EXISTS `reference_details` (
  `id` int(25) NOT NULL AUTO_INCREMENT,
  `ledger_account_id` int(25) NOT NULL,
  `receipt_id` int(25) NOT NULL,
  `payment_id` int(10) NOT NULL,
  `invoice_id` int(10) NOT NULL,
  `reference_no` varchar(50) NOT NULL,
  `credit` decimal(10,2) NOT NULL,
  `debit` decimal(10,2) NOT NULL,
  `reference_type` varchar(30) NOT NULL,
  `invoice_booking_id` int(10) NOT NULL,
  `credit_note_id` int(10) NOT NULL,
  PRIMARY KEY (`id`)
) ENGINE=InnoDB  DEFAULT CHARSET=latin1 AUTO_INCREMENT=220 ;

--
-- Dumping data for table `reference_details`
--

INSERT INTO `reference_details` (`id`, `ledger_account_id`, `receipt_id`, `payment_id`, `invoice_id`, `reference_no`, `credit`, `debit`, `reference_type`, `invoice_booking_id`, `credit_note_id`) VALUES
(7, 399, 0, 0, 0, 'NIL', '771700.00', '0.00', 'New Reference', 0, 0),
(8, 400, 0, 0, 0, 'Op.', '3620029.47', '0.00', 'New Reference', 0, 0),
(9, 401, 0, 0, 0, 'Op', '3464263.00', '0.00', 'New Reference', 0, 0),
(10, 402, 0, 0, 0, 'Op', '1135420.00', '0.00', 'New Reference', 0, 0),
(11, 403, 0, 0, 0, 'Op', '263741.00', '0.00', 'New Reference', 0, 0),
(12, 147, 0, 0, 0, 'Op', '250244.40', '0.00', 'New Reference', 0, 0),
(13, 149, 0, 0, 0, 'Op', '643170.50', '0.00', 'New Reference', 0, 0),
(14, 406, 0, 0, 0, 'Op', '0.00', '0.00', 'New Reference', 0, 0),
(15, 404, 0, 0, 0, 'Op', '0.00', '0.00', 'New Reference', 0, 0),
(16, 405, 0, 0, 0, 'Op', '0.00', '0.00', 'New Reference', 0, 0),
(17, 408, 0, 0, 0, 'Op', '65531.68', '0.00', 'New Reference', 0, 0),
(18, 407, 0, 0, 0, 'Op', '24000.00', '0.00', 'New Reference', 0, 0),
(19, 409, 0, 0, 0, 'Op', '13450.00', '0.00', 'New Reference', 0, 0),
(20, 411, 0, 0, 0, 'Op', '40147.00', '0.00', 'New Reference', 0, 0),
(21, 413, 0, 0, 0, 'Op', '71428.00', '0.00', 'New Reference', 0, 0),
(22, 412, 0, 0, 0, 'Op', '176240.00', '0.00', 'New Reference', 0, 0),
(23, 23, 0, 0, 0, '001', '100.00', '0.00', 'New Reference', 0, 0),
(25, 414, 0, 0, 0, 'Op.', '25000.00', '0.00', 'New Reference', 0, 0),
(26, 415, 0, 0, 0, 'Op', '8000.00', '0.00', 'New Reference', 0, 0),
(27, 416, 0, 0, 0, 'Op.', '26000.00', '0.00', 'New Reference', 0, 0),
(28, 418, 0, 0, 0, 'Op.', '48000.00', '0.00', 'New Reference', 0, 0),
(29, 417, 0, 0, 0, 'Op.', '14000.00', '0.00', 'New Reference', 0, 0),
(30, 419, 0, 0, 0, 'Op.', '12500.00', '0.00', 'New Reference', 0, 0),
(31, 420, 0, 0, 0, 'Op.', '50000.00', '0.00', 'New Reference', 0, 0),
(32, 421, 0, 0, 0, 'Op.', '41000.00', '0.00', 'New Reference', 0, 0),
(33, 422, 0, 0, 0, 'op.', '24000.00', '0.00', 'New Reference', 0, 0),
(34, 423, 0, 0, 0, 'Op.', '24000.00', '0.00', 'New Reference', 0, 0),
(35, 428, 0, 0, 0, 'AmbujaSharma', '2000.00', '0.00', 'New Reference', 0, 0),
(36, 428, 0, 0, 0, 'AshokRana', '6000.00', '0.00', 'New Reference', 0, 0),
(37, 428, 0, 0, 0, 'Dashrath', '2500.00', '0.00', 'New Reference', 0, 0),
(38, 428, 0, 0, 0, 'DeepakVerma', '5000.00', '0.00', 'New Reference', 0, 0),
(39, 428, 0, 0, 0, 'DineshVaishnav', '3000.00', '0.00', 'New Reference', 0, 0),
(40, 428, 0, 0, 0, 'GajendraTanwar', '2500.00', '0.00', 'New Reference', 0, 0),
(41, 428, 0, 0, 0, 'GurpreetKaur', '4500.00', '0.00', 'New Reference', 0, 0),
(42, 428, 0, 0, 0, 'Gyaneshwar', '8000.00', '0.00', 'New Reference', 0, 0),
(43, 428, 0, 0, 0, 'Hozefa', '3000.00', '0.00', 'New Reference', 0, 0),
(44, 428, 0, 0, 0, 'PradeepSisodiya', '11500.00', '0.00', 'New Reference', 0, 0),
(45, 428, 0, 0, 0, 'Saiffuddin', '5000.00', '0.00', 'New Reference', 0, 0),
(46, 428, 0, 0, 0, 'SawaiSingh', '12000.00', '0.00', 'New Reference', 0, 0),
(47, 428, 0, 0, 0, 'VijayGohil', '48000.00', '0.00', 'New Reference', 0, 0),
(48, 428, 0, 0, 0, 'VinayBhatnagar', '3000.00', '0.00', 'New Reference', 0, 0),
(49, 428, 0, 0, 0, 'Yogeshnagar', '6000.00', '0.00', 'New Reference', 0, 0),
(50, 428, 0, 0, 0, 'Zainab', '3000.00', '0.00', 'New Reference', 0, 0),
(51, 430, 0, 0, 0, 'Op.', '0.00', '500.00', 'New Reference', 0, 0),
(52, 431, 0, 0, 0, 'Op.', '0.00', '9900.00', 'New Reference', 0, 0),
(53, 432, 0, 0, 0, 'Op.', '0.00', '12000.00', 'New Reference', 0, 0),
(54, 152, 0, 0, 0, 'Op.', '0.00', '492222.98', 'New Reference', 0, 0),
(55, 153, 0, 0, 0, 'Op.', '0.00', '11549961.10', 'New Reference', 0, 0),
(56, 155, 0, 0, 0, 'Op.', '0.00', '625700.00', 'New Reference', 0, 0),
(57, 434, 0, 0, 0, 'Op.', '0.00', '4264387.69', 'New Reference', 0, 0),
(58, 433, 0, 0, 0, 'Op.', '0.00', '161709.00', 'New Reference', 0, 0),
(59, 436, 0, 0, 0, 'Op.', '0.00', '68404.00', 'New Reference', 0, 0),
(60, 435, 0, 0, 0, 'Op.', '0.00', '100000.00', 'New Reference', 0, 0),
(61, 437, 0, 0, 0, 'Op.', '448838.00', '0.00', 'New Reference', 0, 0),
(62, 438, 0, 0, 0, 'Op.', '1810970.00', '0.00', 'New Reference', 0, 0),
(63, 439, 0, 0, 0, 'Op.', '524516.00', '0.00', 'New Reference', 0, 0),
(64, 440, 0, 0, 0, 'Op.', '2470979.00', '0.00', 'New Reference', 0, 0),
(65, 442, 0, 0, 0, 'Op.', '0.00', '3000.00', 'New Reference', 0, 0),
(66, 444, 0, 0, 0, 'Op.', '0.00', '864850.00', 'New Reference', 0, 0),
(67, 446, 0, 0, 0, 'Op.', '0.00', '203656.00', 'New Reference', 0, 0),
(68, 443, 0, 0, 0, 'Op.', '0.00', '45001.00', 'New Reference', 0, 0),
(69, 443, 0, 0, 0, 'IOCL', '0.00', '7300.00', 'New Reference', 0, 0),
(70, 443, 0, 0, 0, 'PHED', '0.00', '51485.00', 'New Reference', 0, 0),
(71, 443, 0, 0, 0, 'CTPP', '0.00', '35000.00', 'New Reference', 0, 0),
(72, 443, 0, 0, 0, 'HCL', '0.00', '2500.00', 'New Reference', 0, 0),
(73, 451, 0, 0, 0, 'Op.', '0.00', '117279.00', 'New Reference', 0, 0),
(74, 452, 0, 0, 0, 'Op.', '0.00', '509045.00', 'New Reference', 0, 0),
(75, 453, 0, 0, 0, 'Op.', '0.00', '10000.00', 'New Reference', 0, 0),
(76, 454, 0, 0, 0, 'Op.', '0.00', '0.00', 'New Reference', 0, 0),
(77, 32, 0, 0, 0, 'Op.', '0.00', '9000.00', 'New Reference', 0, 0),
(78, 142, 0, 0, 0, 'Op.', '0.00', '397657.43', 'New Reference', 0, 0),
(79, 145, 0, 0, 0, 'Op.', '0.00', '252097.20', 'New Reference', 0, 0),
(80, 301, 0, 0, 0, 'V500', '0.00', '21846.60', 'New Reference', 0, 0),
(81, 301, 0, 0, 0, 'V526', '0.00', '7912.50', 'New Reference', 0, 0),
(82, 274, 0, 0, 0, 'V432', '0.00', '45500.75', 'New Reference', 0, 0),
(83, 274, 0, 0, 0, 'V505', '0.00', '22511.00', 'New Reference', 0, 0),
(84, 69, 0, 0, 0, 'R071', '0.00', '31492.50', 'New Reference', 0, 0),
(85, 91, 0, 0, 0, 'V410', '0.00', '209396.66', 'New Reference', 0, 0),
(86, 369, 0, 0, 0, 'V475', '0.00', '67802.22', 'New Reference', 0, 0),
(87, 369, 0, 0, 0, 'V493', '0.00', '43838.42', 'New Reference', 0, 0),
(88, 368, 0, 0, 0, 'V516', '0.00', '91283.98', 'New Reference', 0, 0),
(89, 368, 0, 0, 0, 'V517', '0.00', '91575.32', 'New Reference', 0, 0),
(90, 23, 0, 0, 0, 'R069', '0.00', '94052.50', 'New Reference', 0, 0),
(91, 23, 0, 0, 0, 'R072', '0.00', '197870.00', 'New Reference', 0, 0),
(92, 54, 0, 0, 0, 'V510', '0.00', '103925.00', 'New Reference', 0, 0),
(93, 299, 0, 0, 0, 'V509', '0.00', '7763.43', 'New Reference', 0, 0),
(94, 89, 0, 0, 0, 'V390', '0.00', '15650.59', 'New Reference', 0, 0),
(95, 374, 0, 0, 0, 'V511', '0.00', '173291.14', 'New Reference', 0, 0),
(96, 372, 0, 0, 0, 'V514', '0.00', '6630.00', 'New Reference', 0, 0),
(97, 372, 0, 0, 0, 'V530', '0.00', '4420.00', 'New Reference', 0, 0),
(98, 275, 0, 0, 0, 'V489', '0.00', '9697.44', 'New Reference', 0, 0),
(99, 275, 0, 0, 0, 'V490', '0.00', '67757.38', 'New Reference', 0, 0),
(100, 97, 0, 0, 0, 'V525', '0.00', '32577.40', 'New Reference', 0, 0),
(101, 63, 0, 0, 0, 'R070', '0.00', '293187.50', 'New Reference', 0, 0),
(102, 64, 0, 0, 0, 'R066', '0.00', '75837.00', 'New Reference', 0, 0),
(103, 64, 0, 0, 0, 'R065', '0.00', '26718.34', 'New Reference', 0, 0),
(104, 64, 0, 0, 0, 'R067', '0.00', '61994.58', 'New Reference', 0, 0),
(105, 73, 0, 0, 0, 'V524', '0.00', '52441.68', 'New Reference', 0, 0),
(106, 39, 0, 0, 0, 'Op.', '90603.80', '0.00', 'New Reference', 0, 0),
(107, 41, 0, 0, 0, 'V502', '0.00', '56225.17', 'New Reference', 0, 0),
(108, 41, 0, 0, 0, 'V501', '0.00', '53906.28', 'New Reference', 0, 0),
(109, 41, 0, 0, 0, 'V512', '0.00', '49008.72', 'New Reference', 0, 0),
(110, 41, 0, 0, 0, 'V513', '0.00', '52044.21', 'New Reference', 0, 0),
(111, 41, 0, 0, 0, 'V521', '0.00', '17618.50', 'New Reference', 0, 0),
(112, 41, 0, 0, 0, 'V523', '0.00', '36879.51', 'New Reference', 0, 0),
(113, 41, 0, 0, 0, 'V528', '0.00', '19788.84', 'New Reference', 0, 0),
(114, 41, 0, 0, 0, 'V529', '0.00', '19261.01', 'New Reference', 0, 0),
(115, 28, 0, 0, 0, 'V280', '0.00', '10634.40', 'New Reference', 0, 0),
(116, 25, 0, 0, 0, 'V434', '0.00', '59936.95', 'New Reference', 0, 0),
(117, 58, 0, 0, 0, 'V396', '0.00', '14700.00', 'New Reference', 0, 0),
(118, 273, 0, 0, 0, 'V118', '0.00', '84302.45', 'New Reference', 0, 0),
(119, 273, 0, 0, 0, 'V200', '0.00', '43300.00', 'New Reference', 0, 0),
(120, 273, 0, 0, 0, 'V295', '0.00', '19035.90', 'New Reference', 0, 0),
(121, 93, 0, 0, 0, 'V508', '0.00', '3851.13', 'New Reference', 0, 0),
(122, 93, 0, 0, 0, '3', '0.00', '0.00', 'New Reference', 0, 0),
(123, 291, 0, 0, 0, 'V310', '0.00', '121314.72', 'New Reference', 0, 0),
(124, 291, 0, 0, 0, 'V309', '0.00', '110968.86', 'New Reference', 0, 0),
(126, 57, 0, 0, 2, 'i002', '6857.50', '0.00', 'New Reference', 0, 0),
(127, 394, 0, 0, 3, 'i003', '27308.25', '0.00', 'New Reference', 0, 0),
(128, 40, 0, 0, 4, 'i004', '53846.94', '0.00', 'New Reference', 0, 0),
(129, 479, 0, 0, 0, '801', '133080.00', '0.00', 'New Reference', 0, 0),
(130, 479, 0, 0, 0, 'SA298', '3488.00', '0.00', 'New Reference', 0, 0),
(131, 479, 0, 0, 0, '800', '253389.00', '0.00', 'New Reference', 0, 0),
(132, 479, 0, 0, 0, 'SA297', '29491.00', '0.00', 'New Reference', 0, 0),
(133, 479, 0, 0, 0, '835', '180020.00', '0.00', 'New Reference', 0, 0),
(134, 479, 0, 0, 0, 'Op.', '94677.00', '0.00', 'New Reference', 0, 0),
(135, 481, 0, 0, 0, 'T157', '9563.00', '0.00', 'New Reference', 0, 0),
(136, 481, 0, 0, 0, '616', '3022.00', '0.00', 'New Reference', 0, 0),
(137, 481, 0, 0, 0, '632', '2945.00', '0.00', 'New Reference', 0, 0),
(138, 481, 0, 0, 0, '647', '1511.00', '0.00', 'New Reference', 0, 0),
(139, 481, 0, 0, 0, 'T169', '6503.00', '0.00', 'New Reference', 0, 0),
(140, 481, 0, 0, 0, '646', '6082.00', '0.00', 'New Reference', 0, 0),
(141, 481, 0, 0, 0, '671', '9486.00', '0.00', 'New Reference', 0, 0),
(142, 475, 0, 0, 0, '938', '15342.00', '0.00', 'New Reference', 0, 0),
(143, 478, 0, 0, 0, 'Op.', '25245.00', '0.00', 'New Reference', 0, 0),
(144, 480, 0, 0, 0, '3888V/17', '5005.00', '0.00', 'New Reference', 0, 0),
(145, 480, 0, 0, 0, '3887V/17', '6203.00', '0.00', 'New Reference', 0, 0),
(146, 480, 0, 0, 0, '3886V/17', '24153.00', '0.00', 'New Reference', 0, 0),
(147, 480, 0, 0, 0, '3885V/17', '8190.00', '0.00', 'New Reference', 0, 0),
(148, 72, 0, 0, 5, 'i005', '94000.50', '0.00', 'New Reference', 0, 0),
(149, 476, 0, 0, 0, '0101602456', '90652.50', '0.00', 'New Reference', 0, 0),
(150, 476, 0, 0, 0, '0101602525', '5163.75', '0.00', 'New Reference', 0, 0),
(151, 476, 0, 0, 0, '0101602632', '20196.00', '0.00', 'New Reference', 0, 0),
(152, 396, 0, 0, 6, 'i006', '12640.80', '0.00', 'New Reference', 0, 0),
(153, 63, 0, 0, 7, 'i007', '33420.70', '0.00', 'New Reference', 0, 0),
(154, 299, 0, 0, 8, 'i008', '1411.17', '0.00', 'New Reference', 0, 0),
(155, 299, 0, 0, 9, 'i009', '54039.55', '0.00', 'New Reference', 0, 0),
(156, 77, 0, 0, 10, 'i010', '59831.42', '0.00', 'New Reference', 0, 0),
(157, 79, 0, 0, 11, 'i011', '30349.71', '0.00', 'New Reference', 0, 0),
(160, 23, 0, 0, 13, '0013', '103425.87', '0.00', 'New Reference', 0, 0),
(161, 54, 0, 0, 12, 'i012', '7337.52', '0.00', 'New Reference', 0, 0),
(162, 23, 0, 0, 13, 'i013', '103425.87', '0.00', 'New Reference', 0, 0),
(163, 54, 0, 0, 12, 'i012', '7337.52', '0.00', 'New Reference', 0, 0),
(164, 274, 4, 0, 0, 'V505', '22511.00', '0.00', 'Against Reference', 0, 0),
(165, 54, 5, 0, 0, 'V510', '103925.00', '0.00', 'Against Reference', 0, 0),
(166, 72, 0, 0, 5, 'i005', '94000.50', '0.00', 'New Reference', 0, 0),
(167, 394, 0, 0, 3, 'i003', '27308.25', '0.00', 'New Reference', 0, 0),
(168, 396, 0, 0, 6, 'i006', '12640.80', '0.00', 'New Reference', 0, 0),
(169, 396, 0, 0, 6, 'i006', '12640.80', '0.00', 'New Reference', 0, 0),
(170, 40, 0, 0, 4, 'i004', '56416.32', '0.00', 'New Reference', 0, 0),
(171, 394, 0, 0, 3, 'i003', '27308.25', '0.00', 'New Reference', 0, 0),
(172, 63, 0, 0, 7, 'i007', '33420.70', '0.00', 'New Reference', 0, 0),
(173, 77, 0, 0, 10, 'i010', '59831.42', '0.00', 'New Reference', 0, 0),
(175, 57, 0, 0, 2, 'i002', '6857.50', '0.00', 'New Reference', 0, 0),
(176, 394, 0, 0, 3, 'i003', '27308.25', '0.00', 'New Reference', 0, 0),
(177, 40, 0, 0, 4, 'i004', '53846.94', '0.00', 'New Reference', 0, 0),
(178, 72, 0, 0, 5, 'i005', '94000.50', '0.00', 'New Reference', 0, 0),
(179, 396, 0, 0, 6, 'i006', '12640.80', '0.00', 'New Reference', 0, 0),
(180, 63, 0, 0, 7, 'i007', '33420.70', '0.00', 'New Reference', 0, 0),
(181, 299, 0, 0, 8, 'i008', '1411.17', '0.00', 'New Reference', 0, 0),
(182, 299, 0, 0, 9, 'i009', '54039.55', '0.00', 'New Reference', 0, 0),
(183, 77, 0, 0, 10, 'i010', '59831.42', '0.00', 'New Reference', 0, 0),
(184, 79, 0, 0, 11, 'i011', '30349.71', '0.00', 'New Reference', 0, 0),
(185, 54, 0, 0, 12, 'i012', '7337.52', '0.00', 'New Reference', 0, 0),
(186, 23, 0, 0, 13, 'i013', '103425.87', '0.00', 'New Reference', 0, 0),
(187, 301, 0, 0, 14, 'i014', '7912.50', '0.00', 'New Reference', 0, 0),
(188, 521, 0, 0, 15, 'i015', '13029.25', '0.00', 'New Reference', 0, 0),
(189, 94, 0, 0, 16, 'i016', '25847.50', '0.00', 'New Reference', 0, 0),
(190, 41, 0, 0, 17, 'i017', '18439.75', '0.00', 'New Reference', 0, 0),
(191, 39, 0, 0, 18, 'i018', '43582.99', '0.00', 'New Reference', 0, 0),
(192, 50, 0, 0, 19, 'i019', '54872.80', '0.00', 'New Reference', 0, 0),
(193, 369, 0, 0, 20, 'i020', '68729.29', '0.00', 'New Reference', 0, 0),
(194, 54, 0, 0, 21, 'i021', '115452.87', '0.00', 'New Reference', 0, 0),
(195, 41, 0, 0, 22, 'i022', '52044.21', '0.00', 'New Reference', 0, 0),
(196, 41, 0, 0, 23, 'i023', '47925.36', '0.00', 'New Reference', 0, 0),
(197, 275, 0, 0, 24, 'i024', '11465.21', '0.00', 'New Reference', 0, 0),
(198, 462, 0, 0, 25, 'i025', '26970.55', '0.00', 'New Reference', 0, 0),
(199, 387, 0, 0, 26, 'i026', '11878.67', '0.00', 'New Reference', 0, 0),
(200, 381, 0, 0, 27, 'i027', '89016.68', '0.00', 'New Reference', 0, 0),
(201, 64, 0, 0, 28, 'i028', '195469.74', '0.00', 'New Reference', 0, 0),
(202, 53, 0, 0, 29, 'i029', '122430.61', '0.00', 'New Reference', 0, 0),
(203, 372, 0, 0, 30, 'i030', '2848.50', '0.00', 'New Reference', 0, 0),
(204, 461, 0, 0, 31, 'i031', '18736.80', '0.00', 'New Reference', 0, 0),
(205, 58, 0, 0, 32, 'i032', '30960.80', '0.00', 'New Reference', 0, 0),
(206, 291, 0, 0, 1, 'i001', '884368.40', '0.00', 'New Reference', 0, 0),
(208, 65, 0, 0, 33, 'i033', '59329.32', '0.00', 'New Reference', 0, 0),
(209, 534, 0, 0, 34, 'i001', '43255.00', '0.00', 'New Reference', 0, 0),
(210, 543, 0, 0, 35, 'i002', '95996.56', '0.00', 'New Reference', 0, 0),
(211, 514, 0, 0, 36, 'i003', '31333.50', '0.00', 'New Reference', 0, 0),
(212, 545, 0, 0, 37, 'i004', '59618.05', '0.00', 'New Reference', 0, 0),
(213, 513, 0, 0, 38, 'i005', '22682.50', '0.00', 'New Reference', 0, 0),
(214, 513, 0, 0, 39, 'i006', '9231.25', '0.00', 'New Reference', 0, 0),
(215, 63, 1, 0, 0, 'R070', '293187.50', '0.00', 'Against Reference', 0, 0),
(216, 62, 0, 0, 40, 'i034', '7748.75', '0.00', 'New Reference', 0, 0),
(217, 546, 0, 0, 41, 'i035', '5438.75', '0.00', 'New Reference', 0, 0),
(218, 275, 2, 0, 0, 'V489', '9697.44', '0.00', 'Against Reference', 0, 0),
(219, 28, 0, 0, 42, 'i036', '2580.72', '0.00', 'New Reference', 0, 0);

-- --------------------------------------------------------

--
-- Table structure for table `sales_orders`
--

CREATE TABLE IF NOT EXISTS `sales_orders` (
  `id` int(10) NOT NULL AUTO_INCREMENT,
  `customer_id` int(10) NOT NULL,
  `employee_id` int(10) NOT NULL,
  `customer_address` text NOT NULL,
  `discount_type` tinyint(1) NOT NULL,
  `discount_per` decimal(4,2) NOT NULL,
  `discount` decimal(15,2) NOT NULL,
  `ed_description` text NOT NULL,
  `exceise_duty` decimal(10,2) NOT NULL,
  `total` decimal(15,2) NOT NULL,
  `pnf_type` tinyint(1) NOT NULL,
  `pnf_per` decimal(4,2) NOT NULL,
  `pnf` decimal(10,2) NOT NULL,
  `total_after_pnf` decimal(15,2) NOT NULL,
  `additional_note` text NOT NULL,
  `company_id` int(10) NOT NULL,
  `process_status` varchar(30) NOT NULL,
  `quotation_id` int(10) DEFAULT NULL,
  `transporter_id` int(10) NOT NULL,
  `expected_delivery_date` date NOT NULL,
  `delivery_description` text NOT NULL,
  `documents_courier_id` int(10) NOT NULL,
  `customer_po_no` varchar(100) NOT NULL,
  `po_date` date NOT NULL,
  `dispatch_name` varchar(100) NOT NULL,
  `dispatch_mobile` varchar(10) NOT NULL,
  `dispatch_email` varchar(100) NOT NULL,
  `dispatch_address` text NOT NULL,
  `road_permit_required` varchar(5) NOT NULL,
  `form49` varchar(5) NOT NULL,
  `so1` varchar(10) NOT NULL,
  `so2` int(10) NOT NULL,
  `so3` varchar(10) NOT NULL,
  `so4` varchar(10) NOT NULL,
  `created_by` int(10) NOT NULL,
  `edited_by` int(10) NOT NULL,
  `created_on` date NOT NULL,
  `edited_on` date NOT NULL,
  `edited_on_time` varchar(100) NOT NULL,
  `created_on_time` varchar(100) NOT NULL,
  `job_card_status` varchar(10) NOT NULL DEFAULT 'Pending',
  PRIMARY KEY (`id`)
) ENGINE=InnoDB  DEFAULT CHARSET=latin1 AUTO_INCREMENT=71 ;

--
-- Dumping data for table `sales_orders`
--

INSERT INTO `sales_orders` (`id`, `customer_id`, `employee_id`, `customer_address`, `discount_type`, `discount_per`, `discount`, `ed_description`, `exceise_duty`, `total`, `pnf_type`, `pnf_per`, `pnf`, `total_after_pnf`, `additional_note`, `company_id`, `process_status`, `quotation_id`, `transporter_id`, `expected_delivery_date`, `delivery_description`, `documents_courier_id`, `customer_po_no`, `po_date`, `dispatch_name`, `dispatch_mobile`, `dispatch_email`, `dispatch_address`, `road_permit_required`, `form49`, `so1`, `so2`, `so3`, `so4`, `created_by`, `edited_by`, `created_on`, `edited_on`, `edited_on_time`, `created_on_time`, `job_card_status`) VALUES
(1, 40, 4, 'Pali-Marwar-306401\r\nRajastahn', 1, '7.50', '8775.00', '', '0.00', '108225.00', 1, '0.00', '0.00', '108225.00', 'Pali-Marwar-306401\r\nRajastahn', 25, 'Pulled From Quotation', 4, 2, '2017-04-06', 'Freight "PAID" Basis', 6, '4600015892', '2017-03-21', 'Tapasvi Vaidya', '9001099411', 'tapasvi.vaidya@lnbgroup.com', 'Pali-Marwar-306401\r\nRajastahn', 'No', 'No', 'STL', 1, 'BE-3370', '16-17', 4, 8, '2017-03-27', '2017-04-04', '2017-04-04 07:02:48PM', '2017-03-27 11:42:14AM', 'Pending'),
(2, 93, 4, 'C-17,Panchwati Colony\r\nNear Bhaskar Circle,\r\nRatanada , Jodhpur -342001', 1, '5.00', '1777.00', '', '0.00', '33763.00', 0, '0.00', '0.00', '33763.00', 'Party Will be  pay actual Freight Amount.', 27, 'Pulled From Quotation', 8, 2, '2017-04-10', 'Freight "TO-PAY" basis', 6, 'FS/RS/16-17/1058', '2017-03-17', 'Mangesh Kawade', '7742505505', 'Mangesh.KAWADE@sodexo.com', 'C-17,Panchwati Colony\r\nNear Bhaskar Circle,\r\nRatanada , Jodhpur -342001', 'No', 'No', 'FMSL', 1, 'BE-3247', '16-17', 4, 8, '2017-03-27', '2017-03-28', '2017-03-28 01:10:36PM', '2017-03-27 01:17:56PM', 'Pending'),
(3, 8, 7, 'Unit Of - DCM Shriram Industries Limited\r\nShriram Nagar, Kota-324004', 1, '7.50', '3086.25', '', '0.00', '38063.75', 0, '0.00', '0.00', '38063.75', 'Unit Of - DCM Shriram Industries Limited\r\nShriram Nagar, Kota-324004', 25, 'New', 0, 15, '2017-04-05', 'Freight "TO-PAY" basis', 6, 'OSC/4800001336', '2017-02-28', 'Ram Kshetri', '9929590865', 'ramkshetri@dcmsr.com', 'Unit Of - DCM Shriram Industries Limited\r\nShriram Nagar, Kota-324004', 'No', 'No', 'STL', 2, 'BE-2932', '16-17', 8, 0, '2017-03-28', '1970-01-01', '', '2017-03-28 11:40:11AM', 'Pending'),
(4, 31, 11, '( A Unit of Shree Cement Ltd )\r\nJind Road\r\nKhukhrana,Assan Kalan\r\nPanipat Haryana-132103', 1, '20.00', '13790.00', '', '0.00', '55160.00', 0, '0.00', '0.00', '55160.00', 'Document Delivery Address:\r\nShree Cement Ltd.,\r\nBangur Nagar, P.O. No.: 33\r\nBeawer - 305901\r\n\r\nPayment Terms : 30 days of Receipt of PO', 25, 'New', 0, 1, '2017-04-20', 'Paid Basis Panipat Transporter Godown Dispatch From Indore Darling Pumps', 6, '422190', '2017-03-22', 'Mr Vivek Saxena', '9214337462', 'saxenav@shreecementltd.com', '( A Unit of Shree Cement Ltd )\r\nJind Road\r\nKhukhrana,Assan Kalan\r\nPanipat Haryana-132103', 'No', 'No', 'STL', 3, 'BE-3240', '16-17', 11, 8, '2017-03-28', '2017-04-17', '2017-04-17 10:47:02AM', '2017-03-28 12:35:55PM', 'Pending'),
(5, 9, 15, 'P.O. Adityanagar - 326 520\r\nMORAK, Distt. Kota (Rajasthan)', 0, '0.00', '2200.00', '', '0.00', '42500.00', 1, '2.00', '850.00', '43350.00', 'Direct for payment within 30 days. ', 25, 'New', 0, 15, '2017-04-06', 'Freight "TO-PAY" basis upto kota', 6, 'VPG/1100003705', '2017-02-20', 'Vipesh Gupta', '9351468146', 'vipesh.gupta@mangalamcement.com', '93,Dashera Schema, Dadabari\r\nKOTA-324009 (Raj.)', 'No', 'No', 'STL', 4, 'BE-3360', '16-17', 8, 8, '2017-03-28', '2017-04-04', '2017-04-04 02:31:13PM', '2017-03-28 12:55:30PM', 'Pending'),
(6, 22, 11, 'Unit-Birla White\r\nRajashree Nagar, Kharia Khangar\r\nVillage :-Kharia Khangar\r\nDist. Jodhpur 342606', 1, '10.00', '2600.00', '', '0.00', '23400.00', 0, '0.00', '0.00', '23400.00', 'Document delivery Address\r\nUltratech Cement Ltd.,\r\n(Unit - Birla White )\r\nD-7, Shastri Nagar,\r\nJodhpur - 342003\r\n\r\nPayment Terms: 30 days of Receipt of Material', 25, 'New', 0, 2, '2017-05-16', 'To Pay Basis', 6, 'BW/BWJ/6202007086', '2017-03-04', 'Mr. Neeraj Gautam', '2920264040', 'neeraj.gautam@adityabirla.com', 'Unit-Birla White\r\nRajashree Nagar, Kharia Khangar\r\nVillage :-Kharia Khangar\r\nDist. Jodhpur 342606\r\n', 'No', 'No', 'STL', 5, 'BE-2827', '16-17', 11, 0, '2017-03-28', '1970-01-01', '', '2017-03-28 01:19:30PM', 'Pending'),
(7, 29, 11, 'Bangur City\r\nPO RAS-306107\r\nTehsil :Jaitaran\r\nDist. Pali\r\n', 0, '0.00', '0.00', '', '0.00', '340000.00', 0, '0.00', '0.00', '340000.00', 'Document Delivery Address\r\nShree Cement Ltd.,\r\nBangur Nagar, P.O. No.: 33,\r\nBeawer - 305901\r\n\r\nPayment Terms : 30 days from receipt Material', 25, 'New', 0, 7, '2017-05-26', 'Paid Basis : Beawer Transporter Goodown', 6, '420061', '2017-03-10', 'Mr. Vivek Saxena', '9214337462', 'saxenav@shreecementltd.com', 'Bangur City\r\nPO RAS-306107\r\nTehsil :Jaitaran\r\nDist. Pali\r\n', 'No', 'No', 'STL', 6, 'BE-3368', '16-17', 11, 11, '2017-03-28', '2017-03-28', '2017-03-28 02:11:49PM', '2017-03-28 01:56:56PM', 'Pending'),
(8, 29, 11, 'Bangur City\r\nPO RAS-306107\r\nTehsil :Jaitaran\r\nDist. Pali\r\n', 0, '0.00', '0.00', '', '0.00', '350774.00', 0, '0.00', '0.00', '350774.00', 'Document Delivery Address\r\nShree Cement Ltd.,\r\nBangur Nagar, P.O. No.: 33,\r\nBeawer - 305901\r\n\r\nPayment Terms : 30 days from receipt Material', 25, 'New', 0, 7, '2017-05-18', 'Paid Basis Beawer Transporter Goown', 6, '419575', '2017-03-08', 'Mr Vivek Saxena', '9214337462', 'saxenav@shreecementltd.com', 'Bangur City\r\nPO RAS-306107\r\nTehsil :Jaitaran\r\nDist. Pali\r\n', 'No', 'No', 'STL', 7, 'BE-3368', '16-17', 11, 11, '2017-03-28', '2017-03-28', '2017-03-28 02:14:48PM', '2017-03-28 02:09:21PM', 'Pending'),
(9, 30, 11, 'Village -Khapradig ,Teh :-Simga\r\nBhatapara ,Baloda Bazar Raipur -493332\r\nChattisgarh', 0, '0.00', '0.00', '', '0.00', '175387.00', 0, '0.00', '0.00', '175387.00', 'Document Delivery Address\r\nShree Raipur Cement Plant (SRCP),\r\n(A Unit of Shree Cement Ltd),\r\nC-1, Krishnayan Colony, Near City Fuels Petrol Pump, Bhatapara Road, Baloda Bazaar,\r\n Chattisgarh - 493332 (C.G.)\r\n\r\nPayment Terms: 30 Days of Receipt of Material\r\n', 25, 'New', 0, 27, '2017-04-05', 'Paid Basis Transporter Godown Baloda Bazar', 30, '418360', '2017-03-04', 'Mr. Shadaab Rizvi', '8349301232', 'rizvis@shreecementltd.com', 'Village -Khapradig ,Teh :-Simga\r\nBhatapara ,Baloda Bazar Raipur -493332\r\nChattisgarh', 'No', 'Yes', 'STL', 8, 'BE-3241', '16-17', 11, 11, '2017-03-28', '2017-03-28', '2017-03-28 02:42:38PM', '2017-03-28 02:36:30PM', 'Pending'),
(10, 30, 11, 'Village -Khapradig ,Teh :-Simga\r\nBhatapara ,Baloda Bazar Raipur -493332\r\nChattisgarh', 0, '0.00', '0.00', '', '0.00', '340000.00', 0, '0.00', '0.00', '340000.00', 'Shree Raipur Cement Plant (SRCP)\r\n(A unit of Shee Cement Ltd),\r\nC-1, Krishnayan Colony, Near City Fuels Petrol Pump,\r\nBhatapara Road, Baloda Bazaar,\r\nChhattishgarh - 493332 (CG)', 25, 'New', 0, 27, '2017-04-29', 'Paid Basis Transporter Godown Baloda Bazar', 30, '420688', '2017-03-15', 'Mr Shadaab Rizvi', '8349301232', 'rizvis@shreecementltd.com', 'Village -Khapradig ,Teh :-Simga\r\nBhatapara ,Baloda Bazar Raipur -493332\r\nChattisgarh', 'No', 'Yes', 'STL', 9, 'BE-3241', '16-17', 11, 0, '2017-03-28', '1970-01-01', '', '2017-03-28 02:56:08PM', 'Pending'),
(11, 94, 7, '206, MTN, Neemach Kheda Main Road, Neenach Mata Scheme, Dewali, UDAIPUR-313001 (Raj.)', 0, '0.00', '0.00', '', '0.00', '0.00', 0, '0.00', '0.00', '29700.00', 'Direct for payment within 07 days', 27, 'New', 0, 29, '2017-04-01', 'Hand delivery', 29, 'email confirmation by Mr. Ali Hussain', '2017-03-22', 'Mr. Ali Hussain', '9828186876', 'ahcorp.udr@gmail.com', '206, MTN, Neemach Kheda Main Road, Neenach Mata Scheme, Dewali, UDAIPUR-313001 (Raj.)', 'No', 'No', 'FMSL', 2, 'BE-3065', '16-17', 8, 8, '2017-03-28', '2017-04-17', '2017-04-17 01:41:44PM', '2017-03-28 03:20:15PM', 'Pending'),
(12, 81, 15, 'B-25-26, RIICO Housing Colony\r\nRoad No. 1-D, V.K.I. Area, Jaipur-302013', 1, '6.00', '5808.00', '', '0.00', '90992.00', 0, '0.00', '0.00', '90992.00', 'Direct for payment within 07 days', 27, 'New', 0, 1, '2017-04-01', 'Freight "TO-PAY" basis', 6, 'Email confirmation by Mr. Vinod Sharma', '2017-03-16', 'Vinod Sharma', '9414077213', 'vks12.crystal@gmail.com', 'B-25-26, RIICO Housing Colony\r\nRoad No. 1-D, V.K.I. Area, Jaipur-302013', 'No', 'No', 'FMSL', 3, 'BE-3258', '16-17', 8, 8, '2017-03-28', '2017-04-17', '2017-04-17 12:59:56PM', '2017-03-28 04:17:57PM', 'Pending'),
(13, 1, 11, 'Dariba Smelter Complex\r\nRajpura Dariba Mines\r\nDist.: Rajsamand (Raj.)\r\nPin no- 313211', 0, '0.00', '0.00', '', '0.00', '90250.00', 0, '0.00', '0.00', '90250.00', 'Direct for payment within 30 days after receipt of material.', 25, 'New', 0, 16, '2017-04-03', 'Your Authorised vehicle', 6, '2000037157/4100085926', '2016-12-13', 'Mr. Sujat', '8003195347', 'Aditya.Jalan@vedanta.co.in', 'Dariba Smelter Complex\r\nRajpura Dariba Mines\r\nDist.: Rajsamand (Raj.)\r\nPin no- 313211', 'No', 'No', 'STL', 10, 'BE-3146', '16-17', 8, 8, '2017-03-29', '2017-04-05', '2017-04-05 03:23:54PM', '2017-03-29 11:43:23AM', 'Pending'),
(14, 37, 15, 'RIICO INDUSTRIAL AREA NEEMRANA, DIST. ALWAR (RAJ)-301705', 1, '10.00', '19800.00', '', '0.00', '178200.00', 0, '0.00', '0.00', '178200.00', 'Direct for payment within 15 days from receipt of material', 25, 'New', 0, 1, '2017-04-05', 'Freight "PAID" basis', 6, '2400000230', '2017-02-10', 'D K Jain', '9413586723', 'dk.jain@ginniint.com', 'RIICO INDUSTRIAL AREA NEEMRANA, DIST. ALWAR (RAJ)-301705', 'No', 'No', 'STL', 11, 'BE-3049', '16-17', 8, 8, '2017-03-30', '2017-04-04', '2017-04-04 03:32:46PM', '2017-03-30 12:05:42PM', 'Pending'),
(15, 18, 11, 'Chanderia Smelter Complex (CPP)\r\nPO Putholi\r\nDt. Chittorgarh', 0, '0.00', '0.00', '', '0.00', '104955.00', 0, '0.00', '0.00', '104955.00', 'Direct for payment within 30 days', 25, 'New', 0, 7, '2017-04-04', 'Freight "PAID" basis', 6, '4100086596', '2017-01-20', 'Kavya Khazanchi', '1472254819', 'commercial@vedanta.co.in', 'Chanderia Smelter Complex (CPP)\r\nPO Putholi\r\nDt. Chittorgarh', 'No', 'No', 'STL', 12, 'BE-3079', '16-17', 8, 8, '2017-03-30', '2017-04-05', '2017-04-05 01:54:22PM', '2017-03-30 12:47:05PM', 'Pending'),
(16, 66, 15, 'RSWM Limited,\r\n(Unit- Mandpam)\r\nPB No. 13\r\nBhilwara-311001', 1, '12.50', '1552.50', '', '0.00', '10867.50', 0, '0.00', '0.00', '10867.50', 'Direct for payment within 30 days', 25, 'New', 0, 7, '2017-04-05', 'Freight "TO-PAY'' basis', 6, 'SPA/151601392', '2017-01-21', 'Ashish Tomar', '9782258181', 'stores.mandapam@lnjbhilwara.com', 'RSWM Limited,\r\n(Unit- Mandpam)\r\nPB No. 13\r\nBhilwara-311001', 'No', 'No', 'STL', 13, 'BE-3320', '16-17', 8, 8, '2017-03-30', '2017-04-12', '2017-04-12 02:33:17PM', '2017-03-30 03:41:04PM', 'Pending'),
(17, 70, 15, 'SPL 1, Tapukara Industrial\r\nArea, Khuskhera-301707\r\nDistt-Alwar', 0, '0.00', '0.00', '', '0.00', '50000.00', 0, '0.00', '0.00', '50000.00', 'Direct for payment within 30 days after after receipt of material ', 25, 'New', 0, 3, '2017-04-03', '"FREIGHT PAID DOOR DELIVERY" Basis', 3, '36507,0 ', '2017-03-16', 'Amit Jain', '8890095343', 'amitjain1@hondacarindia.com', 'SPL 1, Tapukara Industrial\r\nArea, Khuskhera-301707\r\nDistt-Alwar', 'No', 'No', 'STL', 14, 'BE-3226', '16-17', 8, 0, '2017-03-30', '1970-01-01', '', '2017-03-30 06:00:12PM', 'Pending'),
(18, 70, 15, 'SPL 1, Tapukara Industrial\r\nArea, Khuskhera-301707\r\nDistt-Alwar', 1, '5.00', '70.40', '', '0.00', '1337.60', 0, '0.00', '0.00', '1337.60', 'Direct for payment within 30 days\r\nwith this suppy your order is fully executed.', 25, 'New', 0, 3, '2017-04-04', '"FREIGHT PAID DOOR DELIVERY" basis', 3, '35664,0', '2017-01-30', 'Amit Jain', '8890095343', 'amitjain1@hondacarindia.com', 'SPL 1, Tapukara Industrial\r\nArea, Khuskhera-301707\r\nDistt-Alwar', 'No', 'No', 'STL', 15, 'BE-3226', '16-17', 8, 8, '2017-03-30', '2017-04-04', '2017-04-04 05:10:21PM', '2017-03-30 06:11:50PM', 'Pending'),
(19, 110, 11, '(Khushkhera Cement Grinding Project)\r\nPlot No. SP3-II, A-1, \r\nRIICO Industrial Area\r\nBhiwadi, Taluka-Tijara,\r\nKhushkhera-301707\r\nDistt: Alwar (Raj.)', 1, '20.00', '2760.00', '', '0.00', '11040.00', 0, '0.00', '0.00', '11040.00', 'Direct for payment within 30 days\r\n\r\nDocument delivery Address:\r\nShree Cement Limited,\r\nBangur Nagar\r\nBeawar-305901\r\n', 25, 'New', 0, 1, '2017-04-03', 'Freight "PAID" basis', 6, '415110', '2017-02-15', 'Navneet', '9251077025', 'navneet13596@shreecementltd.com', '(Khushkhera Cement Grinding Project)\r\nPlot No. SP3-II, A-1, \r\nRIICO Industrial Area\r\nBhiwadi, Taluka-Tijara,\r\nKhushkhera-301707\r\nDistt: Alwar (Raj.)', 'No', 'No', 'STL', 16, 'BE-3031', '16-17', 8, 8, '2017-03-30', '2017-04-04', '2017-04-04 03:58:23PM', '2017-03-30 07:00:57PM', 'Pending'),
(20, 29, 11, 'Bangur City\r\nPO RAS-306107\r\nTehsil :Jaitaran\r\nDist. Pali\r\n', 1, '20.00', '7100.00', '', '0.00', '28400.00', 0, '0.00', '0.00', '28400.00', 'Direct for payment within 30 days\r\nDocument Despatch Address:\r\nBangur Nagar, Beawar-305901', 25, 'New', 0, 7, '2017-04-04', 'Freight "PAID" basis', 6, '419574', '2017-03-08', 'Vivek Saxena', '9214337462', 'saxena@shreecementltd.com', 'Bangur City\r\nPO RAS-306107\r\nTehsil :Jaitaran\r\nDist. Pali\r\n', 'No', 'No', 'STL', 17, 'BE-3064', '16-17', 8, 8, '2017-03-31', '2017-04-04', '2017-04-04 04:32:04PM', '2017-03-31 12:53:45PM', 'Pending'),
(21, 29, 11, 'Bangur City\r\nPO RAS-306107\r\nTehsil :Jaitaran\r\nDist. Pali\r\n', 0, '0.00', '0.00', '', '0.00', '340000.00', 0, '0.00', '0.00', '340000.00', 'Direct for payment within 30 days', 25, 'New', 0, 7, '2017-04-05', 'Freight "PAID" basis', 6, '424354', '2017-03-30', 'Vivek Saxena', '9214337462', 'saxena@shreecementltd.com', 'Bangur City\r\nPO RAS-306107\r\nTehsil :Jaitaran\r\nDist. Pali\r\n', 'No', 'No', 'STL', 18, 'BE-3368', '16-17', 8, 0, '2017-04-01', '1970-01-01', '', '2017-04-01 05:13:08PM', 'Pending'),
(22, 29, 11, 'Bangur City\r\nPO RAS-306107\r\nTehsil :Jaitaran\r\nDist. Pali\r\n', 1, '20.00', '5480.00', '', '0.00', '21920.00', 0, '0.00', '0.00', '21920.00', 'Direct for payment within 30 days', 25, '', 0, 7, '2017-04-05', 'Freight "PAID" basis', 6, '421611', '2017-03-20', 'Vivek Saxena', '9214337462', 'saxena@shreecementltd.com', 'Bangur City\r\nPO RAS-306107\r\nTehsil :Jaitaran\r\nDist. Pali\r\n', 'No', 'No', 'STL', 19, 'BE-3064', '16-17', 8, 8, '2017-04-01', '2017-04-03', '2017-04-03 04:26:51PM', '2017-04-01 05:17:46PM', 'Pending'),
(23, 108, 15, 'A-280/281/283 RIICO Industrial Area\r\nChopanki, Bhiwadi\r\nDistt: Alwar (Raj.)', 0, '0.00', '0.00', '', '0.00', '26500.00', 0, '0.00', '0.00', '26500.00', 'Direct for payment against Performa Invoice', 25, '', 0, 1, '2017-04-05', 'Freight "TO-PAY" basis', 6, 'CHP008470', '2016-12-17', 'DK Mishra', '9672992331', 'dilip.mishra@ke-ind.com', 'KEI Industries Ltd.\r\nA, 280-284 RIICO Industrial Area,\r\nChopanki (Raj.)', 'No', 'No', 'STL', 20, 'BE-3348', '16-17', 8, 8, '2017-04-01', '2017-04-04', '2017-04-04 12:57:28PM', '2017-04-01 05:21:26PM', 'Pending'),
(24, 68, 18, 'The Executive Engineer (O & M)\r\nSuratgarh Super thermal Power,\r\nRajasthan Rajya Vidyut Utpadan Nigam Limited, Near Village-Raiawali,\r\nSuratgarh-335804\r\nSri Ganganagar (Raj.)', 0, '0.00', '0.00', '', '0.00', '874401.00', 0, '0.00', '0.00', '874401.00', 'Direct for payment within 30 days', 25, 'New', 0, 1, '2017-04-07', '"FREIGHT PAID DOOR DELIVERY" basis', 31, 'PO201600064/D-262', '2017-01-25', 'SBI Bank', '1509245689', 'proc.stps.suratgarh@gmail.com', 'State Bank of India\r\nMain Branch, Suratgarh', 'No', 'No', 'STL', 21, 'BE-2982', '16-17', 8, 8, '2017-04-03', '2017-04-04', '2017-04-04 12:17:41PM', '2017-04-03 03:42:58PM', 'Pending'),
(25, 29, 11, 'Bangur City\r\nPO RAS-306107\r\nTehsil :Jaitaran\r\nDist. Pali\r\n', 0, '0.00', '0.00', '', '0.00', '4480.00', 0, '0.00', '0.00', '4480.00', 'Document Delivery Address:\r\nShree Cement Ltd\r\nBangur Nagar\r\nPB No 33\r\nBeawar : 305901\r\n', 25, 'New', 0, 7, '2017-05-20', 'Material Will be book on Paid Basis.', 6, '423887', '2017-03-29', 'Mr Sumit Kumar Srivastava', '9214037282', 'srivastavas@shreecementltd.com', 'Bangur City\r\nPO RAS-306107\r\nTehsil :Jaitaran\r\nDist. Pali\r\n', 'No', 'No', 'STL', 22, 'BE-2979', '16-17', 4, 0, '2017-04-03', '1970-01-01', '', '2017-04-03 04:29:55PM', 'Pending'),
(26, 15, 15, '(Unit of J.K. Cement Ltd.)\r\nKailash nagar \r\nNimbahera - 312617', 1, '10.00', '5680.00', '', '0.00', '51120.00', 0, '0.00', '0.00', '51120.00', 'Direct for payment within 30 days.', 25, 'New', 0, 13, '2017-04-06', 'Freight "TO-PAY" basis', 14, '4100095291', '2017-03-14', 'Piyush Tiwari', '1477220205', 'piyush.Tiwari@jkcement.com', '(Unit of J.K. Cement Ltd.)\r\nKailash nagar \r\nNimbahera - 312617', 'No', 'No', 'STL', 23, 'BE-3363', '16-17', 8, 8, '2017-04-03', '2017-04-12', '2017-04-12 12:52:00PM', '2017-04-03 05:49:21PM', 'Pending'),
(27, 15, 15, '(Unit of J.K. Cement Ltd.)\r\nKailash nagar \r\nNimbahera - 312617', 1, '10.00', '5680.00', '', '0.00', '51120.00', 0, '0.00', '0.00', '51120.00', 'Direct for payment within 30 days.', 25, '', 0, 13, '2017-04-06', 'Freight "TO-PAY" basis', 14, '4100094605', '2017-02-27', 'Piyush Tiwari', '1477220205', 'piyush.Tiwari@jkcement.com', '(Unit of J.K. Cement Ltd.)\r\nKailash nagar \r\nNimbahera - 312617', 'No', 'No', 'STL', 24, 'BE-3363', '16-17', 8, 0, '2017-04-03', '1970-01-01', '', '2017-04-03 05:52:55PM', 'Pending'),
(28, 19, 11, 'Unit-Pyro Plant\r\nChanderiya Lead Zinc Smelter\r\nChittorgarh', 0, '0.00', '0.00', '', '0.00', '35832.50', 0, '0.00', '0.00', '35832.50', '', 25, 'New', 0, 7, '2017-05-31', 'Material Will be booked on Paid Basis.\r\nTransporter Godown Chittor.', 6, '2000039507 / 4100087610', '2017-03-24', 'Mr. Suresh Sharma ', '9829245214', 'suresh.sharma@vedanta.co.in', 'Unit-Pyro Plant\r\nChanderiya Lead Zinc Smelter\r\nChittorgarh', 'No', 'No', 'STL', 25, 'BE-3369', '16-17', 4, 0, '2017-04-03', '1970-01-01', '', '2017-04-03 05:58:51PM', 'Pending'),
(29, 12, 11, 'Sindesar Khurd Mine\r\nP.O. Dariba\r\nRajsamand', 0, '0.00', '0.00', '', '0.00', '1135355.00', 0, '0.00', '0.00', '1135355.00', 'Direct for payment within 30 days', 25, 'New', 0, 16, '2017-04-12', 'Love Kush Enterprises', 16, '2000038628/4100086965', '2017-02-11', 'Kaluram Jat`', '8003093638', 'Aditya.jalan@vedanta.co.in', 'Sindesar Khurd Mine\r\nP.O. Dariba\r\nRajsamand', 'No', 'No', 'STL', 26, 'BE-3359', '16-17', 8, 8, '2017-04-03', '2017-04-22', '2017-04-22 03:15:27PM', '2017-04-03 06:17:33PM', 'Pending'),
(30, 21, 11, 'CPP (Thermal) Zawar Mines\r\nZawar Mines\r\nDist. Udaipur', 0, '0.00', '0.00', '', '0.00', '6500.00', 0, '0.00', '0.00', '6500.00', 'Direct for payment within 30 days', 25, 'New', 0, 16, '2017-04-05', 'Material to be hand delivery to Love Kush Enterprises', 16, '2000038091/4100086596', '2017-01-20', 'Pc Pareek', '9928013967', 'Pc.Pareek@vedanta.co.in', 'CPP Zawar Mines\r\nZawar Mines\r\nDist. Udaipur', 'No', 'No', 'STL', 27, 'BE-3142', '17-18', 8, 8, '2017-04-04', '2017-04-04', '2017-04-04 12:34:34PM', '2017-04-04 11:11:29AM', 'Pending'),
(31, 112, 15, 'A-135-135-136, Road no. 12, \r\nVishwakarma Indusrial Area,\r\nJaipur-302013 (Raj.)', 0, '0.00', '0.00', '', '0.00', '2442.00', 0, '0.00', '0.00', '2442.00', 'Direct for payment within 30 days.', 25, 'New', 0, 1, '2017-04-29', '"FREIGHT TO PAY" Basis', 6, '16005258 / M1', '2017-03-31', 'Mr. Pankaj Kalani', '9785022279', 'pkalani@sigmaelectric.com', 'A-135-135-136, Road no. 12,\r\nVishwakarma indusrial Area,\r\nJaipur-302013', 'No', 'No', 'STL', 28, 'BE-3194', '17-18', 12, 12, '2017-04-04', '2017-04-04', '2017-04-04 12:21:50PM', '2017-04-04 12:04:51PM', 'Pending'),
(32, 42, 4, 'Rajasthan State Highway 9, \r\nSripati Nagar, Dabok, Udaipur-313201\r\nRajasthan \r\n', 1, '7.50', '2332.50', '', '0.00', '28767.50', 0, '0.00', '0.00', '28767.50', 'Direct for payment within 30 days', 25, 'New', 0, 29, '2017-04-07', 'Freight "TO-PAY" basis', 29, '7420001469/MES ', '2017-03-29', 'Rahul Jain', '7728886069', 'rahuljain@ucwl.jkmail.com', 'Rajasthan State Highway 9, \r\nSripati Nagar, Dabok, Udaipur-313201\r\nRajasthan \r\n', 'No', 'No', 'STL', 29, 'BE-3102', '17-18', 8, 0, '2017-04-05', '1970-01-01', '', '2017-04-05 11:07:35AM', 'Pending'),
(33, 134, 11, 'Mayur Nagar,\r\nLodha-327001\r\nBanswara (Raj.)', 0, '0.00', '0.00', '', '0.00', '4750.00', 0, '0.00', '0.00', '4750.00', 'Direct for payment within 30 days', 25, 'New', 0, 12, '2017-04-22', 'Freight "TO-PAY" basis', 6, 'SPA/31700011', '2017-04-03', 'Mr. Ravindra Suthar', '2962254321', 'ravindrasuthar@lnjbhilwara.com', 'Mayur Nagar, \r\nLodha - 327001\r\nBanswara (Raj.)', 'No', 'No', 'STL', 30, 'BE-2598', '17-18', 8, 8, '2017-04-07', '2017-04-21', '2017-04-21 04:01:42PM', '2017-04-07 12:39:49PM', 'Pending'),
(34, 101, 15, 'NH-12, Ramganj Balaji, \r\nBundi-323001 (Raj)', 0, '0.00', '0.00', '', '0.00', '11259.40', 0, '0.00', '0.00', '11259.40', 'Direct for payment within 30 days', 25, 'New', 0, 15, '2017-04-14', 'Freight "TO-PAY" basis', 6, 'P/1718/44', '2017-04-06', 'Mr. Yusuf Ansari', '7073458817', 'yusuf.ansari@advantageoils.com', 'NH-12, Ramganj Balaji, \r\nBundi-323001 (Raj)', 'No', 'No', 'STL', 31, 'BE-2603', '17-18', 8, 0, '2017-04-07', '1970-01-01', '', '2017-04-07 01:04:09PM', 'Pending'),
(35, 30, 11, 'Village -Khapradig ,Teh :-Simga\r\nBhatapara ,Baloda Bazar Raipur -493332\r\nChattisgarh', 1, '20.00', '9450.00', '', '0.00', '37800.00', 0, '0.00', '0.00', '37800.00', 'Direct for payment within 30 days', 25, 'New', 0, 31, '2017-04-15', '"FREIGHT PAID DOOR DELIVERY" basis', 31, '426576', '2017-04-07', 'Mr. Vijay Kumar Vishwakarma', '9109973634', 'vishwakarmavk@shreecementltd.com', 'Village -Khapradig ,Teh :-Simga\r\nBhatapara ,Baloda Bazar Raipur -493332\r\nChattisgarh', 'No', 'Yes', 'STL', 32, 'BE-3241', '17-18', 8, 8, '2017-04-07', '2017-04-07', '2017-04-07 01:54:38PM', '2017-04-07 01:50:54PM', 'Pending'),
(36, 129, 15, 'SP3-10 to 11, RIICO Industrial Area, Teh.: Kotputli, Keshwana Rajpoot, Distt: Jaipur (Raj.)', 1, '5.00', '650.00', '', '0.00', '12350.00', 0, '0.00', '0.00', '12350.00', 'Direct for Payment against documents recevie', 25, 'New', 0, 1, '2017-04-14', 'Freight "TO-PAY" basis', 6, '471/16-17 ', '2016-07-23', 'Pritpal Singh Rai', '1244597979', 'purchase@otsukaindia.com', 'SP3-10 to 11, RIICO Industrial Area, Teh.: Kotputli, Keshwana Rajpoot, Distt: Jaipur (Raj.)', 'No', 'No', 'STL', 33, 'BE-2945', '17-18', 8, 0, '2017-04-11', '1970-01-01', '', '2017-04-11 02:15:08PM', 'Pending'),
(37, 72, 15, 'SP-4/3, RIICO Industrial Area,\r\nVill.: Keshwana, Teh.: KOTPUTLI-303108,\r\nDistt: Jaipur (Raj.) ', 0, '0.00', '0.00', '', '0.00', '7500.00', 0, '0.00', '0.00', '7500.00', 'Direct for payment within 07 days', 25, 'New', 0, 1, '2017-04-12', 'Freight "TO-PAY" basis', 6, 'Verbal confirmation by Mr. Naveen Kumar ', '2017-03-15', 'Mr. Naveen Ji', '9983340275', 'naveen.jpr@bhavik.biz', 'F-394 (G), Road No. 9F2, V.K.I. Area, JAIPUR-302013', 'No', 'No', 'STL', 34, 'BE-3299', '17-18', 8, 0, '2017-04-11', '1970-01-01', '', '2017-04-11 03:04:39PM', 'Pending'),
(38, 53, 15, 'Udaisagar Road,\r\nUdaipur-313003', 0, '0.00', '0.00', '', '0.00', '24500.00', 0, '0.00', '0.00', '24500.00', 'Direct for payment 100% against delivery.', 25, 'New', 0, 29, '2017-04-12', 'Delivery at your works', 29, '4501500290', '2017-04-04', 'Ramesh Kumar Singh', '9660642260', 'ramesh.singh@unitedspirits.in', 'Udaisagar Road,\r\nUdaipur-313003', 'No', 'No', 'STL', 35, 'BE-3342', '17-18', 8, 0, '2017-04-11', '1970-01-01', '', '2017-04-11 03:27:21PM', 'Pending'),
(39, 130, 11, 'SK Mines\r\nRajpura Dariba ', 0, '0.00', '0.00', '', '0.00', '500000.00', 0, '0.00', '0.00', '500000.00', 'Payment 50 % advance & balance at the time of delivery.', 25, 'New', 0, 29, '2017-05-15', 'Customer will be take delivery form work-Shop.\r\n(Hand Delivery)', 29, 'BY Mail', '2017-03-30', 'Mr. Narendra Kumara', '9782895862', 'narendra.kumar.jnu@gmail.com', 'SK Mines\r\nRajpura Dariba ', 'No', 'No', 'STL', 36, 'BE-3341', '17-18', 4, 0, '2017-04-11', '1970-01-01', '', '2017-04-11 04:41:44PM', 'Pending'),
(40, 10, 15, 'Sutlej Textiles and Industries Limited\r\nUnit-Rajasthan Textile Mills, \r\nPachpahar Road Bhawanimandi-326502 Distt: Jhalawar', 0, '0.00', '0.00', '', '0.00', '16700.00', 0, '0.00', '0.00', '16700.00', 'Direct for payment against delivery', 25, 'New', 0, 15, '2017-04-13', 'Freight "TO-PAY" basis', 6, '4515002929', '2016-12-16', 'Bhanwar Tripathi', '9116009797', 'btripathi@sutlej-rtm.co.in', 'Sutlej Textiles and Industries Limited\r\nUnit-Rajasthan Textile Mills, \r\nPachpahar Road Bhawanimandi-326502 Distt: Jhalawar', 'No', 'No', 'STL', 37, 'BE-3346', '17-18', 8, 8, '2017-04-12', '2017-04-12', '2017-04-12 11:15:41AM', '2017-04-12 11:08:43AM', 'Pending'),
(41, 66, 15, '(Unit- Mandpam)\r\nPB No. 13\r\nBhilwara-311001', 1, '10.00', '8900.00', '', '0.00', '80100.00', 1, '2.00', '1602.00', '81702.00', 'Direct for payment within 15 days', 25, 'New', 0, 7, '2017-04-17', 'Freight "TO-PAY" basis', 7, '151700094', '2017-04-10', 'Aashish Tomar', '9782258181', 'stores.mandapam@lnjbhilwara.com', '(Unit- Mandpam)\r\nPB No. 13\r\nBhilwara-311001', 'No', 'No', 'STL', 38, 'BE-3320', '17-18', 15, 8, '2017-04-12', '2017-04-17', '2017-04-17 12:25:35PM', '2017-04-12 11:40:25AM', 'Pending'),
(42, 8, 15, 'Unit Of - DCM Shriram Industries Limited\r\nShriram Nagar, Kota-324004', 1, '7.50', '3086.25', '', '0.00', '38063.75', 0, '0.00', '0.00', '38063.75', '100% payment against delivery (COD)', 25, 'New', 0, 15, '2017-04-15', 'Freight "TO-PAY" basis', 6, 'OSC/4800001336', '2017-02-28', 'Mr. Ram Keshtri', '7442480001', 'ramkshetri@dcmsr.com', 'Unit Of - DCM Shriram Industries Limited\r\nShriram Nagar, Kota-324004', 'No', 'No', 'STL', 39, 'BE-2932', '17-18', 8, 0, '2017-04-12', '1970-01-01', '', '2017-04-12 11:50:05AM', 'Pending'),
(43, 15, 15, '(Unit of J.K. Cement Ltd.)\r\nKailash nagar \r\nNimbahera - 312617', 1, '10.00', '5680.00', '', '0.00', '51120.00', 0, '0.00', '0.00', '51120.00', 'Direct for payment within 30  days', 25, 'New', 0, 7, '2017-04-12', 'Freight "TO-PAY" bais', 14, '4100095291/6420', '2017-03-14', 'Piyush Tiwari', '9799060335', 'piyush.tiwari@jkcement.com', '(Unit of J.K. Cement Ltd.)\r\nKailash nagar \r\nNimbahera - 312617', 'No', 'No', 'STL', 40, 'BE-3363', '17-18', 8, 0, '2017-04-12', '1970-01-01', '', '2017-04-12 12:07:04PM', 'Pending'),
(44, 84, 15, 'SPC-162, MIA,\r\n Alwar -301030\r\n', 1, '5.00', '3428.75', '', '0.00', '65146.25', 0, '0.00', '0.00', '65146.25', 'Direct for payment 100% after delivery', 25, 'New', 0, 3, '2017-04-14', '"FREIGHT PAID DOOR DELIVERY" basis', 3, '4501475075', '2017-01-16', 'Mr. D. K. Sharma', '9414431447', 'dineshsharma@mail.dabur', 'SPC-162, MIA,\r\n Alwar -301030\r\n', 'No', 'No', 'STL', 41, 'BE-3355', '17-18', 8, 0, '2017-04-12', '1970-01-01', '', '2017-04-12 12:23:10PM', 'Pending'),
(45, 10, 15, 'Sutlej Textiles and Industries Limited\r\nUnit-Rajasthan Textile Mills, \r\nPachpahar Road Bhawanimandi-326502 Distt: Jhalawar', 0, '0.00', '0.00', '', '0.00', '88800.00', 0, '0.00', '0.00', '88800.00', 'Direct for payment against delivery', 25, 'New', 0, 15, '2017-04-13', 'Freight "TO-PAY" basis', 6, '4515002954', '2017-01-05', 'Mr. Bhanwar Tripati', '9116009797', 'btripathi@sutlej-rtm.co.in', 'Sutlej Textiles and Industries Limited\r\nUnit-Rajasthan Textile Mills, \r\nPachpahar Road Bhawanimandi-326502 Distt: Jhalawar', 'No', 'No', 'STL', 42, 'BE-3346', '17-18', 8, 0, '2017-04-12', '1970-01-01', '', '2017-04-12 02:16:49PM', 'Pending'),
(46, 122, 11, 'Dakan Kotra,\r\n12 Km Miles Stone,\r\nUdaipur-Banswara Road,\r\nDistt- Udaipur,\r\n313001 (Raj.)', 1, '5.00', '1345.50', '', '0.00', '25564.50', 0, '0.00', '0.00', '25564.50', 'Direct for payment against delivery.', 25, 'New', 0, 29, '2017-04-13', 'Your Authorised vehicle', 29, 'E-mail confirmation by Mr. Mahendra Taya ', '2016-12-09', 'Mr. Mahendra Ji Taya', '9414585446', 'mtaya@rediffmail.com', 'Dakan Kotra,\r\n12 Km Miles Stone,\r\nUdaipur-Banswara Road,\r\nDistt- Udaipur,\r\n313001 (Raj.)', 'No', 'No', 'STL', 43, 'BE-3350', '17-18', 8, 0, '2017-04-12', '1970-01-01', '', '2017-04-12 02:54:21PM', 'Pending'),
(47, 123, 4, 'Udai Sagar Road,\r\nDistt- Udaipur, \r\n313001 (Raj.)', 1, '10.00', '4820.00', '', '0.00', '43380.00', 1, '0.00', '0.00', '43380.00', '', 25, 'New', 0, 29, '2017-04-28', 'Local Freight charges  will be in buyer account.', 29, '4500294926', '2017-04-05', 'Mr. Vimal Nagar', '9214351889', 'v.nagar@piind.com', 'Udai Sagar Road,\r\nDistt- Udaipur, \r\n313001 (Raj.)', 'No', 'No', 'STL', 44, 'BE-3375', '17-18', 4, 4, '2017-04-12', '2017-04-12', '2017-04-12 05:35:01PM', '2017-04-12 04:40:36PM', 'Pending'),
(48, 30, 11, 'Village -Khapradig ,Teh :-Simga\r\nBhatapara ,Baloda Bazar Raipur -493332\r\nChattisgarh', 0, '0.00', '0.00', '', '0.00', '82000.00', 0, '0.00', '0.00', '82000.00', 'Document Delivery Address :\r\nShadaab Rizvi\r\nShree  Raipur Cement Plant ( SRCP)\r\nC-1 Krishnayan Colony Near City Fuels Petrol Pump ,Bhatapara Road\r\nBaloda Bazar Chhattisgarh-493332\r\nMob : 8349301232\r\nPayment Terms : 30 Days', 25, 'Pulled From Quotation', 21, 27, '2017-05-25', 'Material book Paid Basis up to Raipur Transporter Godown.', 30, '427142', '2017-04-12', 'Mr. Shadaab Alam Rizvi', '8349301232', 'rizvis@shreecementltd.com', 'Village -Khapradig ,Teh :-Simga\r\nBhatapara ,Baloda Bazar Raipur -493332\r\nChattisgarh', 'No', 'Yes', 'STL', 45, 'BE-3376', '17-18', 4, 4, '2017-04-12', '2017-04-12', '2017-04-12 05:23:10PM', '2017-04-12 05:05:32PM', 'Pending'),
(49, 95, 11, 'Hydro -I ,Unit II\r\nChanderai Lead Zinc Smelter,\r\nChittorgarh-312021', 0, '0.00', '0.00', '', '0.00', '75000.00', 0, '0.00', '0.00', '75000.00', 'Direct for payment within 30 days', 25, 'New', 0, 7, '2017-04-13', 'Freight "PAID" basis', 6, '2000038191/4100086683', '2017-01-25', 'Mr. Suresh Sharma', '1472254285', 'suresh.sharma@vedanta.co.in', 'Hydro -I ,Unit II\r\nChanderai Lead Zinc Smelter,\r\nChittorgarh-312021', 'No', 'No', 'STL', 46, 'BE-2900', '17-18', 8, 0, '2017-04-13', '1970-01-01', '', '2017-04-13 11:24:37AM', 'Pending'),
(50, 26, 15, 'Unit-Kotputli Cement Works\r\nVillage - Mohanpura\r\nTeh - Kotputli\r\nDist. jaipur-303108', 0, '0.00', '0.00', '', '0.00', '43000.00', 0, '0.00', '0.00', '43000.00', 'Kindly issue C form.\r\nC & E1 transaction.', 25, 'New', 0, 1, '2017-04-25', 'Freight To Pay Basis ', 6, 'GK/GKC/7100538001', '2017-04-11', 'Mr. Pradeep Ranka', '9887480241', 'pradeep.ranka@adityabirla.com', 'Unit-Kotputli Cement Works\r\nVillage - Mohanpura\r\nTeh - Kotputli\r\nDist. jaipur-303108', 'No', 'No', 'STL', 47, 'BE-2720', '17-18', 12, 8, '2017-04-13', '2017-04-17', '2017-04-17 06:46:03PM', '2017-04-13 03:16:48PM', 'Pending'),
(51, 17, 11, 'Rajpura Dariba Mines\r\nDariba Smelter Complex \r\nP.O. Dariba Mines\r\nRajsamand', 0, '0.00', '0.00', '', '0.00', '106926.30', 0, '0.00', '0.00', '106926.30', 'Direct for payment within 30 days', 25, 'New', 0, 29, '2017-04-15', '-', 16, '2000039196/4100087355', '2017-03-09', 'Mr. Kaluram Jat', '2942417560', 'Aditya.jalan@vedanta.co.in', 'Rajpura Dariba Mines\r\nDariba Smelter Complex \r\nP.O. Dariba Mines\r\nRajsamand', 'No', 'No', 'STL', 48, 'BE-3253', '17-18', 8, 8, '2017-04-13', '2017-04-14', '2017-04-14 11:38:33AM', '2017-04-13 06:21:55PM', 'Converted'),
(52, 86, 15, '<pre class="cake-error"><a href="javascript:void(0);" onclick="document.getElementById(''cakeErr58f069130cb4f-trace'').style.display = (document.getElementById(''cakeErr58f069130cb4f-trace'').style.display == ''none'' ? '''' : ''none'');"><b>Notice</b> (8)</a>: Trying to get property of non-object [<b>APP/Controller/CustomersController.php</b>, line <b>222</b>]<div id="cakeErr58f069130cb4f-trace" class="cake-stack-trace" style="display: none;"><a href="javascript:void(0);" onclick="document.getElementById(''cakeErr58f069130cb4f-code'').style.display = (document.getElementById(''cakeErr58f069130cb4f-code'').style.display == ''none'' ? '''' : ''none'')">Code</a> <a href="javascript:void(0);" onclick="document.getElementById(''cakeErr58f069130cb4f-context'').style.display = (document.getElementById(''cakeErr58f069130cb4f-context'').style.display == ''none'' ? '''' : ''none'')">Context</a><pre id="cakeErr58f069130cb4f-code" class="cake-code-dump" style="display: none;"><code><span style="color: #000000"><span style="color: #0000BB">&nbsp;&nbsp;&nbsp;&nbsp;&nbsp;&nbsp;&nbsp;&nbsp;</span><span style="color: #007700">}</span></span></code>\r\n<span class="code-highlight"><code><span style="color: #000000"><span style="color: #0000BB">&nbsp;&nbsp;&nbsp;&nbsp;&nbsp;&nbsp;&nbsp;&nbsp;$defaultAddress&nbsp;</span><span style="color: #007700">=&nbsp;</span><span style="color: #0000BB">$this</span><span style="color: #007700">-&gt;</span><span style="color: #0000BB">Customers</span><span style="color: #007700">-&gt;</span><span style="color: #0000BB">CustomerAddress</span><span style="color: #007700">-&gt;</span><span style="color: #0000BB">find</span><span style="color: #007700">(</span><span style="color: #DD0000">''all''</span><span style="color: #007700">)-&gt;</span><span style="color: #0000BB">where</span><span style="color: #007700">([</span><span style="color: #DD0000">''customer_id''&nbsp;</span><span style="color: #007700">=&gt;&nbsp;</span><span style="color: #0000BB">$id</span><span style="color: #007700">,</span><span style="color: #DD0000">''default_address''&nbsp;</span><span style="color: #007700">=&gt;&nbsp;</span><span style="color: #0000BB">1</span><span style="color: #007700">])-&gt;</span><span style="color: #0000BB">first</span><span style="color: #007700">();</span></span></code></span>\r\n<code><span style="color: #000000"><span style="color: #0000BB">&nbsp;&nbsp;&nbsp;&nbsp;&nbsp;&nbsp;&nbsp;&nbsp;</span><span style="color: #007700">echo&nbsp;</span><span style="color: #0000BB">$defaultAddress</span><span style="color: #007700">-&gt;</span><span style="color: #0000BB">address</span><span style="color: #007700">;</span></span></code></pre><pre id="cakeErr58f069130cb4f-context" class="cake-context" style="display: none;">$id = &#039;86&#039;\r\n$defaultAddress = null</pre><pre class="stack-trace">App\\Controller\\CustomersController::defaultAddress() - APP/Controller/CustomersController.php, line 222\r\nCake\\Controller\\Controller::invokeAction() - CORE/src/Controller/Controller.php, line 435\r\nCake\\Routing\\Dispatcher::_invoke() - CORE/src/Routing/Dispatcher.php, line 115\r\nCake\\Routing\\Dispatcher::dispatch() - CORE/src/Routing/Dispatcher.php, line 88\r\n[main] - ROOT/webroot/index.php, line 37</pre></div></pre>', 0, '0.00', '0.00', '', '0.00', '2700.00', 0, '0.00', '0.00', '2700.00', 'Direct for payment 100% within 07 days', 25, 'New', 0, 6, '2017-04-17', '"FREIGHT PAID DOOR DELIVERY" basis', 6, '16PODO0686', '2017-03-31', 'Mr. Sachin Sharma', '1494671305', 'sachin@machi-india.com', 'SP-86, NIC (M), RIICO Industrial Area, Phase-II, NEEMRANA-301705, Distt: Alwar (Raj.)', 'No', 'No', 'STL', 49, 'BE-3331', '17-18', 8, 0, '2017-04-14', '1970-01-01', '', '2017-04-14 11:51:07AM', 'Pending'),
(53, 121, 15, 'Plot No. SPL-2B, \r\nTapukara Industrial Area,\r\nBhiwadi Alwar Road, Tapukara, Distt-Alwar\r\n301707 (Raj.)', 0, '0.00', '0.00', '', '0.00', '17760.00', 0, '0.00', '0.00', '17760.00', 'Direct for payment within 30 days', 25, 'New', 0, 3, '2017-04-15', 'Freight TO-PAY DOOR DELIVERY basis', 3, 'LOC/16-01467', '2017-03-01', 'Mr. S.K. Sinha', '1493524332', 'subratasinha@bestex.co.in', 'Plot No. SPL-2B, \r\nTapukara Industrial Area,\r\nBhiwadi Alwar Road, Tapukara, Distt-Alwar\r\n301707 (Raj.)', 'No', 'No', 'STL', 50, 'BE-2875', '17-18', 8, 8, '2017-04-14', '2017-04-14', '2017-04-14 12:41:39PM', '2017-04-14 12:39:37PM', 'Pending'),
(54, 15, 15, '(Unit of J.K. Cement Ltd.)\r\nKailash nagar \r\nNimbahera - 312617', 1, '5.00', '1971.00', '', '0.00', '37449.00', 0, '0.00', '0.00', '37449.00', 'Direct for Payment Within 30 Days.', 25, 'New', 0, 7, '2017-04-20', 'Frieght To Pay Basis', 7, '4100096473', '2017-04-05', 'Mr. Piyush Tiwari', '9799060355', 'piyush.tiwari@jkcement.com', '(Unit of J.K. Cement Ltd.)\r\nKailash nagar \r\nNimbahera - 312617', 'No', 'No', 'STL', 51, 'BE-3311', '17-18', 12, 15, '2017-04-14', '2017-04-14', '2017-04-14 05:50:20PM', '2017-04-14 01:04:10PM', 'Converted'),
(55, 22, 11, 'Unit-Birla White\r\nRajashree Nagar, Kharia Khangar\r\nVillage :-Kharia Khangar\r\nDist. Jodhpur 342606', 1, '10.00', '34650.00', '', '0.00', '311850.00', 0, '0.00', '0.00', '311850.00', 'Direct for payment within 30 days after receipt of material', 25, 'New', 0, 6, '2017-04-14', 'Freight "TO-PAY" basis', 6, 'BW/BWJ/6202006775', '2017-02-14', 'Mr. Neeraj Guatam', '2920264040', 'neeraj.gautam@adityabirla.com', 'Unit-Birla White\r\nRajashree Nagar, Kharia Khangar\r\nVillage :-Kharia Khangar\r\nDist. Jodhpur 342606', 'No', 'No', 'STL', 52, 'BE-2510', '17-18', 8, 8, '2017-04-14', '2017-04-14', '2017-04-14 01:56:20PM', '2017-04-14 01:54:26PM', 'Pending'),
(56, 26, 15, 'Unit-Kotputli Cement Works\r\nVillage - Mohanpura\r\nTeh - Kotputli\r\nDist. jaipur-303108', 0, '0.00', '0.00', '', '0.00', '7250.00', 0, '0.00', '0.00', '7250.00', 'Direct for payment within 30 days after receipt of material', 25, 'New', 0, 6, '2017-05-31', '"FREIGHT PAID DOOR DELIVERY" basis', 6, 'GK/GKG/7100537993', '2017-04-08', 'Jyoti Sharma', '1421325703', 'jyoti.sharma@adityabirla.com', 'Unit-Kotputli Cement Works\r\nVillage - Mohanpura\r\nTeh - Kotputli\r\nDist. jaipur-303108', 'No', 'No', 'STL', 53, 'BE-2814', '17-18', 8, 8, '2017-04-14', '2017-04-21', '2017-04-21 02:54:13PM', '2017-04-14 06:50:10PM', 'Pending'),
(57, 132, 15, 'Unit - Ringas\r\nCIN:           L17115RJ1960PLC008216\r\nSP-1,Industrial Area,Ringas-332404(Raj.)\r\n', 1, '10.00', '2698.00', '', '0.00', '24282.00', 1, '1.00', '242.82', '24524.82', 'Direct for payment within 30 days of reciept of material.', 25, 'New', 0, 3, '2017-04-17', 'Freight "TO PAY" Basis.', 7, '211700164', '2017-04-15', 'Mr. Rajesh Kumar Dixit', '9413357092', 'storepur.ringas@lnjbhilwara.com', 'Unit - Ringas\r\nCIN:           L17115RJ1960PLC008216\r\nSP-1,Industrial Area,Ringas-332404(Raj.)\r\n', 'No', 'No', 'STL', 54, 'BE-2523', '17-18', 12, 0, '2017-04-15', '1970-01-01', '', '2017-04-15 12:38:59PM', 'Pending'),
(58, 95, 11, 'Hydro -I ,Unit II\r\nChanderai Lead Zinc Smelter,\r\nChittorgarh-312021', 0, '0.00', '0.00', '', '0.00', '63500.00', 0, '0.00', '0.00', '63500.00', 'Payment ; 30 Days form date of Invoice.', 25, 'New', 0, 7, '2017-06-16', 'Transporter Godown -Chittorgarh', 6, '2000039023 / 4100087574', '2017-03-22', 'Mr. Suresh Sharma', '9829245214', 'suresh.sharma@vedanta.co.in', 'Hydro -I ,Unit II\r\nChanderai Lead Zinc Smelter,\r\nChittorgarh-312021', 'No', 'No', 'STL', 55, 'BE-2900', '17-18', 4, 11, '2017-04-17', '2017-04-17', '2017-04-17 12:05:03PM', '2017-04-17 10:44:59AM', 'Pending'),
(59, 30, 11, 'Village -Khapradig ,Teh :-Simga\r\nBhatapara ,Baloda Bazar Raipur -493332\r\nChattisgarh', 0, '0.00', '0.00', '', '0.00', '170000.00', 0, '0.00', '0.00', '170000.00', 'Document Dispatch : Through Speed Post\r\nShree Raipur Cement Plant ( SRCP) \r\n[A Unit of Shree Cement Limited]\r\nC-1, Krishnayan Colony, Near City Fuel Petrol Pump ,Bhatapara Road, Baloda Bazara 493332 (C.G)\r\n\r\n\r\n\r\n', 25, 'New', 0, 27, '2017-05-31', 'Transporter Godown Baloda Bazar', 7, '427406', '2017-04-14', 'Shadaab Rizvi', '8349301232', 'rizvis@shreecementltd.com', 'Village -Khapradig ,Teh :-Simga\r\nBhatapara ,Baloda Bazar Raipur -493332\r\nChattisgarh', 'No', 'Yes', 'STL', 56, 'BE-3241', '17-18', 11, 11, '2017-04-17', '2017-04-17', '2017-04-17 04:29:12PM', '2017-04-17 01:22:57PM', 'Pending'),
(60, 130, 11, '<pre class="pr">App\\Model\\Entity\\CustomerAddres Object\r\n(\r\n    [id] => 362\r\n    [customer_id] => 130\r\n    [address] => SK Mines\r\nRajpura Dariba \r\n    [district_id] => 4\r\n    [telephone] => \r\n    [mobile] => \r\n    [transporter_id] => 0\r\n    [default_address] => 1\r\n    [[new]] => \r\n    [[accessible]] => Array\r\n        (\r\n            [*] => 1\r\n        )\r\n\r\n    [[dirty]] => Array\r\n        (\r\n        )\r\n\r\n    [[original]] => Array\r\n        (\r\n        )\r\n\r\n    [[virtual]] => Array\r\n        (\r\n        )\r\n\r\n    [[errors]] => Array\r\n        (\r\n        )\r\n\r\n    [[invalid]] => Array\r\n        (\r\n        )\r\n\r\n    [[repository]] => CustomerAddress\r\n)</pre>', 0, '0.00', '0.00', '', '0.00', '41000.00', 0, '0.00', '0.00', '41000.00', 'Direct for payment advance', 27, 'New', 0, 29, '2017-04-17', 'Hand Delivery', 29, 'E-mail confirmation by Mr. Narendra Kumar on', '2017-03-30', 'Mr. Narendra Kumar', '9782895862', 'narendra.kumar.jnu@gmail.com', 'SK Mines\r\nRajpura Dariba ', 'No', 'No', 'FMSL', 4, 'BE-3341', '17-18', 8, 0, '2017-04-17', '1970-01-01', '', '2017-04-17 04:17:57PM', 'Pending'),
(61, 95, 11, 'Hydro -I ,Unit II\r\nChanderai Lead Zinc Smelter,\r\nChittorgarh-312021', 0, '0.00', '0.00', '', '0.00', '175660.00', 0, '0.00', '0.00', '175660.00', '', 25, 'New', 0, 21, '2017-06-15', 'Paid Basis Chittorgarh Transporter Godown', 6, '2000040173/4100088040', '2017-04-17', 'Suresh Sharma', '9829245214', 'suresh.sharma@vedanta.co.in', 'Hydro -I ,Unit II\r\nChanderai Lead Zinc Smelter,\r\nChittorgarh-312021', 'No', 'No', 'STL', 57, 'BE-3378', '17-18', 11, 11, '2017-04-17', '2017-04-17', '2017-04-17 04:22:53PM', '2017-04-17 04:18:34PM', 'Pending'),
(62, 127, 15, 'E-1 RIICO Industrial Area,\r\nLalsot\r\nDausa -303511', 0, '0.00', '0.00', '', '0.00', '21500.00', 0, '0.00', '0.00', '21500.00', 'Full payment received by NEFT on 07.04.2017 for Rs. 9232/-', 27, 'New', 0, 32, '2017-04-17', 'Freight "TO-PAY" basis', 32, 'Verbal order by Mr. Deppak', '2016-11-06', 'Mr. Deepak', '9660450657', 'hsems20@yahoo.com', 'E-1 RIICO Industrial Area,\r\nLalsot\r\nDausa -303511', 'No', 'No', 'FMSL', 5, 'BE-32471', '17-18', 8, 8, '2017-04-17', '2017-04-17', '2017-04-17 05:30:45PM', '2017-04-17 04:52:16PM', 'Pending'),
(63, 67, 11, '1003,Magnum Tower, 2nd Cross Lane, Swami Samarth Nagar,\r\n Andheri (W)-400053,\r\nMumbai(Maharashtra)', 0, '0.00', '0.00', '', '0.00', '56510.00', 0, '0.00', '0.00', '56510.00', 'Full payment received', 27, 'New', 0, 10, '2017-04-17', 'Freight "TO-PAY" basis', 6, 'HSEM/M/PMP/MR/722/16-17', '2016-11-07', 'Mr. Vinay', '9820203612', 'hsems20@yahoo.com', '1003,Magnum Tower, 2nd Cross Lane, Swami Samarth Nagar,\r\n Andheri (W)-400053,\r\nMumbai(Maharashtra)', 'No', 'Yes', 'FMSL', 6, 'BE-3351', '17-18', 8, 0, '2017-04-17', '1970-01-01', '', '2017-04-17 05:06:27PM', 'Pending'),
(64, 127, 15, 'E-1 RIICO Industrial Area,\r\nLalsot\r\nDausa -303511', 0, '0.00', '0.00', '', '0.00', '8750.00', 0, '0.00', '0.00', '8750.00', 'Full payment received by NEFT ', 27, 'New', 0, 29, '2017-04-17', 'Hand Delivery', 29, 'Verbal order by Mr. Deepak on', '2017-04-06', 'Mr. Deepak', '9660450657', 'hems@gmail.com', 'E-1 RIICO Industrial Area,\r\nLalsot\r\nDausa -303511', 'No', 'No', 'FMSL', 7, 'BE-32471', '17-18', 8, 0, '2017-04-17', '1970-01-01', '', '2017-04-17 06:35:34PM', 'Pending'),
(65, 5, 11, '(Formerly Indo Zinc Ltd)\r\n(A Subsidiary of The India Cements Ltd)\r\nPost Wajwana\r\nBanswara -327025', 1, '10.00', '256.00', '', '0.00', '2304.00', 1, '0.00', '0.00', '2304.00', 'Payment Terms : 30 Days form Date of Invoice.', 25, 'New', 0, 6, '2017-04-21', '"FREIGHT PAID DOOR DELIVERY" basis', 6, 'PO /BSW / 66', '2017-04-18', 'Mr. Jitendra Sharma', '2962301426', 'jitendra.s@indiacements.co.in', '(Formerly Indo Zinc Ltd)\r\n(A Subsidiary of The India Cements Ltd)\r\nPost Wajwana\r\nBanswara -327025', 'No', 'No', 'STL', 58, 'BE-2977', '17-18', 4, 8, '2017-04-18', '2017-04-22', '2017-04-22 10:22:29AM', '2017-04-18 12:34:02PM', 'Pending'),
(66, 95, 11, 'Hydro -I ,Unit II\r\nChanderai Lead Zinc Smelter,\r\nChittorgarh-312021', 0, '0.00', '0.00', '', '0.00', '60930.00', 0, '0.00', '0.00', '60930.00', 'Payment Terms : 30 Days form Date of Invoice.', 25, 'New', 0, 7, '2017-05-22', 'Material Booked Paid Upto Chittorgarh Transporter Godown.', 6, '2000039835 / 4100087935', '2017-04-11', 'Mr. Suresh Sharma', '9829245214', 'suresh.sharma@vedanta.co.in', 'Hydro -I ,Unit II\r\nChanderai Lead Zinc Smelter,\r\nChittorgarh-312021', 'No', 'No', 'STL', 59, 'BE-3183', '17-18', 4, 0, '2017-04-21', '1970-01-01', '', '2017-04-21 04:50:42PM', 'Pending'),
(67, 17, 11, 'Rajpura Dariba Mines\r\nDariba Smelter Complex \r\nP.O. Dariba Mines\r\nRajsamand', 0, '0.00', '0.00', '', '0.00', '106926.30', 0, '0.00', '0.00', '106926.30', 'Direct for payment within 30 days', 25, 'New', 0, 29, '2017-04-23', 'Authorised Vehicle', 29, '2000039196/4100087355', '2017-03-09', 'Mr. Kaluram Jat', '2942494577', 'Adiya.Jalan@vedanta.co.in', 'Rajpura Dariba Mines\r\nDariba Smelter Complex \r\nP.O. Dariba Mines\r\nRajsamand', 'No', 'No', 'STL', 60, 'BE-3253', '17-18', 8, 0, '2017-04-21', '1970-01-01', '', '2017-04-21 07:06:17PM', 'Pending'),
(68, 5, 11, '(Formerly Indo Zinc Ltd)\r\n(A Subsidiary of The India Cements Ltd)\r\nPost Wajwana\r\nBanswara -327025', 0, '0.00', '0.00', '', '0.00', '52500.00', 0, '0.00', '0.00', '52500.00', '(Formerly Indo Zinc Ltd)\r\n(A Subsidiary of The India Cements Ltd)\r\nPost Wajwana\r\nBanswara -327025', 25, 'Pulled From Quotation', 2, 12, '2017-05-20', 'Freight "TO-PAY" basis', 6, 'PO/BSW/72', '2017-04-18', 'Mr. Jitendra Sharma', '2962301426', 'jitendra.s@indiacement.co.in', '(Formerly Indo Zinc Ltd)\r\n(A Subsidiary of The India Cements Ltd)\r\nPost Wajwana\r\nBanswara -327025', 'No', 'No', 'STL', 61, 'BE-2977', '17-18', 8, 8, '2017-04-22', '2017-04-22', '2017-04-22 01:48:52PM', '2017-04-22 12:11:26PM', 'Pending'),
(69, 17, 11, 'Rajpura Dariba Mines\r\nDariba Smelter Complex \r\nP.O. Dariba Mines\r\nRajsamand', 0, '0.00', '0.00', '', '0.00', '92610.00', 0, '0.00', '0.00', '92610.00', 'Direct for payment within 30 days', 25, 'New', 0, 29, '2017-04-25', 'Hand delivery', 29, '2000039942/4100087899', '2017-04-08', 'Mr. Syed Sujat', '2942494577', 'kavya.khazanchi@vedanta.co.in', 'Rajpura Dariba Mines\r\nDariba Smelter Complex \r\nP.O. Dariba Mines\r\nRajsamand', 'No', 'No', 'STL', 62, 'BE-3374', '17-18', 8, 8, '2017-04-22', '2017-04-22', '2017-04-22 01:51:04PM', '2017-04-22 01:42:54PM', 'Pending'),
(70, 12, 11, 'Sindesar Khurd Mine\r\nP.O. Dariba\r\nRajsamand', 0, '0.00', '0.00', '', '0.00', '614425.00', 0, '0.00', '0.00', '614425.00', 'Direct for payment within 30 days', 25, 'New', 0, 16, '2017-04-30', '-', 16, '2000039196/4100087355 ', '2017-03-09', 'Mr. Kaluram Jat', '2942494577', 'Aditya.jalan@vedanta.co.in', 'Sindesar Khurd Mine\r\nP.O. Dariba\r\nRajsamand', 'No', 'No', 'STL', 63, 'BE-3359', '17-18', 8, 0, '2017-04-22', '1970-01-01', '', '2017-04-22 02:13:11PM', 'Pending');

-- --------------------------------------------------------

--
-- Table structure for table `sales_order_rows`
--

CREATE TABLE IF NOT EXISTS `sales_order_rows` (
  `id` int(10) NOT NULL AUTO_INCREMENT,
  `sales_order_id` int(10) NOT NULL,
  `item_id` int(10) NOT NULL,
  `description` text NOT NULL,
  `quantity` int(5) NOT NULL,
  `rate` decimal(10,2) NOT NULL,
  `amount` decimal(15,2) NOT NULL,
  `excise_duty` varchar(5) NOT NULL,
  `sale_tax_id` int(10) NOT NULL,
  `height` int(10) NOT NULL,
  `processed_quantity` int(5) NOT NULL DEFAULT '0',
  `source_type` varchar(30) NOT NULL,
  PRIMARY KEY (`id`)
) ENGINE=InnoDB  DEFAULT CHARSET=latin1 AUTO_INCREMENT=297 ;

--
-- Dumping data for table `sales_order_rows`
--

INSERT INTO `sales_order_rows` (`id`, `sales_order_id`, `item_id`, `description`, `quantity`, `rate`, `amount`, `excise_duty`, `sale_tax_id`, `height`, `processed_quantity`, `source_type`) VALUES
(5, 3, 933, '<p>Your item code : 4000000541</p><p><span style="font-weight: bold; text-decoration: underline;">"POSITIVE" Dosing Pump</span></p><p>Model&nbsp; &nbsp; &nbsp;&nbsp;&nbsp;&nbsp;:&nbsp; &nbsp; ED-03</p><p>Capacity&nbsp; &nbsp; :&nbsp; &nbsp; 20 LPH</p><p>Pressure&nbsp; &nbsp; :&nbsp; &nbsp; 2 kg/cm2</p><p>Sr. No.&nbsp;&nbsp;&nbsp;&nbsp;&nbsp;&nbsp; &nbsp; :&nbsp; &nbsp; 16746/3/2017</p>', 1, '41150.00', '41150.00', 'No', 1, 200, 0, ''),
(11, 2, 677, '<p><span style="font-weight: bold; text-decoration: underline;">"JOHNSON" Pumps</span></p><p>Model&nbsp;&nbsp;&nbsp;&nbsp;&nbsp; &nbsp; :&nbsp;&nbsp;&nbsp;&nbsp;&nbsp; &nbsp; KGEN 11 3 G1</p><p>Sr. No.&nbsp;&nbsp;&nbsp;&nbsp;&nbsp; &nbsp; :&nbsp;&nbsp;&nbsp;&nbsp;&nbsp;&nbsp;&nbsp;&nbsp;</p><p></p>', 2, '8350.00', '16700.00', 'No', 2, 0, 0, ''),
(12, 2, 679, '<p>Model&nbsp;&nbsp;&nbsp;&nbsp;&nbsp; &nbsp; :&nbsp;&nbsp;&nbsp;&nbsp;&nbsp; &nbsp; KGEN 11 4 G1</p><p>Sr. No.&nbsp;&nbsp;&nbsp;&nbsp;&nbsp; &nbsp; :</p><p></p>', 2, '9420.00', '18840.00', 'No', 2, 0, 0, ''),
(13, 6, 621, '<p>Item Code: 40151700HJ33</p><p>Mechanical Seal For Pump Model: T3SFP 40/38</p><p><br></p>', 1, '16500.00', '16500.00', 'Yes', 1, 0, 0, ''),
(14, 6, 614, '<p>Item Code: 40151700HJ47</p><p>Mechanical Seal for Pump Model: T3ST 52/40</p>', 1, '9500.00', '9500.00', 'Yes', 1, 0, 0, ''),
(17, 7, 606, '<p><span style="font-weight: bold;">Your Item Code : PUMPOILS0016</span></p><p><span style="text-decoration: underline; font-weight: bold;">TUSHACO Three Screw Pump</span></p><p>Pump Model : T3ST 45/42&nbsp;</p><p>Capacity &nbsp;: &nbsp;120 LPM</p><p>Pressure : 40 Kg/cm2</p>', 2, '170000.00', '340000.00', 'Yes', 1, 0, 0, ''),
(18, 8, 606, '<p><span style="font-weight: bold;">Your Item Code: PUMPOILS0016</span></p><p><span style="font-weight: bold; text-decoration: underline;">TUSHACO Three Screw Pump</span></p><p>Pump Model: T3ST 45/42</p><p>Capacity : 120 LPM</p><p>Pressure: 40 Kg/cm2</p><p><br></p>', 2, '175387.00', '350774.00', 'Yes', 1, 0, 0, ''),
(20, 9, 606, '<p><span style="font-weight: bold;">Your Item Code : PUMPOILS0016</span></p><p><span style="font-weight: bold; text-decoration: underline;">TUSHACO Three Screw Pump</span></p><p>Pump Model: T3ST 45/42</p><p>Capacity : 120 LPM</p><p>Pressure : 40 Kg/cm2</p>', 1, '175387.00', '175387.00', 'Yes', 4, 0, 1, ''),
(23, 10, 606, '<p><span style="font-weight: bold;">Your Item Code: PUMPOILS0016</span></p><p><span style="font-weight: bold; text-decoration: underline;">Tushaco Three Screw Pump</span></p><p>Pump Model : T3ST 45/42</p><p>Capacity : 120 LPM</p><p>Pressure : 40 Kg/cm2</p>', 2, '170000.00', '340000.00', 'Yes', 4, 0, 0, ''),
(36, 17, 803, '<p>Your item code&nbsp;&nbsp;&nbsp;&nbsp;&nbsp; &nbsp; :&nbsp;&nbsp;&nbsp;&nbsp;&nbsp; &nbsp; RMPII00040946</p><p><span style="font-weight: bold; text-decoration: underline;">"JOHNSON" Centrifugal Pump Sets</span></p><p>Model&nbsp;&nbsp;&nbsp;&nbsp;&nbsp;&nbsp;&nbsp;&nbsp;&nbsp; &nbsp; :&nbsp;&nbsp;&nbsp;&nbsp;&nbsp;&nbsp;&nbsp;&nbsp;&nbsp;&nbsp;&nbsp;&nbsp;&nbsp; &nbsp; KGEN 12-5 G1</p><p>Capacity&nbsp;&nbsp;&nbsp;&nbsp;&nbsp; &nbsp; :&nbsp;&nbsp;&nbsp;&nbsp;&nbsp;&nbsp;&nbsp;&nbsp;&nbsp;&nbsp;&nbsp;&nbsp;&nbsp; &nbsp; 8 M3/hr</p><p>Head&nbsp;&nbsp;&nbsp;&nbsp;&nbsp;&nbsp;&nbsp;&nbsp;&nbsp;&nbsp;&nbsp;&nbsp;&nbsp; &nbsp; :&nbsp;&nbsp;&nbsp;&nbsp;&nbsp;&nbsp;&nbsp;&nbsp;&nbsp;&nbsp;&nbsp;&nbsp;&nbsp; &nbsp; 20 Mtrs.</p><p>with "BBL" 3 HP/2900 RPM Motor, Coupling L-95, Coupling Guard, Fasteners dully assembled on MS Baseframe</p><p>Pump Sr. No.&nbsp; &nbsp; :</p><p>Motor Sr. No.&nbsp; &nbsp; :&nbsp;&nbsp;&nbsp;&nbsp;&nbsp;&nbsp;&nbsp;&nbsp;&nbsp; &nbsp; K1631977, N1700893</p>', 2, '25000.00', '50000.00', 'Yes', 2, 0, 2, 'Manufactured'),
(46, 21, 606, '<p>Your item code&nbsp;&nbsp;&nbsp;&nbsp;&nbsp; &nbsp; :&nbsp;&nbsp;&nbsp;&nbsp;&nbsp;&nbsp;&nbsp;&nbsp;&nbsp; &nbsp; PUMPOILS0016</p><p><span style="font-weight: bold; text-decoration: underline;">"TUSHACO" Screw Pump</span>&nbsp;</p><p>Capacity&nbsp;&nbsp;&nbsp;&nbsp;&nbsp;&nbsp;&nbsp;&nbsp;&nbsp; &nbsp; &nbsp;&nbsp;&nbsp;&nbsp;:&nbsp;&nbsp;&nbsp;&nbsp;&nbsp; &nbsp; 120 LPM</p><p>Pressure&nbsp;&nbsp;&nbsp;&nbsp;&nbsp;&nbsp;&nbsp;&nbsp;&nbsp;&nbsp;&nbsp;&nbsp;&nbsp; &nbsp; :&nbsp;&nbsp;&nbsp;&nbsp;&nbsp; &nbsp; 40 kg/cm2</p>', 2, '170000.00', '340000.00', 'Yes', 1, 0, 0, ''),
(97, 22, 600, '<p>Your item code&nbsp;&nbsp;&nbsp;&nbsp;&nbsp; &nbsp; :&nbsp;&nbsp;&nbsp;&nbsp;&nbsp;&nbsp;&nbsp;&nbsp;&nbsp; &nbsp; PUMPOILS0040</p><p><span style="font-weight: bold; text-decoration: underline;">"TUSHACO" Gear Pumps</span>&nbsp;</p><p>Model&nbsp;&nbsp;&nbsp;&nbsp;&nbsp;&nbsp;&nbsp;&nbsp;&nbsp;&nbsp;&nbsp;&nbsp;&nbsp;&nbsp;&nbsp;&nbsp;&nbsp;&nbsp;&nbsp;&nbsp;&nbsp;:&nbsp;&nbsp;&nbsp;&nbsp;&nbsp;&nbsp;&nbsp;&nbsp;&nbsp;RT 40 &nbsp;&nbsp;&nbsp;&nbsp;&nbsp;&nbsp;</p><p>Capacity&nbsp;&nbsp;&nbsp;&nbsp;&nbsp;&nbsp;&nbsp;&nbsp;&nbsp; &nbsp; &nbsp;&nbsp;&nbsp;&nbsp;:&nbsp;&nbsp;&nbsp;&nbsp;&nbsp; &nbsp; 40 LPM</p><p>Pressure&nbsp;&nbsp;&nbsp;&nbsp;&nbsp;&nbsp;&nbsp;&nbsp;&nbsp;&nbsp;&nbsp;&nbsp;&nbsp; &nbsp; :&nbsp;&nbsp;&nbsp;&nbsp;&nbsp; &nbsp; 8 kg/cm2</p>', 4, '6850.00', '27400.00', 'No', 1, 0, 0, ''),
(98, 25, 1092, '<p>Your Item Code : FUFXFANS0001</p><p>Cabin Fan 150-4-DC-12 Volt</p>', 7, '640.00', '4480.00', 'No', 1, 0, 0, ''),
(101, 27, 1112, '<p>Your item code&nbsp;&nbsp;&nbsp;&nbsp;&nbsp; &nbsp; :&nbsp;&nbsp;&nbsp;&nbsp;&nbsp;&nbsp;&nbsp;&nbsp;&nbsp; &nbsp; 530888/1000108626</p><p><span style="font-weight: bold; text-decoration: underline;">"JOHNSON" Centrifugal Pump Set</span></p><p>Model&nbsp;&nbsp;&nbsp;&nbsp;&nbsp;&nbsp;&nbsp;&nbsp;&nbsp;&nbsp;&nbsp;&nbsp;&nbsp; &nbsp; :&nbsp;&nbsp;&nbsp;&nbsp;&nbsp;&nbsp;&nbsp;&nbsp;&nbsp;&nbsp;&nbsp;&nbsp;&nbsp;&nbsp;&nbsp;&nbsp;&nbsp; &nbsp; CCR 25 160 R6 M2 L3</p><p>Capacity&nbsp;&nbsp;&nbsp;&nbsp;&nbsp;&nbsp;&nbsp;&nbsp;&nbsp; &nbsp; :&nbsp;&nbsp;&nbsp;&nbsp;&nbsp;&nbsp;&nbsp;&nbsp;&nbsp;&nbsp;&nbsp;&nbsp;&nbsp;&nbsp;&nbsp;&nbsp;&nbsp; &nbsp; 3.7 m3/hr</p><p>Head&nbsp;&nbsp;&nbsp;&nbsp;&nbsp;&nbsp;&nbsp;&nbsp;&nbsp;&nbsp;&nbsp;&nbsp;&nbsp;&nbsp;&nbsp;&nbsp;&nbsp; &nbsp; :&nbsp;&nbsp;&nbsp;&nbsp;&nbsp;&nbsp;&nbsp;&nbsp;&nbsp;&nbsp;&nbsp;&nbsp;&nbsp;&nbsp;&nbsp;&nbsp;&nbsp; &nbsp;44 mtrs.</p><p>Suc*dis.&nbsp;&nbsp;&nbsp;&nbsp;&nbsp;&nbsp;&nbsp;&nbsp;&nbsp;&nbsp;&nbsp;&nbsp;&nbsp; &nbsp; :&nbsp;&nbsp;&nbsp;&nbsp;&nbsp;&nbsp;&nbsp;&nbsp;&nbsp;&nbsp;&nbsp;&nbsp;&nbsp;&nbsp;&nbsp;&nbsp;&nbsp; &nbsp;25*25 mm</p><p>Sealing &nbsp;&nbsp;&nbsp;&nbsp;&nbsp;&nbsp;&nbsp;&nbsp;&nbsp;&nbsp;&nbsp;&nbsp;&nbsp; &nbsp; :&nbsp;&nbsp;&nbsp;&nbsp;&nbsp;&nbsp;&nbsp;&nbsp;&nbsp;&nbsp;&nbsp;&nbsp;&nbsp;&nbsp;&nbsp;&nbsp;&nbsp; &nbsp; Mechanical Seal</p><p>with "BBL" 5 HP/2900 RPM Motor, Coupling L-95, Coupling Guard, Fasteners dully assembled on MS Baseframe</p><p>Pump Sr. No.&nbsp;&nbsp;&nbsp;&nbsp;&nbsp; &nbsp;:</p><p>Motor Sr. No.&nbsp;&nbsp;&nbsp;&nbsp;&nbsp; &nbsp;:&nbsp;</p>', 1, '56800.00', '56800.00', 'Yes', 2, 0, 0, ''),
(102, 28, 1097, '<p>Material Code : 768175000000</p><p>Bare Pump PL 1011</p>', 1, '17000.00', '17000.00', 'Yes', 4, 0, 0, ''),
(103, 28, 1096, '<p>Material Code : 768176000000</p><p>Bare Pump PL 2017</p>', 1, '17812.50', '17812.50', 'Yes', 4, 0, 0, ''),
(104, 28, 1100, '<p>Material Code : 768175881100</p><p><span style="background-color: transparent;">NRV Ball &nbsp;PL 1011</span></p>', 1, '495.00', '495.00', 'Yes', 4, 0, 0, ''),
(105, 28, 1110, '<p>Material Code : 768176881100</p><p>Valve Seat PL 2017</p>', 1, '525.00', '525.00', 'Yes', 4, 0, 0, ''),
(115, 24, 1051, '<p><span style="font-weight: bold; text-decoration: underline;">Spares for "DARLING" DREDER Pumps</span></p><p>Model&nbsp;&nbsp;&nbsp;&nbsp;&nbsp;&nbsp;&nbsp;&nbsp;&nbsp;&nbsp;&nbsp;&nbsp;&nbsp; &nbsp; :&nbsp;&nbsp;&nbsp;&nbsp;&nbsp;&nbsp;&nbsp;&nbsp;&nbsp;&nbsp;&nbsp;&nbsp;&nbsp; &nbsp; 4 DRR 40J/32</p><p><span style="font-weight: bold;">Item code&nbsp;&nbsp;&nbsp;&nbsp;&nbsp;&nbsp; &nbsp; &nbsp;&nbsp;&nbsp;&nbsp;Part No.&nbsp;&nbsp;&nbsp;&nbsp;&nbsp;&nbsp;&nbsp;&nbsp;&nbsp;&nbsp;&nbsp;&nbsp;&nbsp; &nbsp; Description</span></p><p>1511080002&nbsp;&nbsp;&nbsp;&nbsp;&nbsp; &nbsp; &nbsp;&nbsp;&nbsp;&nbsp;02&nbsp;&nbsp;&nbsp;&nbsp;&nbsp;&nbsp;&nbsp;&nbsp;&nbsp;&nbsp;&nbsp;&nbsp;&nbsp;&nbsp;&nbsp;&nbsp;&nbsp;&nbsp;&nbsp;&nbsp;&nbsp;&nbsp;&nbsp;&nbsp;&nbsp;&nbsp;&nbsp;&nbsp;&nbsp;&nbsp;&nbsp;&nbsp;&nbsp; &nbsp; Bottom End Shield</p>', 1, '39270.00', '39270.00', 'No', 2, 0, 1, ''),
(116, 24, 1052, '<p>1511080003&nbsp;&nbsp;&nbsp;&nbsp;&nbsp;&nbsp;&nbsp;&nbsp;&nbsp; &nbsp; 03&nbsp;&nbsp;&nbsp;&nbsp;&nbsp;&nbsp;&nbsp;&nbsp;&nbsp;&nbsp;&nbsp;&nbsp;&nbsp;&nbsp;&nbsp;&nbsp;&nbsp;&nbsp;&nbsp;&nbsp;&nbsp;&nbsp;&nbsp;&nbsp;&nbsp;&nbsp;&nbsp;&nbsp;&nbsp;&nbsp;&nbsp;&nbsp;&nbsp; &nbsp; Top End Shield</p>', 1, '31345.00', '31345.00', 'No', 2, 0, 1, ''),
(117, 24, 1053, '<p>1511080004&nbsp;&nbsp;&nbsp;&nbsp;&nbsp;&nbsp;&nbsp;&nbsp;&nbsp; &nbsp; 04&nbsp;&nbsp;&nbsp;&nbsp;&nbsp;&nbsp;&nbsp;&nbsp;&nbsp;&nbsp;&nbsp;&nbsp;&nbsp;&nbsp;&nbsp;&nbsp;&nbsp;&nbsp;&nbsp;&nbsp;&nbsp;&nbsp;&nbsp;&nbsp;&nbsp;&nbsp;&nbsp;&nbsp;&nbsp;&nbsp;&nbsp;&nbsp;&nbsp; &nbsp; Suction Stand</p>', 1, '46217.00', '46217.00', 'No', 2, 0, 1, ''),
(118, 24, 1054, '<p>1511080005&nbsp;&nbsp;&nbsp;&nbsp;&nbsp;&nbsp;&nbsp;&nbsp;&nbsp; &nbsp; 06&nbsp;&nbsp;&nbsp;&nbsp;&nbsp;&nbsp;&nbsp;&nbsp;&nbsp;&nbsp;&nbsp;&nbsp;&nbsp;&nbsp;&nbsp;&nbsp;&nbsp;&nbsp;&nbsp;&nbsp;&nbsp;&nbsp;&nbsp;&nbsp;&nbsp;&nbsp;&nbsp;&nbsp;&nbsp;&nbsp;&nbsp;&nbsp;&nbsp; &nbsp; Casing Cover Plate&nbsp;&nbsp;&nbsp;&nbsp;&nbsp;&nbsp;&nbsp;&nbsp;&nbsp;&nbsp;&nbsp;&nbsp;&nbsp;&nbsp;&nbsp;&nbsp;</p>', 1, '12393.00', '12393.00', 'No', 2, 0, 1, ''),
(119, 24, 1055, '<p>1511080006&nbsp;&nbsp;&nbsp;&nbsp;&nbsp;&nbsp;&nbsp;&nbsp;&nbsp;&nbsp;&nbsp;&nbsp;&nbsp;&nbsp;&nbsp;&nbsp;&nbsp;&nbsp;&nbsp;&nbsp;&nbsp;&nbsp;&nbsp;&nbsp;&nbsp;&nbsp;&nbsp;&nbsp;&nbsp;&nbsp;&nbsp;&nbsp;&nbsp;&nbsp;&nbsp;&nbsp;&nbsp;&nbsp;&nbsp;&nbsp;&nbsp;&nbsp;&nbsp;&nbsp;&nbsp;&nbsp;&nbsp;&nbsp;&nbsp; &nbsp; Spacer SS410</p>', 2, '7842.00', '15684.00', 'No', 2, 0, 2, ''),
(120, 24, 1056, '<p>1511080007&nbsp;&nbsp;&nbsp;&nbsp;&nbsp;&nbsp;&nbsp;&nbsp;&nbsp;&nbsp;&nbsp;&nbsp;&nbsp; &nbsp; 07&nbsp;&nbsp;&nbsp;&nbsp;&nbsp;&nbsp;&nbsp;&nbsp;&nbsp;&nbsp;&nbsp;&nbsp;&nbsp;&nbsp;&nbsp;&nbsp;&nbsp;&nbsp;&nbsp;&nbsp;&nbsp;&nbsp;&nbsp;&nbsp;&nbsp; &nbsp; Adjusting Plate</p>', 1, '10093.00', '10093.00', 'No', 2, 0, 1, ''),
(121, 24, 1057, '<p>1511080008&nbsp;&nbsp;&nbsp;&nbsp;&nbsp;&nbsp;&nbsp;&nbsp;&nbsp; &nbsp; 08&nbsp;&nbsp;&nbsp;&nbsp;&nbsp;&nbsp;&nbsp;&nbsp;&nbsp;&nbsp;&nbsp;&nbsp;&nbsp;&nbsp;&nbsp;&nbsp;&nbsp;&nbsp;&nbsp;&nbsp;&nbsp;&nbsp;&nbsp;&nbsp;&nbsp; &nbsp; Impeller</p>', 1, '198155.00', '198155.00', 'No', 2, 0, 1, ''),
(122, 24, 1058, '<p>1511080009&nbsp;&nbsp;&nbsp;&nbsp;&nbsp;&nbsp;&nbsp;&nbsp;&nbsp; &nbsp; 10&nbsp;&nbsp;&nbsp;&nbsp;&nbsp;&nbsp;&nbsp;&nbsp;&nbsp;&nbsp;&nbsp;&nbsp;&nbsp;&nbsp;&nbsp;&nbsp;&nbsp; &nbsp; Cable Gland</p>', 1, '1438.00', '1438.00', 'No', 2, 0, 1, ''),
(123, 24, 1059, '<p>1511080010&nbsp;&nbsp;&nbsp;&nbsp;&nbsp;&nbsp;&nbsp;&nbsp;&nbsp; &nbsp; 11&nbsp;&nbsp;&nbsp;&nbsp;&nbsp;&nbsp;&nbsp;&nbsp;&nbsp;&nbsp;&nbsp;&nbsp;&nbsp;&nbsp;&nbsp;&nbsp;&nbsp; &nbsp; Neckring for Impeller</p>', 1, '10408.00', '10408.00', 'No', 2, 0, 1, ''),
(124, 24, 1060, '<p>1511080011&nbsp;&nbsp;&nbsp;&nbsp;&nbsp; &nbsp; 11A&nbsp;&nbsp;&nbsp;&nbsp;&nbsp;&nbsp;&nbsp;&nbsp;&nbsp; &nbsp; Bearing Cover</p>', 1, '1873.00', '1873.00', 'No', 2, 0, 1, ''),
(125, 24, 1061, '<p>1511080012&nbsp;&nbsp;&nbsp;&nbsp;&nbsp;&nbsp;&nbsp;&nbsp;&nbsp;&nbsp;&nbsp;&nbsp;&nbsp; &nbsp; 12/22&nbsp;&nbsp;&nbsp;&nbsp;&nbsp;&nbsp;&nbsp;&nbsp;&nbsp; &nbsp; Rotor Fited Shaft</p>', 1, '184485.00', '184485.00', 'No', 2, 0, 1, ''),
(126, 24, 1062, '<p>1511080013&nbsp;&nbsp;&nbsp;&nbsp;&nbsp;&nbsp;&nbsp;&nbsp;&nbsp; &nbsp; 12A&nbsp;&nbsp;&nbsp;&nbsp;&nbsp;&nbsp;&nbsp;&nbsp;&nbsp;&nbsp;&nbsp;&nbsp;&nbsp; &nbsp; Spacer for Agitator</p>', 4, '8492.00', '33968.00', 'No', 2, 0, 4, ''),
(127, 24, 1063, '<p>1511080014&nbsp;&nbsp;&nbsp;&nbsp;&nbsp;&nbsp;&nbsp;&nbsp;&nbsp;&nbsp;&nbsp;&nbsp;&nbsp; &nbsp; 13&nbsp;&nbsp;&nbsp;&nbsp;&nbsp;&nbsp;&nbsp;&nbsp;&nbsp;&nbsp;&nbsp;&nbsp;&nbsp;&nbsp;&nbsp;&nbsp;&nbsp; &nbsp; Key for Imepller &amp; Agitator</p>', 4, '210.00', '840.00', 'No', 2, 0, 4, ''),
(128, 24, 1064, '<p>1511080015&nbsp;&nbsp;&nbsp;&nbsp;&nbsp;&nbsp;&nbsp;&nbsp;&nbsp; &nbsp; 14&nbsp;&nbsp;&nbsp;&nbsp;&nbsp;&nbsp;&nbsp;&nbsp;&nbsp;&nbsp;&nbsp;&nbsp;&nbsp;&nbsp;&nbsp;&nbsp;&nbsp; &nbsp; Mechanical Seal for Pump<br></p>', 1, '40084.00', '40084.00', 'No', 2, 0, 1, ''),
(129, 24, 1065, '<p>1511080016&nbsp;&nbsp;&nbsp;&nbsp;&nbsp;&nbsp;&nbsp;&nbsp;&nbsp; &nbsp; 15&nbsp;&nbsp;&nbsp;&nbsp;&nbsp;&nbsp;&nbsp;&nbsp;&nbsp;&nbsp;&nbsp;&nbsp;&nbsp; &nbsp; Mechanical Seal for Motor<br></p>', 1, '24176.00', '24176.00', 'No', 2, 0, 1, ''),
(130, 24, 1066, '<p>1511080017&nbsp;&nbsp;&nbsp;&nbsp;&nbsp;&nbsp;&nbsp;&nbsp;&nbsp; &nbsp; 18&nbsp;&nbsp;&nbsp;&nbsp;&nbsp;&nbsp;&nbsp;&nbsp;&nbsp;&nbsp;&nbsp;&nbsp;&nbsp;&nbsp;&nbsp;&nbsp;&nbsp; &nbsp;Lock Nut for Agitator&nbsp;<br></p>', 4, '1203.00', '4812.00', 'No', 2, 0, 4, ''),
(131, 24, 1067, '<p>1511080018&nbsp;&nbsp;&nbsp;&nbsp;&nbsp;&nbsp;&nbsp;&nbsp;&nbsp; &nbsp; 23A&nbsp;&nbsp;&nbsp;&nbsp;&nbsp;&nbsp;&nbsp;&nbsp;&nbsp; &nbsp; Thermostat 80 Deg C<br></p>', 2, '1120.00', '2240.00', 'No', 2, 0, 2, ''),
(132, 24, 1068, '<p>1511080019&nbsp;&nbsp;&nbsp;&nbsp;&nbsp;&nbsp;&nbsp;&nbsp;&nbsp;&nbsp;&nbsp;&nbsp;&nbsp; &nbsp; 24 &amp; 24A&nbsp;&nbsp;&nbsp;&nbsp;&nbsp;&nbsp;&nbsp;&nbsp;&nbsp; &nbsp; Rubber Grommet<br></p>', 2, '315.00', '630.00', 'No', 2, 0, 2, ''),
(133, 24, 1069, '<p>1511080020&nbsp;&nbsp;&nbsp;&nbsp;&nbsp;&nbsp;&nbsp;&nbsp;&nbsp; &nbsp; 41 &amp; 26,27&nbsp;&nbsp;&nbsp;&nbsp;&nbsp;&nbsp;&nbsp;&nbsp;&nbsp; &nbsp; Gasket @ O Ring Set<br></p>', 2, '5321.00', '10642.00', 'No', 2, 0, 2, ''),
(134, 24, 1070, '<p>1511080021&nbsp;&nbsp;&nbsp;&nbsp;&nbsp;&nbsp;&nbsp;&nbsp;&nbsp; &nbsp; 27A&nbsp;&nbsp;&nbsp;&nbsp;&nbsp;&nbsp;&nbsp;&nbsp;&nbsp;&nbsp;&nbsp;&nbsp;&nbsp;&nbsp;&nbsp;&nbsp;&nbsp; &nbsp; Probe for Moisture Sensor<br></p>', 2, '525.00', '1050.00', 'No', 2, 0, 2, ''),
(135, 24, 1071, '<p>1511080022&nbsp;&nbsp;&nbsp;&nbsp;&nbsp;&nbsp;&nbsp;&nbsp;&nbsp; &nbsp; 28&nbsp;&nbsp;&nbsp;&nbsp;&nbsp;&nbsp;&nbsp;&nbsp;&nbsp;&nbsp;&nbsp;&nbsp;&nbsp; &nbsp; Oil Plug<br></p>', 4, '325.00', '1300.00', 'No', 2, 0, 4, ''),
(136, 24, 1072, '<p>1511080023&nbsp;&nbsp;&nbsp;&nbsp;&nbsp; &nbsp; 31&nbsp;&nbsp;&nbsp;&nbsp;&nbsp;&nbsp;&nbsp;&nbsp;&nbsp;&nbsp;&nbsp;&nbsp;&nbsp; &nbsp;Eye Bolt<br></p>', 2, '735.00', '1470.00', 'No', 2, 0, 2, ''),
(137, 24, 1073, '<p>1511080025&nbsp;&nbsp;&nbsp;&nbsp;&nbsp;&nbsp;&nbsp;&nbsp;&nbsp;&nbsp;&nbsp;&nbsp;&nbsp; &nbsp; 40&nbsp;&nbsp;&nbsp;&nbsp;&nbsp;&nbsp;&nbsp;&nbsp;&nbsp; &nbsp;Agitator&nbsp;&nbsp;&nbsp;&nbsp;&nbsp;<br></p>', 1, '40928.00', '40928.00', 'No', 2, 0, 1, ''),
(138, 24, 1074, '<p>1511080025&nbsp;&nbsp;&nbsp;&nbsp;&nbsp;&nbsp;&nbsp;&nbsp;&nbsp;&nbsp;&nbsp;&nbsp;&nbsp;&nbsp;&nbsp;&nbsp;&nbsp;&nbsp;&nbsp;&nbsp;&nbsp;&nbsp;&nbsp;&nbsp;&nbsp;&nbsp;&nbsp;&nbsp;&nbsp;&nbsp;&nbsp;&nbsp;&nbsp; &nbsp;Control Panel&nbsp;<br></p>', 2, '80450.00', '160900.00', 'No', 2, 0, 2, ''),
(140, 31, 1142, '<p><span style="font-weight: bold;">Your Item code: MSANTP8144</span><span style="font-weight: bold; line-height: 1.42857143;">&nbsp;</span></p><p><span style="font-weight: bold;"><br></span></p><p><span style="font-weight: bold; text-decoration: underline;">Spares for "ANTICO" Pump</span></p><p>Name of Spare : &nbsp; &nbsp;Shaft </p><p>&nbsp; &nbsp; &nbsp; &nbsp; &nbsp; &nbsp; &nbsp; &nbsp; &nbsp; &nbsp; &nbsp; &nbsp; &nbsp; &nbsp; &nbsp; For Antico Pump HE 100 CT</p><p>Part No. &nbsp; &nbsp; &nbsp; &nbsp; &nbsp; : &nbsp; &nbsp;752410001</p>', 2, '1221.00', '2442.00', 'No', 1, 0, 0, 'Manufactured'),
(141, 30, 953, '<p>Your item code&nbsp;&nbsp; &nbsp; :&nbsp;&nbsp;&nbsp;&nbsp;&nbsp; &nbsp; 766141775030</p><p><span style="font-weight: bold; text-decoration: underline;">Spares for "JOHNSON" Pump</span></p><p><span style="line-height: 1.42857143;">Name of Spares&nbsp;</span><span style="line-height: 1.42857143;">&nbsp;&nbsp;&nbsp;&nbsp;</span><span style="line-height: 1.42857143;">&nbsp;&nbsp;&nbsp;&nbsp;</span><span style="line-height: 1.42857143;">&nbsp; &nbsp; :</span><span style="line-height: 1.42857143;">&nbsp;&nbsp;&nbsp;&nbsp;</span><span style="line-height: 1.42857143;">&nbsp;&nbsp;&nbsp;&nbsp;</span><span style="line-height: 1.42857143;">&nbsp;&nbsp;&nbsp;&nbsp;</span><span style="line-height: 1.42857143;">&nbsp; &nbsp; Shaft Sleeve</span></p><p>&nbsp;&nbsp;&nbsp;&nbsp;&nbsp;&nbsp;&nbsp;&nbsp;&nbsp;&nbsp;&nbsp;&nbsp;&nbsp;&nbsp;&nbsp;&nbsp;&nbsp;&nbsp;&nbsp;&nbsp;&nbsp;&nbsp;&nbsp;&nbsp;&nbsp;&nbsp;&nbsp;&nbsp;&nbsp;&nbsp;&nbsp;&nbsp;&nbsp;&nbsp;&nbsp;&nbsp;&nbsp;&nbsp;&nbsp;&nbsp;&nbsp;&nbsp;&nbsp;&nbsp;&nbsp;&nbsp;&nbsp;&nbsp;&nbsp;&nbsp;&nbsp;&nbsp;&nbsp;&nbsp;&nbsp;&nbsp;&nbsp;&nbsp;&nbsp;&nbsp;&nbsp;For Pump Model CCR 50-200 R6 S2 L6 &nbsp;&nbsp;<span style="line-height: 1.42857143;"><br></span><span style="line-height: 1.42857143;">Part No.&nbsp;&nbsp;&nbsp;&nbsp;&nbsp;&nbsp;&nbsp;&nbsp;&nbsp;&nbsp;&nbsp;&nbsp;&nbsp;&nbsp;&nbsp;&nbsp;&nbsp;&nbsp;&nbsp;&nbsp;&nbsp;&nbsp;&nbsp;&nbsp;&nbsp; &nbsp;: &nbsp; &nbsp; &nbsp; &nbsp; &nbsp; &nbsp; &nbsp; &nbsp; 1100 &nbsp; &nbsp; &nbsp; &nbsp;&nbsp;&nbsp; &nbsp;</span></p><p>&nbsp;&nbsp;&nbsp;&nbsp;&nbsp;&nbsp;&nbsp;&nbsp;&nbsp;&nbsp;&nbsp;&nbsp;&nbsp;&nbsp;&nbsp;&nbsp;&nbsp;&nbsp;&nbsp;&nbsp;&nbsp;&nbsp;&nbsp;&nbsp;&nbsp;&nbsp;&nbsp;&nbsp;&nbsp;&nbsp;&nbsp;&nbsp;&nbsp;&nbsp;&nbsp;&nbsp;&nbsp;&nbsp;&nbsp;&nbsp;&nbsp;&nbsp;&nbsp;&nbsp;&nbsp;&nbsp;&nbsp;&nbsp;&nbsp;&nbsp;&nbsp;&nbsp;&nbsp;&nbsp;&nbsp;&nbsp;&nbsp;&nbsp;&nbsp;&nbsp;<span style="line-height: 1.42857143;"><br></span>&nbsp;&nbsp;&nbsp;&nbsp;&nbsp;&nbsp;&nbsp;&nbsp;&nbsp;&nbsp;&nbsp;&nbsp;&nbsp;&nbsp;&nbsp;&nbsp;&nbsp;&nbsp;</p><p><span style="line-height: 1.42857143;"><br></span></p><p><span style="line-height: 1.42857143;"><br></span></p><p><span style="line-height: 1.42857143;"><br></span></p><p><span style="line-height: 1.42857143;"><br></span></p><p><span style="line-height: 1.42857143;"><br></span></p><p><span style="line-height: 1.42857143;"><br></span></p>', 2, '3250.00', '6500.00', 'No', 2, 0, 2, ''),
(142, 23, 976, '<p>Your item code&nbsp;&nbsp;&nbsp;&nbsp;&nbsp;&nbsp;&nbsp;&nbsp;&nbsp;&nbsp;&nbsp;&nbsp;&nbsp; &nbsp;: &nbsp; &nbsp; &nbsp; &nbsp; &nbsp; &nbsp; &nbsp; &nbsp; &nbsp; &nbsp;CMM009908</p><p><span style="font-weight: bold; text-decoration: underline;">"JOHNSON" Gear Pump</span>&nbsp;</p><p>Model&nbsp;&nbsp;&nbsp;&nbsp;&nbsp;&nbsp;&nbsp;&nbsp;&nbsp;&nbsp;&nbsp;&nbsp;&nbsp;&nbsp;&nbsp;&nbsp;&nbsp;&nbsp;&nbsp;&nbsp;&nbsp; &nbsp;:TGL 047 2 V</p><p>Recom Power &nbsp; &nbsp; &nbsp; &nbsp; : w/1440 RPM</p><p>Sr. No. &nbsp; &nbsp; &nbsp; &nbsp; &nbsp; &nbsp; &nbsp; &nbsp; &nbsp; &nbsp; &nbsp;: C111639001</p><p></p><p></p><p></p>', 1, '26500.00', '26500.00', 'No', 1, 0, 1, ''),
(143, 5, 903, '<p>Your item code&nbsp; &nbsp; :&nbsp; &nbsp; 1000004583</p><p>Part No.&nbsp;&nbsp;&nbsp;&nbsp;&nbsp;&nbsp;&nbsp;&nbsp;&nbsp;&nbsp;&nbsp;&nbsp;&nbsp; &nbsp; :&nbsp; &nbsp; 1036314</p><p><span style="font-weight: bold; text-decoration: underline;">"ANTICO" Chemical Process Pump Set</span></p><p>Model : &nbsp;NZRP 25 160 (Impeller Dia-170 mm)</p><p>Head : 40 Mtrs.</p><p>Flow &nbsp;:1 00 LPM</p><p>Sealing : Mechanical Seal</p><p>Suc*Dis. : &nbsp;40*25 mm</p><p>with "BBL" 5 HP/2900 RPM Motor, Coupling, Coupling Guard, Fasteners dully assembled on MS BasrFrame</p><p>Pump Sr. No. : &nbsp;NZRPTB17033010</p><p>Motor : N1628962</p>', 1, '44700.00', '44700.00', 'Yes', 1, 160, 1, 'Manufactured'),
(144, 14, 927, '<p><span style="font-weight: bold; text-decoration: underline;">"JOHNSON" Pump Sets</span></p><p>Model : CCR 32 160 R6A M2 L6</p><p>Capacity : 12 m3/hr</p><p>Head : 24 Mtrs.</p><p>Sealing : Mechanical Seal</p><p>with "REMI" 5 HP/2900 RPM Motor, Coupling L-95, Coupling Guard, Fasteners dully assembled on MS Baseframe</p><p>Pump Sr. No.:&nbsp;B111272034</p><p>Motor SR. No.: 16/12/1999</p>', 2, '99000.00', '198000.00', 'No', 2, 0, 1, 'Manufactured'),
(145, 19, 881, '<p>Your item code&nbsp;&nbsp;&nbsp;&nbsp;&nbsp;&nbsp;&nbsp;&nbsp;&nbsp; &nbsp; :&nbsp;&nbsp;&nbsp;&nbsp;&nbsp;&nbsp;&nbsp;&nbsp;&nbsp; &nbsp; FILTELEM1177</p><p><span style="font-weight: bold; text-decoration: underline;">"MECHFILL" Basket Type Filter Element</span></p><p>Model&nbsp;&nbsp;&nbsp;&nbsp;&nbsp;&nbsp;&nbsp;&nbsp;&nbsp;&nbsp;&nbsp;&nbsp;&nbsp; &nbsp; :&nbsp;&nbsp;&nbsp;&nbsp;&nbsp;&nbsp;&nbsp;&nbsp;&nbsp;&nbsp;&nbsp;&nbsp;&nbsp; &nbsp; Filter Element</p><p>Micron&nbsp;&nbsp;&nbsp;&nbsp;&nbsp;&nbsp;&nbsp;&nbsp;&nbsp;&nbsp;&nbsp;&nbsp;&nbsp; :&nbsp;&nbsp;&nbsp;&nbsp;&nbsp;&nbsp;&nbsp;&nbsp;&nbsp;&nbsp;&nbsp;&nbsp;&nbsp; &nbsp; 80 Micron</p>', 4, '3450.00', '13800.00', 'No', 1, 100, 4, ''),
(148, 20, 923, '<p>Your item code&nbsp;&nbsp;&nbsp;&nbsp;&nbsp;&nbsp;&nbsp;&nbsp;&nbsp; &nbsp; :&nbsp;&nbsp;&nbsp;&nbsp;&nbsp;&nbsp;&nbsp;&nbsp;&nbsp;&nbsp;&nbsp;&nbsp;&nbsp; &nbsp; PUMPOILS0017</p><p><span style="font-weight: bold; text-decoration: underline;">"TUSHACO" Gear Pump Sets</span></p><p>Model&nbsp;&nbsp;&nbsp;&nbsp;&nbsp;&nbsp;&nbsp;&nbsp;&nbsp; &nbsp; :&nbsp;&nbsp;&nbsp;&nbsp;&nbsp;&nbsp;&nbsp;&nbsp;&nbsp;&nbsp;&nbsp;&nbsp;&nbsp; &nbsp; RT 40</p><p>Capacity&nbsp;&nbsp;&nbsp;&nbsp;&nbsp; &nbsp; :&nbsp;&nbsp;&nbsp;&nbsp;&nbsp;&nbsp;&nbsp;&nbsp;&nbsp;&nbsp;&nbsp;&nbsp;&nbsp; &nbsp; 40 LPM</p><p>Head&nbsp;&nbsp;&nbsp;&nbsp;&nbsp;&nbsp;&nbsp;&nbsp;&nbsp;&nbsp;&nbsp;&nbsp;&nbsp; &nbsp;:&nbsp;&nbsp;&nbsp;&nbsp;&nbsp;&nbsp;&nbsp;&nbsp;&nbsp;&nbsp;&nbsp;&nbsp;&nbsp; &nbsp; 8 Kg/cm2</p><p>with "CGL" 1 HP/1500 RPM Motor, Coupling L-70, Coupling Guard, Fasteners Dully assembled on MS Baseframe</p><p>Pump Sr. No,&nbsp; &nbsp; :&nbsp;&nbsp;&nbsp;&nbsp;&nbsp;&nbsp;&nbsp;&nbsp;&nbsp; &nbsp; 1594996/2771, 2769</p><p>Motor Sr. No.&nbsp; &nbsp; :&nbsp;&nbsp;&nbsp;&nbsp;&nbsp;&nbsp;&nbsp;&nbsp;&nbsp; &nbsp; PGH-43216, 43244</p>', 2, '17750.00', '35500.00', 'Yes', 1, 0, 2, 'Manufactured'),
(149, 18, 767, '<p><span style="font-weight: bold;">Your item code&nbsp;&nbsp;&nbsp;&nbsp;&nbsp;&nbsp;&nbsp;&nbsp;&nbsp; &nbsp; :&nbsp;&nbsp;&nbsp;&nbsp;&nbsp;&nbsp;&nbsp;&nbsp;&nbsp; &nbsp; RMPII00033966</span></p><p><span style="font-weight: bold; text-decoration: underline;">Spares for "JOHNSON" Pump</span></p><p>Name of Spares&nbsp;&nbsp;&nbsp;&nbsp;&nbsp;&nbsp;&nbsp;&nbsp;&nbsp; &nbsp; :&nbsp;&nbsp;&nbsp;&nbsp;&nbsp;&nbsp;&nbsp;&nbsp;&nbsp;&nbsp;&nbsp;&nbsp;&nbsp; &nbsp; Shaft</p><p>&nbsp;&nbsp;&nbsp;&nbsp;&nbsp;&nbsp;&nbsp;&nbsp;&nbsp;&nbsp;&nbsp;&nbsp;&nbsp;&nbsp;&nbsp;&nbsp;&nbsp;&nbsp;&nbsp;&nbsp;&nbsp;&nbsp;&nbsp;&nbsp;&nbsp;&nbsp;&nbsp;&nbsp;&nbsp;&nbsp;&nbsp;&nbsp;&nbsp;&nbsp;&nbsp;&nbsp;&nbsp;&nbsp;&nbsp;&nbsp;&nbsp;&nbsp;&nbsp;&nbsp;&nbsp;&nbsp;&nbsp;&nbsp;&nbsp;&nbsp;&nbsp;&nbsp;&nbsp;&nbsp;&nbsp;&nbsp;&nbsp; &nbsp; For Pump Model KGEN 11-4 G1<br></p>', 2, '704.00', '1408.00', 'No', 2, 0, 2, ''),
(151, 1, 930, '<p><span style="font-weight: bold; text-decoration: underline;">"JOHNSON" Pump Set</span></p><p>Pump Model : CCR 40 160</p><p>Head: 30 Meters</p><p>Flow: 30 M3/Hr</p><p><span style="line-height: 1.42857143;">Sealing: Gland Packing</span><br></p><p><span style="line-height: 1.42857143;">Power: 7.5 HP/2900 RPM</span><br></p><p><span style="line-height: 1.42857143;">Suc*Dis Size: 50 x 32 MM / P H : 7</span><br></p><p><span style="line-height: 1.42857143;">Price for pump with REMI / BBL Make STD. Foot mounted motor, 7.5 HP/2900 rpm</span><br></p><p>&nbsp;Coupling L-95, Coupling Guard MS Base Frame</p><p>Pump Sr. No.: Z111241009</p><p>Motor Sr. No. : 16/07/D/1584</p><p><br></p><p><br></p><p><br></p><p><br></p><p><br></p><p><br></p><p><br></p><p><br></p><p><br></p><p><br></p>', 2, '58500.00', '117000.00', 'Yes', 2, 0, 1, ''),
(152, 32, 645, '<p>Your item code : A0703126776</p><p><span style="font-weight: bold; text-decoration: underline;">"DARLING" Submersible Pump Set</span></p><p>Model&nbsp; &nbsp; :&nbsp; &nbsp; WW 101</p><p>Sr. No.:&nbsp; &nbsp; :&nbsp; &nbsp;WD-160569</p><p>with 5 Mtrs. Cable &amp; Control Penal</p>', 1, '31100.00', '31100.00', 'No', 2, 0, 1, ''),
(153, 15, 951, '<p><span style="font-weight: bold; text-decoration: underline;">Spares for "JOHNSON" Pump</span>&nbsp;</p><p>Model&nbsp;&nbsp;&nbsp;&nbsp;&nbsp; &nbsp; :&nbsp;&nbsp;&nbsp;&nbsp;&nbsp; &nbsp; CCR 50-200 R6A S2 L6</p><p><span style="font-weight: bold;">Item code&nbsp;&nbsp;&nbsp;&nbsp;&nbsp;&nbsp;&nbsp;&nbsp;&nbsp; &nbsp; Part No.&nbsp;&nbsp;&nbsp;&nbsp;&nbsp;&nbsp;&nbsp;&nbsp;&nbsp; &nbsp; Description</span></p><p>766141589020&nbsp;&nbsp;&nbsp;&nbsp;&nbsp;&nbsp;&nbsp;&nbsp;&nbsp; &nbsp; 2650&nbsp;&nbsp;&nbsp;&nbsp;&nbsp;&nbsp;&nbsp;&nbsp;&nbsp; &nbsp; Lock Nut&nbsp; &nbsp;&nbsp;&nbsp;&nbsp;&nbsp;&nbsp;</p>', 2, '227.50', '455.00', 'No', 2, 0, 2, ''),
(154, 15, 953, '<p>766141775030&nbsp;&nbsp;&nbsp;&nbsp;&nbsp;&nbsp;&nbsp;&nbsp;&nbsp; &nbsp; 1100&nbsp;&nbsp;&nbsp;&nbsp;&nbsp;&nbsp;&nbsp;&nbsp;&nbsp; &nbsp; Shaft Sleeve&nbsp;&nbsp;&nbsp;&nbsp;&nbsp;&nbsp;&nbsp;&nbsp;&nbsp;&nbsp;&nbsp;&nbsp;</p>', 2, '3250.00', '6500.00', 'No', 2, 0, 2, ''),
(155, 15, 1159, '', 1, '98000.00', '98000.00', 'Yes', 2, 0, 1, ''),
(156, 2, 0, '', 0, '0.00', '0.00', '', 0, 0, 0, ''),
(157, 13, 941, '<p>Your item code&nbsp; &nbsp; :&nbsp; &nbsp; 766168027010</p><p><span style="font-weight: bold; text-decoration: underline;">"JOHNSON" Centrifugal Pump Set</span></p><p>Model&nbsp;&nbsp;&nbsp;&nbsp;&nbsp; &nbsp; :&nbsp;&nbsp;&nbsp;&nbsp;&nbsp; &nbsp; CCR 125-315 R1A S2 L3 (Impeller Dia-284 mm)</p><p>Head&nbsp;&nbsp;&nbsp;&nbsp;&nbsp;&nbsp;&nbsp;&nbsp;&nbsp; :&nbsp;&nbsp;&nbsp;&nbsp;&nbsp; &nbsp; 20 Mtrs.</p><p>Flow&nbsp;&nbsp;&nbsp;&nbsp;&nbsp;&nbsp;&nbsp;&nbsp;&nbsp; &nbsp; :&nbsp;&nbsp;&nbsp;&nbsp;&nbsp; &nbsp; 225 m3/hr</p><p>Recomd Power&nbsp;&nbsp;&nbsp;&nbsp;&nbsp; &nbsp; :&nbsp;&nbsp;&nbsp;&nbsp;&nbsp; &nbsp; 30 HP/1500 RPM</p><p>with MS Base Frame, Coupling T7C1PB, Fasteners etc.</p><p>Pump Sr. No.&nbsp;&nbsp;&nbsp;&nbsp;&nbsp;&nbsp; &nbsp;&nbsp;&nbsp;&nbsp;&nbsp; : &nbsp; &nbsp;C111627001</p>', 1, '90250.00', '90250.00', 'Yes', 2, 150, 1, ''),
(159, 34, 755, '<p><span style="font-weight: bold; text-decoration: underline;">Spares for "JOHNSON" Pumps Model KGEN 11-3 &amp; 11-4</span></p><p><span style="font-weight: bold;">Part No.&nbsp;&nbsp;&nbsp;&nbsp;&nbsp;&nbsp;&nbsp;&nbsp;&nbsp; &nbsp; Description</span></p><p>PMCSL167&nbsp;&nbsp;&nbsp;&nbsp;&nbsp; &nbsp; &nbsp;&nbsp;&nbsp;&nbsp;Mechancial Seal</p>', 2, '1311.00', '2622.00', 'No', 2, 0, 2, ''),
(160, 34, 757, '<p>PPMPS256&nbsp;&nbsp;&nbsp;&nbsp;&nbsp; &nbsp; Suction Cover</p>', 1, '665.00', '665.00', 'No', 2, 0, 1, ''),
(161, 34, 752, '<p>PPMPS257&nbsp;&nbsp;&nbsp;&nbsp;&nbsp; &nbsp; Intermediate Cover</p>', 2, '845.50', '1691.00', 'No', 2, 0, 2, ''),
(162, 34, 770, '<p>PPMPS317&nbsp;&nbsp;&nbsp;&nbsp;&nbsp; &nbsp; Impeller</p>', 1, '617.50', '617.50', 'No', 2, 0, 1, ''),
(163, 34, 792, '<p>PPMPS352&nbsp;&nbsp;&nbsp;&nbsp;&nbsp; &nbsp; Suction Casing</p>', 1, '4818.40', '4818.40', 'No', 2, 0, 1, ''),
(164, 34, 767, '<p>PPMPS369/ 1050&nbsp;&nbsp;&nbsp;&nbsp;&nbsp; &nbsp; Pump Shaft</p>', 1, '845.50', '845.50', 'No', 2, 0, 1, 'Manufactured'),
(168, 35, 612, '<p><span style="font-weight: bold; text-decoration: underline;">Spares for "TUSHACO" Pumps</span></p><p><span style="font-weight: bold;">Item code&nbsp;&nbsp;&nbsp;&nbsp;&nbsp; &nbsp;&nbsp;&nbsp;&nbsp;&nbsp;&nbsp;&nbsp;&nbsp;&nbsp;&nbsp;&nbsp;&nbsp;&nbsp; &nbsp;Description&nbsp;&nbsp;&nbsp;&nbsp;&nbsp;&nbsp;&nbsp;&nbsp;&nbsp;&nbsp; &nbsp;&nbsp;&nbsp;&nbsp;&nbsp;&nbsp;&nbsp;&nbsp;&nbsp; Pump Model</span></p><p>PUMPSPARA544 &nbsp; &nbsp; &nbsp; &nbsp; &nbsp; &nbsp; &nbsp; &nbsp;Mechanical Seal&nbsp;&nbsp;&nbsp; &nbsp; &nbsp; &nbsp; &nbsp; &nbsp; &nbsp; &nbsp; &nbsp; &nbsp; &nbsp; &nbsp;T3ST 45/42</p>', 2, '8500.00', '17000.00', 'Yes', 4, 0, 0, ''),
(169, 35, 621, '<p>PUMPSPAR4545 &nbsp; &nbsp; &nbsp; &nbsp; &nbsp; &nbsp;Mechanical Seal&nbsp;&nbsp;&nbsp; &nbsp; &nbsp; &nbsp; &nbsp; &nbsp; &nbsp; &nbsp; &nbsp; &nbsp; &nbsp; &nbsp; &nbsp; T3SFP 20/56</p>', 1, '13250.00', '13250.00', 'Yes', 5, 0, 0, ''),
(170, 35, 612, '<p>PUMPSPAR4546&nbsp;&nbsp;&nbsp;&nbsp;&nbsp; &nbsp; Mechanical Seal&nbsp; &nbsp;&nbsp;&nbsp;&nbsp;&nbsp;&nbsp;&nbsp;&nbsp;&nbsp;&nbsp;&nbsp;&nbsp;&nbsp;&nbsp;&nbsp;&nbsp;&nbsp;&nbsp; &nbsp;&nbsp;&nbsp;&nbsp;&nbsp; T3ST 45/42</p>', 2, '8500.00', '17000.00', 'Yes', 4, 0, 0, ''),
(171, 36, 1189, '<p><span style="font-weight: bold; text-decoration: underline;">Spares for "JOHNSON" Pump</span></p><p>Name of Spares : Impeller</p><p>&nbsp;&nbsp;&nbsp;&nbsp;&nbsp;&nbsp;&nbsp;&nbsp;&nbsp;&nbsp;&nbsp;&nbsp;&nbsp;&nbsp;&nbsp;&nbsp;&nbsp;&nbsp;&nbsp;&nbsp;&nbsp;&nbsp;&nbsp;&nbsp;&nbsp;&nbsp;&nbsp;&nbsp;&nbsp;&nbsp;&nbsp;&nbsp;&nbsp; For Pump Model CCR 50-200 R6A S2 L6</p><p> </p><p><br></p><p><br></p><p><br></p><p><br></p><p><br></p><p><br></p><p><br></p><p><br></p><p><br></p><p><br></p><p><br></p><p><br></p><p><br></p><p><br></p><p>&nbsp;<br></p>', 2, '6500.00', '13000.00', 'No', 2, 0, 2, ''),
(172, 37, 645, '<p><span style="font-weight: bold; text-decoration: underline;">"DARLING" Submersible Pump</span></p><p>Model&nbsp; &nbsp; :&nbsp; &nbsp; WW 101</p><p>Recd. Power&nbsp; &nbsp; :&nbsp; &nbsp; 1 HP/2900 RPM</p><p>Sr. No.&nbsp;&nbsp;&nbsp;&nbsp;&nbsp;&nbsp;&nbsp;&nbsp;&nbsp;&nbsp;&nbsp;&nbsp;&nbsp; &nbsp; :&nbsp; &nbsp; WD 160569</p><p><br></p><p><br></p><p><br></p><p><br></p><p><br></p><p><br></p><p><br></p><p><br></p>', 1, '7500.00', '7500.00', 'No', 2, 0, 1, ''),
(173, 38, 988, '<p><span style="font-weight: bold; text-decoration: underline;">"JOHNSON" Centrifugal Pump Set</span></p><p>Model&nbsp; &nbsp; :&nbsp; &nbsp; CBR 25 125 R4</p><p>Capacity&nbsp; &nbsp; :&nbsp; &nbsp; 3 m3/hr</p><p>Head&nbsp; &nbsp; :&nbsp; &nbsp; 15 Mtrs.</p><p>Suc*dis.&nbsp; &nbsp; :&nbsp; &nbsp; 32*25 mm</p><p>Sealing&nbsp; &nbsp; :&nbsp; &nbsp; Mechanical Seal</p><p>Complete Moterised unit</p><p>Sr. No.&nbsp; &nbsp; :&nbsp; &nbsp; C111625002</p>', 1, '24500.00', '24500.00', 'No', 2, 0, 1, ''),
(174, 39, 637, '<p><br></p>', 2, '250000.00', '500000.00', 'No', 2, 0, 0, ''),
(176, 40, 803, '<p><p></p><span style="font-weight: bold; text-decoration: underline;">"JOHNSON" Pump Set</span></p><p>Model&nbsp;&nbsp;&nbsp;&nbsp;&nbsp;&nbsp; &nbsp; :&nbsp;&nbsp;&nbsp;&nbsp;&nbsp;&nbsp; &nbsp; KGEN 12 5 G1</p><p>Head&nbsp;&nbsp;&nbsp;&nbsp;&nbsp; &nbsp; :&nbsp;&nbsp;&nbsp;&nbsp;&nbsp; &nbsp; 19 Mtrs.</p><p>Flow&nbsp;&nbsp;&nbsp;&nbsp;&nbsp; &nbsp; :&nbsp;&nbsp;&nbsp;&nbsp;&nbsp; &nbsp; 30 m3/hr</p><p>Sealing&nbsp;&nbsp;&nbsp;&nbsp;&nbsp; &nbsp; :&nbsp;&nbsp;&nbsp;&nbsp;&nbsp; &nbsp;Mechanical Seal&nbsp;</p><p>with "BBL" IE3 3 HP/2900 Motor, Coupling L-95, Coupling Guard, Fasteners dully assembled on MS Baseframe</p><p>Pump Sr. No. :C111625002</p><p>Motor Sr. No. :&nbsp;N1719022<br><br><br><p></p></p>', 1, '16700.00', '16700.00', 'Yes', 2, 0, 1, ''),
(178, 42, 933, '<p><span style="font-weight: bold;">Your item code : 4000007378</span></p><p><span style="font-weight: bold; text-decoration: underline;">"POSITIVE" Dosing Pump</span></p><p>Model&nbsp; &nbsp; :&nbsp; &nbsp; DD 03</p><p>Flow&nbsp; &nbsp; :&nbsp; &nbsp; 16 LPH</p><p>Pressure&nbsp; &nbsp; :&nbsp; &nbsp; 2 kg/cm2</p><p><br></p><p><br></p><p><br></p><p><br></p><p><br></p><p><br></p>', 1, '41150.00', '41150.00', 'No', 1, 0, 1, ''),
(179, 43, 1112, '<p><span style="font-weight: bold;">Your item code : 530888 1000110592</span></p><p><span style="font-weight: bold; text-decoration: underline;">"JOHNSON" Centrifugal Pump Set</span></p><p>Model&nbsp; &nbsp; :&nbsp; &nbsp; CCR 25-160 R6 S2 L3</p><p>Head&nbsp; &nbsp; :&nbsp; &nbsp; 44 Mtrs.</p><p>Capacity&nbsp; &nbsp; :&nbsp; &nbsp; 3.7 m3/hr</p><p>Suc* Dis.&nbsp; &nbsp; :&nbsp; &nbsp; 25*25 mm</p><p>Sealing&nbsp;&nbsp; &nbsp; :&nbsp; &nbsp; Mechanical Seal</p><p>with "REMI" 5 HP/2900 RPM Motor, Coupling L-95, Coupling Guard, Fasteners dully assembled on MS Baseframe </p><p>Pump Sr. No.: C111659005</p><p>Motor Sr. No. : 17/03/D/1155</p><p><br></p><p><br></p><p><br></p><p>&nbsp;</p><p><br></p>', 1, '56800.00', '56800.00', 'Yes', 2, 0, 1, ''),
(180, 44, 1112, '<p><span style="font-weight: bold;">Your item code : 160000040</span></p><p><span style="font-weight: bold; text-decoration: underline;">"JOHNSON" Centrifugal Pump Set</span></p><p>Model&nbsp; &nbsp; :&nbsp; &nbsp; CCR 25 160 R6 M2 L3</p><p>Head&nbsp; &nbsp; :&nbsp; &nbsp; 40 Mtrs.</p><p>Capacity&nbsp; &nbsp; :&nbsp; &nbsp; 2.4 m3/hr</p><p>Sealing&nbsp; &nbsp; :&nbsp; &nbsp; Mechanical Seal</p><p>Suc* Dis.&nbsp; &nbsp; :&nbsp; &nbsp; 25*25 mm</p><p>with "BBL" 5 HP/2900 RPM Flame Proof Motor, Coupling L-95, Coupling Guard, Fasteners dully assembled on MS Baseframe&nbsp;</p><p>Pump Sr. No.: C111659006</p><p>Motor Sr. No: M1701163</p>', 1, '68575.00', '68575.00', 'No', 2, 0, 1, ''),
(181, 26, 1112, '<p>Your item code&nbsp;&nbsp;&nbsp;&nbsp;&nbsp; &nbsp; :&nbsp;&nbsp;&nbsp;&nbsp;&nbsp;&nbsp;&nbsp;&nbsp;&nbsp; &nbsp; 530888/1000110592</p><p><span style="font-weight: bold; text-decoration: underline;">"JOHNSON" Centrifugal Pump Sets</span></p><p>Model&nbsp;&nbsp;&nbsp;&nbsp;&nbsp;&nbsp;&nbsp;&nbsp;&nbsp;&nbsp;&nbsp;&nbsp;&nbsp; &nbsp; :&nbsp;&nbsp;&nbsp;&nbsp;&nbsp;&nbsp;&nbsp;&nbsp;&nbsp;&nbsp;&nbsp;&nbsp;&nbsp;&nbsp;&nbsp;&nbsp;&nbsp; &nbsp; CCR 25 160 R6 M2 L3</p><p>Capacity&nbsp;&nbsp;&nbsp;&nbsp;&nbsp;&nbsp;&nbsp;&nbsp;&nbsp; &nbsp; :&nbsp;&nbsp;&nbsp;&nbsp;&nbsp;&nbsp;&nbsp;&nbsp;&nbsp;&nbsp;&nbsp;&nbsp;&nbsp;&nbsp;&nbsp;&nbsp;&nbsp; &nbsp; 3.7 m3/hr</p><p>Head&nbsp;&nbsp;&nbsp;&nbsp;&nbsp;&nbsp;&nbsp;&nbsp;&nbsp;&nbsp;&nbsp;&nbsp;&nbsp;&nbsp;&nbsp;&nbsp;&nbsp; &nbsp; :&nbsp;&nbsp;&nbsp;&nbsp;&nbsp;&nbsp;&nbsp;&nbsp;&nbsp;&nbsp;&nbsp;&nbsp;&nbsp;&nbsp;&nbsp;&nbsp;&nbsp; &nbsp;44 mtrs.</p><p>Suc*dis.&nbsp;&nbsp;&nbsp;&nbsp;&nbsp;&nbsp;&nbsp;&nbsp;&nbsp;&nbsp;&nbsp;&nbsp;&nbsp; &nbsp; :&nbsp;&nbsp;&nbsp;&nbsp;&nbsp;&nbsp;&nbsp;&nbsp;&nbsp;&nbsp;&nbsp;&nbsp;&nbsp;&nbsp;&nbsp;&nbsp;&nbsp; &nbsp;25*25 mm</p><p>Sealing &nbsp;&nbsp;&nbsp;&nbsp;&nbsp;&nbsp;&nbsp;&nbsp;&nbsp;&nbsp;&nbsp;&nbsp;&nbsp; &nbsp; :&nbsp;&nbsp;&nbsp;&nbsp;&nbsp;&nbsp;&nbsp;&nbsp;&nbsp;&nbsp;&nbsp;&nbsp;&nbsp;&nbsp;&nbsp;&nbsp;&nbsp; &nbsp; Mechanical Seal</p><p>with "BBL" 5 HP/2900 RPM Motor, Coupling L-95, Coupling Guard, Fasteners dully assembled on MS Baseframe</p><p>Pump Sr. No.&nbsp;&nbsp;&nbsp;&nbsp;&nbsp; &nbsp;:</p><p>Motor Sr. No.&nbsp;&nbsp;&nbsp;&nbsp;&nbsp; &nbsp;:&nbsp;</p>', 1, '56800.00', '56800.00', 'Yes', 2, 0, 0, ''),
(182, 45, 1197, '<p><span style="font-weight: bold;">Your item code :&nbsp;MACHINERY</span></p><p><span style="font-weight: bold; text-decoration: underline;">"JOHNSON" Pump Sets</span></p><p>&nbsp;Model : CCR 32 125</p><p>Head : 25 Mtrs.</p><p>Flow : 20 m3/hr</p><p>Sealing : Gland Packing&nbsp;</p><p>with "BBL" IE3 5 HP/2900 RPM Motor, Coupling L-95,&nbsp;Coupling Guard, Fasteners, Control Penal, dully assembled&nbsp;&nbsp;on MS Baseframe</p><p>Pump Sr. No. :D111008001,&nbsp;D111008002</p><p>Motor Sr. No. :N1627290</p>', 2, '44400.00', '88800.00', 'Yes', 2, 0, 2, ''),
(183, 16, 963, '<p><span style="font-weight: bold; text-decoration: underline;">Spares for "JOHNSON" Pump</span>&nbsp;</p><p>Model&nbsp;&nbsp;&nbsp;&nbsp;&nbsp;&nbsp;&nbsp;&nbsp;&nbsp; &nbsp; :&nbsp;&nbsp;&nbsp;&nbsp;&nbsp;&nbsp;&nbsp;&nbsp;&nbsp; &nbsp; CN 25 160 G1 S2 L3</p><p><span style="font-weight: bold;">Item code&nbsp;&nbsp;&nbsp;&nbsp;&nbsp;&nbsp;&nbsp;&nbsp;&nbsp; &nbsp; Part No.&nbsp;&nbsp;&nbsp;&nbsp;&nbsp;&nbsp;&nbsp;&nbsp;&nbsp;&nbsp;&nbsp;&nbsp;&nbsp; &nbsp; Description</span></p><p>ENELOTHE0136&nbsp; &nbsp; 120&nbsp;&nbsp;&nbsp;&nbsp;&nbsp;&nbsp;&nbsp;&nbsp;&nbsp;&nbsp;&nbsp;&nbsp;&nbsp;&nbsp;&nbsp;&nbsp;&nbsp;&nbsp;&nbsp;&nbsp;&nbsp;&nbsp;&nbsp;&nbsp;&nbsp;&nbsp;&nbsp;&nbsp;&nbsp; &nbsp; Impeller</p>', 2, '6210.00', '12420.00', 'No', 2, 0, 2, ''),
(184, 46, 1204, '<p><span style="font-weight: bold; text-decoration: underline;">"JOHNSON" Pump Set</span></p><p>Model : CB 32 160 G1 S2 L3 (Impeller Dia-149 mm)</p><p>Head : 27 Mtrs.</p><p>Capacity : 200 LPM</p><p>Sealing : Mechanical Seal</p><p>with "BB" 3 HP/2900 RPM Flange Mounted Motor,</p><p>Pump Sr. No. : B111399018</p><p>Motor Sr. No. : U1701072</p>', 1, '26910.00', '26910.00', 'No', 2, 0, 1, ''),
(187, 48, 940, '<p>Item Code : PUMPOTHR0415</p><p>Pump Model : T 3 SFP 20 / 56&nbsp;</p><p>Capacity : 50 LPM</p><p>Bare Pump</p>', 1, '82000.00', '82000.00', 'Yes', 4, 0, 0, ''),
(188, 47, 1208, '<p><span style="font-weight: bold;">Your Item Code : 94009751</span></p><p><span style="font-weight: bold; text-decoration-line: underline;">"TUSHACO" Gear Pump Set</span></p><p>Pump Model : R 20 DG</p><p>Flow : 3 m3/hr</p><p>Head : 20 - 25 Mtrs</p><p>Sealing : Mechanical Seal</p><p>with "<span style="background-color: transparent;">BBL"&nbsp;</span><span style="background-color: transparent;">3 HP / 960 RPM Flame Proof &nbsp;Foot Mounted &nbsp;</span></p><p><span style="background-color: transparent;">Coupling ,</span><span style="background-color: transparent;">Coupling Guard , fasteners dully assembled on MS Baseframe.</span></p><p><span style="background-color: transparent;">Pump Sr. No.:</span></p><p><span style="background-color: transparent;">Motor Sr. No:&nbsp;</span></p>', 1, '48200.00', '48200.00', 'Yes', 1, 0, 0, ''),
(189, 49, 1169, '<p><span style="font-weight: bold;">Your item code : 760520027300</span>&nbsp;</p><p><span style="font-weight: bold; text-decoration: underline;">"JOHNSON" Centrifugal Pump</span></p><p>Model : CCR 40-200 R6L M2 L3</p><p>Head : 55 Mtrs.</p><p>Flow : 25 m3/hr</p><p>Sr. No. : C111657001</p><p><br></p><p><br></p><p><br></p><p><br></p><p><br></p><p><br></p><p><br></p>', 1, '75000.00', '75000.00', 'Yes', 2, 0, 1, ''),
(211, 51, 978, '<p><span style="font-weight: bold; text-decoration: underline;">Spares for "ANTICO" Pump</span></p><p><span style="font-weight: bold;">Model&nbsp; &nbsp; :&nbsp; &nbsp; EXP 160 CT</span></p><p><span style="font-weight: bold;">Item code&nbsp;&nbsp;&nbsp;&nbsp;&nbsp;&nbsp;&nbsp;&nbsp;&nbsp;&nbsp;&nbsp;&nbsp;&nbsp;&nbsp; &nbsp; Part No.&nbsp;&nbsp;&nbsp;&nbsp;&nbsp; &nbsp; Description</span></p><p>760842711010&nbsp;&nbsp;&nbsp;&nbsp;&nbsp;&nbsp;&nbsp;&nbsp;&nbsp; &nbsp; 73900040&nbsp;&nbsp;&nbsp;&nbsp;&nbsp; &nbsp; Stationary Ring</p>', 3, '5624.00', '16872.00', 'No', 1, 0, 3, ''),
(212, 51, 979, '<p>760842863010&nbsp;&nbsp;&nbsp;&nbsp;&nbsp;&nbsp;&nbsp;&nbsp;&nbsp; &nbsp; 73500041&nbsp;&nbsp;&nbsp;&nbsp;&nbsp;&nbsp;&nbsp;&nbsp;&nbsp; &nbsp; Rotary Part</p>', 2, '5989.40', '11978.80', 'No', 1, 0, 2, ''),
(213, 51, 830, '<p>760842210010&nbsp;&nbsp;&nbsp;&nbsp;&nbsp;&nbsp;&nbsp;&nbsp;&nbsp; &nbsp; 70800001&nbsp;&nbsp;&nbsp;&nbsp;&nbsp;&nbsp;&nbsp;&nbsp;&nbsp; &nbsp; Deflector</p>', 2, '136.90', '273.80', 'No', 1, 0, 2, ''),
(214, 51, 835, '<p>760842300010&nbsp;&nbsp;&nbsp;&nbsp;&nbsp;&nbsp;&nbsp;&nbsp;&nbsp; &nbsp; 70410010&nbsp;&nbsp;&nbsp;&nbsp;&nbsp;&nbsp;&nbsp;&nbsp;&nbsp; &nbsp; Adapter Flange</p>', 2, '342.25', '684.50', 'No', 1, 0, 2, ''),
(215, 51, 1174, '<p>760842300020&nbsp;&nbsp;&nbsp;&nbsp;&nbsp;&nbsp;&nbsp;&nbsp;&nbsp; &nbsp; 70422921&nbsp;&nbsp;&nbsp;&nbsp;&nbsp;&nbsp;&nbsp;&nbsp;&nbsp; Locating Flange &nbsp;</p>', 4, '1625.70', '6502.80', 'No', 1, 0, 4, ''),
(216, 51, 1160, '<p>760842640010&nbsp;&nbsp;&nbsp;&nbsp;&nbsp;&nbsp;&nbsp;&nbsp;&nbsp; &nbsp; 70211602&nbsp;&nbsp;&nbsp;&nbsp;&nbsp;&nbsp;&nbsp;&nbsp;&nbsp; &nbsp; Back Plate</p>', 4, '2909.10', '11636.40', 'No', 1, 0, 4, ''),
(217, 51, 1211, '<p>760842752010&nbsp;&nbsp;&nbsp;&nbsp;&nbsp;&nbsp;&nbsp;&nbsp;&nbsp; &nbsp; 75210506&nbsp;&nbsp;&nbsp;&nbsp;&nbsp;&nbsp;&nbsp;&nbsp;&nbsp; &nbsp; Shaft</p>', 2, '6845.00', '13690.00', 'No', 1, 0, 2, 'Manufactured'),
(218, 51, 674, '<p><br></p>', 4, '7215.00', '28860.00', 'No', 1, 0, 4, ''),
(219, 51, 1213, '<p><br></p>', 2, '2909.10', '5818.20', 'No', 1, 0, 2, ''),
(220, 51, 1215, '<p><br></p>', 2, '5304.90', '10609.80', 'No', 1, 0, 2, ''),
(221, 52, 762, '<p>Your item code : 0310</p><p><span style="font-weight: bold; text-decoration-line: underline;">Spares for "JOHNSON" Pump</span></p><p>Name of Spares : Valve Assembly&nbsp;</p><p>&nbsp;&nbsp;&nbsp;&nbsp;&nbsp;&nbsp;&nbsp;&nbsp;&nbsp;&nbsp;&nbsp;&nbsp;&nbsp;&nbsp;&nbsp;&nbsp;&nbsp;&nbsp;&nbsp;&nbsp;&nbsp;&nbsp;&nbsp;&nbsp;&nbsp;&nbsp;&nbsp;&nbsp;&nbsp;&nbsp;&nbsp;&nbsp;&nbsp;&nbsp;&nbsp;&nbsp;&nbsp; &nbsp; For Pump Model KGEN 11-3 G1<br>&nbsp;</p>', 5, '540.00', '2700.00', 'No', 2, 0, 5, ''),
(223, 53, 677, '<p>Your item code : REP-P&amp;M-3457</p><p><span style="font-weight: bold; text-decoration: underline;">"JOHNSON" Pumps</span></p><p>Model : KGEN 11-3 G1</p><p>Sr. No. : C111152006, C111152009</p>', 2, '8880.00', '17760.00', 'No', 2, 0, 2, ''),
(229, 55, 608, '<p><span style="font-weight: bold;">Your item code : 40151500HJ45</span></p><p><span style="font-weight: bold; text-decoration: underline;">"TUSHACO" Three Screw Pump</span></p><p>Model&nbsp;&nbsp;&nbsp;&nbsp;&nbsp; &nbsp; :&nbsp;&nbsp;&nbsp;&nbsp;&nbsp; &nbsp; T3ST 52/40</p><p>Capacity&nbsp; &nbsp; :&nbsp; &nbsp; 155 LPM</p><p>Pressure&nbsp; &nbsp; :&nbsp; &nbsp; 50 kg/cm2</p><p>Sr. No.&nbsp; &nbsp; :&nbsp;&nbsp;&nbsp;&nbsp;</p>', 1, '318900.00', '318900.00', 'Yes', 1, 0, 0, ''),
(230, 55, 1219, '<p><span style="font-weight: bold;">Your item code : 23151600Z680</span></p><p><span style="font-weight: bold; text-decoration: underline;">Spare for "ALLWEILER" Pump</span></p><p>Name of Spare &nbsp;: &nbsp;Mechanical Seal</p><p>&nbsp;&nbsp;&nbsp;&nbsp;&nbsp;&nbsp;&nbsp;&nbsp;&nbsp;&nbsp;&nbsp;&nbsp;&nbsp;&nbsp;&nbsp;&nbsp;&nbsp;&nbsp;&nbsp;&nbsp;&nbsp;&nbsp;&nbsp;&nbsp;&nbsp;&nbsp;&nbsp;&nbsp;&nbsp; &nbsp; For Pump Model T3ST 70/46<br></p>', 1, '27600.00', '27600.00', 'Yes', 1, 0, 1, ''),
(231, 54, 1216, '<p><span style="font-weight: bold; text-decoration: underline;">Spares for "JOHNSON" Pump</span></p><p><span style="font-weight: bold;">Model &nbsp;: &nbsp;CCR 25 160 R6 S2 L3 &nbsp;</span></p><p><span style="font-weight: bold;">Item Code &nbsp; &nbsp; &nbsp; &nbsp; &nbsp; &nbsp; &nbsp; &nbsp; &nbsp; &nbsp; &nbsp; &nbsp; &nbsp; &nbsp; &nbsp; &nbsp; &nbsp; Part No. &nbsp; &nbsp; &nbsp; &nbsp; &nbsp; &nbsp; &nbsp; &nbsp; &nbsp; &nbsp;Description</span></p><p>559172/1000110592 &nbsp; &nbsp; &nbsp; &nbsp; &nbsp; &nbsp; &nbsp; &nbsp; &nbsp; &nbsp; &nbsp; &nbsp; &nbsp; 120 &nbsp; &nbsp; &nbsp; &nbsp; &nbsp; &nbsp; &nbsp; &nbsp; &nbsp; &nbsp; &nbsp; &nbsp; &nbsp; &nbsp; &nbsp; &nbsp; &nbsp; &nbsp; Impeller&nbsp;</p>', 2, '5410.00', '10820.00', 'No', 2, 0, 0, ''),
(232, 54, 1217, '<p>559173/1000110592&nbsp;<span style="line-height: 1.42857143;">&nbsp; &nbsp; &nbsp; &nbsp; &nbsp; &nbsp; &nbsp; &nbsp; &nbsp; &nbsp; &nbsp; &nbsp; &nbsp;</span><span style="line-height: 1.42857143;">&nbsp;2200</span>&nbsp;&nbsp; &nbsp; &nbsp; &nbsp; &nbsp; &nbsp; &nbsp; &nbsp; &nbsp; &nbsp; &nbsp; &nbsp; &nbsp; &nbsp; &nbsp; &nbsp; &nbsp; &nbsp;Shaft<span style="line-height: 1.42857143;">&nbsp;&nbsp;</span></p>', 2, '4450.00', '8900.00', 'No', 2, 0, 0, 'Manufactured'),
(233, 54, 1128, '<p>559174/1000110592<span style="line-height: 1.42857143;">&nbsp;</span><span style="line-height: 1.42857143;">&nbsp; &nbsp; &nbsp; &nbsp; &nbsp; &nbsp; &nbsp; &nbsp; &nbsp; &nbsp; &nbsp; &nbsp; &nbsp;</span><span style="line-height: 1.42857143;">&nbsp;1200,1220</span><span style="line-height: 1.42857143;">&nbsp; &nbsp; &nbsp; &nbsp; &nbsp; &nbsp; &nbsp; &nbsp; &nbsp; &nbsp; &nbsp; &nbsp; &nbsp; &nbsp;Shaft Sleeve, Mech Seal&nbsp;</span></p>', 2, '9850.00', '19700.00', 'No', 2, 0, 0, ''),
(235, 57, 1222, '<p><span style="font-weight: bold; text-decoration: underline;">Spares for JOHNSON Pump</span></p><p>&nbsp;Mechanical Seal for CCR 32 160 R6 S2 L3</p><p><br></p>', 1, '13490.00', '13490.00', 'No', 2, 0, 0, ''),
(236, 57, 1221, '<p>Mechanical Seal for CCR 40 160 R6 S2 L3&nbsp;</p><p><br></p>', 1, '13490.00', '13490.00', 'No', 2, 0, 0, ''),
(238, 4, 935, '<p><span style="font-weight: bold;">Your Item Code: PUMPOTHR0371</span></p><p><span style="font-weight: bold; text-decoration: underline;">"DARLING" Submersible Pumps</span></p><p>Pump Model : LJ 15 LN</p><p>Head : 10 Meters</p><p>Flow : 375 LPM</p><p>Power: 1.5 HP / 2980 RPM 3 Phase</p><p>Outlet : 50 MM</p><p>Pump with 10 Meters Cables</p><p>Sr. No.: JC-173498, JC-173499</p>', 2, '34475.00', '68950.00', 'Yes', 4, 0, 2, ''),
(239, 58, 1223, '<p>Your material Code : 766160027020</p><p>Rotating Assembly for Pump Model &nbsp;CCR 40 200 R6 M2 L3</p>', 1, '63500.00', '63500.00', 'Yes', 2, 0, 0, ''),
(241, 41, 806, '<p><span style="font-weight: bold;">Your item code : ENELPTHE0583</span></p><p><span style="font-weight: bold; text-decoration: underline;">"JOHNSON" Self Priming Pump Sets</span></p><p>Model : KGEN 16-6 G1 (with SS Impeller)</p><p>Flow : 30 m3/hr</p><p>Head : 35 Mtrs.</p><p>Sealing : Mechanical Seal</p><p>with "REMI" 7.5 HP/2900 RPM Motor, Coupling L-100, Coupling Guard,Fasteners dully assembled on MS Baseframe.</p><p>Pump Sr. No.: C111152013, C1111152022</p><p>Motor Sr. No. : 16/07/D-1584, 16/07/D-1585</p><p><br></p>', 2, '44500.00', '89000.00', 'Yes', 2, 0, 0, 'Manufactured'),
(242, 12, 938, '<p><span style="font-weight: bold; text-decoration: underline;">"JOHNSON" Pump Sets</span></p><p>Model&nbsp;&nbsp;&nbsp;&nbsp;&nbsp; &nbsp; :&nbsp;&nbsp;&nbsp;&nbsp;&nbsp; &nbsp; CN 40 160 G1 S2 L3</p><p>Head&nbsp;&nbsp;&nbsp;&nbsp;&nbsp;&nbsp;&nbsp;&nbsp;&nbsp; :&nbsp;&nbsp;&nbsp;&nbsp;&nbsp; &nbsp; 25 Mtrs.</p><p>Flow&nbsp;&nbsp;&nbsp;&nbsp;&nbsp;&nbsp;&nbsp;&nbsp;&nbsp; &nbsp; :&nbsp;&nbsp;&nbsp;&nbsp;&nbsp; &nbsp; 30 m3/hr</p><p>Recco. Power&nbsp;&nbsp;&nbsp;&nbsp;&nbsp; &nbsp; :&nbsp;&nbsp;&nbsp;&nbsp;&nbsp; &nbsp; 5 HP/2900 RPM</p><p>with, Coupling L-95, Coupling Guard, Fasteners dully assembled on MS Baseframe</p><p>Pump Sr. No.&nbsp;&nbsp;&nbsp;&nbsp;&nbsp; &nbsp; :&nbsp;&nbsp;&nbsp;&nbsp;&nbsp; &nbsp; C111072003, 005</p>', 2, '19500.00', '39000.00', 'No', 2, 0, 2, ''),
(243, 12, 812, '<p>Model&nbsp;&nbsp;&nbsp;&nbsp;&nbsp;&nbsp;&nbsp;&nbsp;&nbsp;&nbsp;&nbsp;&nbsp;&nbsp;&nbsp;&nbsp;&nbsp;&nbsp;&nbsp;&nbsp;&nbsp;&nbsp; &nbsp; :&nbsp;&nbsp;&nbsp;&nbsp;&nbsp;&nbsp;&nbsp;&nbsp;&nbsp;&nbsp;&nbsp;&nbsp;&nbsp;&nbsp;&nbsp;&nbsp;&nbsp;&nbsp;&nbsp;&nbsp;&nbsp; &nbsp; CN 50 160 G1 M2 L3</p><p>Head&nbsp;&nbsp;&nbsp;&nbsp;&nbsp;&nbsp;&nbsp;&nbsp;&nbsp;&nbsp;&nbsp;&nbsp;&nbsp;&nbsp;&nbsp;&nbsp;&nbsp;&nbsp;&nbsp;&nbsp;&nbsp;&nbsp;&nbsp;&nbsp;&nbsp;:&nbsp;&nbsp;&nbsp;&nbsp;&nbsp;&nbsp;&nbsp;&nbsp;&nbsp;&nbsp;&nbsp;&nbsp;&nbsp;&nbsp;&nbsp;&nbsp;&nbsp;&nbsp;&nbsp;&nbsp;&nbsp; &nbsp; 2 Mtrs.</p><p>Flow&nbsp;&nbsp;&nbsp;&nbsp;&nbsp;&nbsp;&nbsp;&nbsp;&nbsp;&nbsp;&nbsp;&nbsp;&nbsp;&nbsp;&nbsp;&nbsp;&nbsp;&nbsp;&nbsp;&nbsp;&nbsp;&nbsp;&nbsp;&nbsp;&nbsp; :&nbsp;&nbsp;&nbsp;&nbsp;&nbsp;&nbsp;&nbsp;&nbsp;&nbsp;&nbsp;&nbsp;&nbsp;&nbsp;&nbsp;&nbsp;&nbsp;&nbsp;&nbsp;&nbsp;&nbsp;&nbsp; &nbsp; 16 M3/hr</p><p></p><p>Suc* Dis.&nbsp;&nbsp;&nbsp;&nbsp;&nbsp;&nbsp;&nbsp;&nbsp;&nbsp;&nbsp;&nbsp;&nbsp;&nbsp;&nbsp;&nbsp;&nbsp;&nbsp; :&nbsp;&nbsp;&nbsp;&nbsp;&nbsp;&nbsp;&nbsp;&nbsp;&nbsp;&nbsp;&nbsp;&nbsp;&nbsp;&nbsp;&nbsp;&nbsp;&nbsp;&nbsp;&nbsp;&nbsp;&nbsp; &nbsp; 65*60 mm</p><p>with Coupling L-95, Coupling Guard, Fasteners dully assembled on Ms Baseframe</p><p>Pump Sr. No.&nbsp;&nbsp;&nbsp;&nbsp;&nbsp;&nbsp;&nbsp;&nbsp;&nbsp; :&nbsp;&nbsp;&nbsp;&nbsp;&nbsp;&nbsp;&nbsp;&nbsp;&nbsp;&nbsp;&nbsp;&nbsp;&nbsp;&nbsp;&nbsp;&nbsp;&nbsp;&nbsp;&nbsp;&nbsp;&nbsp; &nbsp; C111625007, 008</p><p></p><p></p><p></p>', 2, '28900.00', '57800.00', 'No', 2, 0, 2, ''),
(245, 11, 683, '', 3, '9900.00', '29700.00', 'No', 2, 0, 3, ''),
(246, 60, 1226, '<p><span style="font-weight: bold; text-decoration: underline;">Spares for "DARLING" Pump</span></p><p>Model&nbsp; &nbsp; :&nbsp; &nbsp; T 2003 H</p>', 1, '41000.00', '41000.00', 'No', 2, 0, 1, ''),
(249, 61, 1227, '<p>Item Code: 876649654010</p><p>DARLING make Submersible Pump</p><p>Application : Tyre Washing Plant</p><p>Liquid : Acidic Water with Light Slurry</p><p>Head : 12 Meters</p><p>Flow : 1000 LPM</p><p>Outlet Size : 100 MM</p><p>Motor Power: 7.5 HP/2900 RPM</p><p>Solid Handling : 40 MM</p><p>MOC : SS 316 Complete Pump</p><p>Scope of Supply Pump set with 10 Meters Cables</p><p><br></p><p><br></p><p><br></p><p><br></p>', 1, '175660.00', '175660.00', 'Yes', 5, 0, 0, ''),
(250, 59, 606, '<p>ITEM CODE : &nbsp;PUMPOILS0016</p><p>Pump Model: T3ST 45/42 (Bare Pump)</p><p>Flow : 120 LPM</p><p>Pressure : 40 Kg/cm2</p>', 1, '170000.00', '170000.00', 'Yes', 4, 0, 0, ''),
(254, 63, 943, '<p><span style="font-weight: bold; text-decoration-line: underline;">Spares for "JOHNSON" Pump</span></p><p>Model : CN 80-200</p><p>Bearing Housing</p>', 2, '4590.00', '9180.00', 'No', 2, 0, 2, ''),
(255, 63, 944, '<p>Impeller (Bronze)</p>', 4, '10070.00', '40280.00', 'No', 2, 0, 4, ''),
(256, 63, 942, '<p>Pump Shaft</p>', 1, '7050.00', '7050.00', 'No', 2, 0, 1, ''),
(257, 62, 687, '<p><span style="font-weight: bold; text-decoration-line: underline;">"JOHNSON" Pump</span></p><p>Model : KGEN 15 6 G1</p><p>Sr. No. : C111659016</p>', 1, '21500.00', '21500.00', 'No', 2, 0, 1, ''),
(258, 64, 1226, '<p><span style="font-weight: bold; text-decoration: underline;">Spares for "JOHNSON" Pump</span></p><p>Model&nbsp; &nbsp; :&nbsp; &nbsp; KGEN 15 6 G1</p><p>Consisting Spares</p><p>Oil Seal</p><p>Shaft</p><p>Bearing Set</p><p>Mechanical Seal</p>', 1, '8750.00', '8750.00', 'No', 2, 0, 1, ''),
(259, 50, 986, '<p>Your Item Code : 40151513Q084</p><p><span style="text-decoration: underline; font-weight: bold;">" Darling Pump "</span></p><p>Model &nbsp;: &nbsp; WW 201</p><p>Head : 11 &nbsp;mtr &nbsp; &nbsp; &nbsp; &nbsp; &nbsp; &nbsp; &nbsp; &nbsp; &nbsp; &nbsp; &nbsp; &nbsp;&nbsp;</p><p>Flow &nbsp; : 300 lpm</p><p><span style="line-height: 1.42857143;">Delivery Size : 50 mm</span>&nbsp; &nbsp; &nbsp; &nbsp; &nbsp; &nbsp; &nbsp;&nbsp;</p><p>Pump with 5 mtr Cable.</p><p>Impeller MOC : SS</p><p>Pump Sr. no. :&nbsp;</p><p>&nbsp; &nbsp; &nbsp; &nbsp; &nbsp; &nbsp; &nbsp; &nbsp; &nbsp; &nbsp; &nbsp; &nbsp; &nbsp; &nbsp; &nbsp;</p>', 2, '21500.00', '43000.00', 'Yes', 4, 0, 0, '');
INSERT INTO `sales_order_rows` (`id`, `sales_order_id`, `item_id`, `description`, `quantity`, `rate`, `amount`, `excise_duty`, `sale_tax_id`, `height`, `processed_quantity`, `source_type`) VALUES
(262, 56, 756, '<p>Your item code : 40151503K267</p><p><span style="font-weight: bold; text-decoration: underline;">Spares for "JOHNSON" Pump</span></p><p>Name of Spares : Mechanical Seal</p><p>&nbsp;&nbsp;&nbsp;&nbsp;&nbsp;&nbsp;&nbsp;&nbsp;&nbsp;&nbsp;&nbsp;&nbsp;&nbsp;&nbsp;&nbsp;&nbsp;&nbsp;&nbsp;&nbsp;&nbsp;&nbsp;&nbsp;&nbsp;&nbsp;&nbsp;&nbsp;&nbsp;&nbsp;&nbsp;&nbsp;&nbsp;&nbsp;&nbsp; &nbsp;For Pump Model KGEN 12-6 G1</p><p>Part No. : 0380&nbsp;<br></p><p><span style="font-weight: bold; text-decoration: underline;"><br></span></p>', 5, '1450.00', '7250.00', 'No', 2, 0, 5, ''),
(264, 33, 872, '<p><span style="font-weight: bold;">Your item code : GBOLOILG0032</span></p><p><span style="font-weight: bold;">SILICON OIL (100 ml Bottle)</span></p><p><br></p>', 50, '95.00', '4750.00', 'No', 1, 180, 50, ''),
(265, 66, 803, '<p>Your Item Code : 766172027010</p><p><span style="font-weight: bold; text-decoration-line: underline;">JOHNSON Self Priming Non Clog Pump Sets</span></p><p>Pump Model: KGEN 12 5 G6</p><p>Head : 16 Mtrs &nbsp; &nbsp; &nbsp; &nbsp; &nbsp; &nbsp; &nbsp; &nbsp; &nbsp; &nbsp; &nbsp; &nbsp;Flow: 18 m3/hr</p><p>Suc* Dis : 50 * 50 mm</p><p>Impeller &amp; Shaft : SS 316 &nbsp; &nbsp;Sealing : Mechanical Seal</p><p>With "BBL" 3 HP / 2900 RPM Motor,Coupling L-95 , Coupling Gaurd,</p><p>Fasteners ,Trolley Mounted MS Base Frame.</p><p>Pump Sr. No :</p><p>Motor Sr. No :</p>', 2, '30465.00', '60930.00', 'Yes', 2, 0, 0, ''),
(266, 67, 978, '<p><span style="font-weight: bold; text-decoration: underline;">Spares for "ANTICO" Pump</span></p><p><span style="font-weight: bold;">Model&nbsp;&nbsp;&nbsp;&nbsp;&nbsp; &nbsp; :&nbsp;&nbsp;&nbsp;&nbsp;&nbsp; &nbsp; EXP 160 CT</span></p><p><span style="font-weight: bold;">Item code&nbsp;&nbsp;&nbsp;&nbsp;&nbsp;&nbsp;&nbsp;&nbsp;&nbsp;&nbsp;&nbsp;&nbsp;&nbsp;&nbsp; &nbsp; Part No.&nbsp;&nbsp;&nbsp;&nbsp;&nbsp;&nbsp;&nbsp;&nbsp;&nbsp; &nbsp; Description</span></p><p>760842711010&nbsp;&nbsp;&nbsp;&nbsp;&nbsp;&nbsp;&nbsp;&nbsp;&nbsp; &nbsp; 73900040&nbsp;&nbsp;&nbsp;&nbsp;&nbsp;&nbsp;&nbsp;&nbsp;&nbsp;&nbsp;&nbsp;&nbsp;&nbsp; &nbsp; Stationary Part</p>', 3, '5624.00', '16872.00', 'No', 1, 0, 0, ''),
(267, 67, 979, '<p>760842863010&nbsp;&nbsp;&nbsp;&nbsp;&nbsp;&nbsp;&nbsp;&nbsp;&nbsp; &nbsp; 73500041&nbsp;&nbsp;&nbsp;&nbsp;&nbsp;&nbsp;&nbsp;&nbsp;&nbsp; &nbsp; Rotary Unit</p>', 2, '5989.40', '11978.80', 'No', 1, 0, 0, ''),
(268, 67, 830, '<p>760842210010&nbsp;&nbsp;&nbsp;&nbsp;&nbsp;&nbsp;&nbsp;&nbsp;&nbsp; &nbsp; 70800001&nbsp;&nbsp;&nbsp;&nbsp;&nbsp;&nbsp;&nbsp;&nbsp;&nbsp; &nbsp; Deflector</p>', 2, '136.90', '273.80', 'No', 1, 0, 0, ''),
(269, 67, 835, '<p>760842300010&nbsp;&nbsp;&nbsp;&nbsp;&nbsp;&nbsp;&nbsp;&nbsp;&nbsp; &nbsp; 70410010&nbsp;&nbsp;&nbsp;&nbsp;&nbsp;&nbsp;&nbsp;&nbsp;&nbsp; &nbsp; Adapter Flange</p>', 2, '342.25', '684.50', 'No', 1, 0, 0, ''),
(270, 67, 1174, '<p>760842300020&nbsp;&nbsp;&nbsp;&nbsp;&nbsp;&nbsp;&nbsp;&nbsp;&nbsp; &nbsp; 70422921&nbsp;&nbsp;&nbsp;&nbsp;&nbsp;&nbsp;&nbsp;&nbsp;&nbsp; &nbsp; Locating Flange</p>', 4, '1625.70', '6502.80', 'No', 1, 0, 0, ''),
(271, 67, 1160, '<p>76084260010&nbsp;&nbsp;&nbsp;&nbsp;&nbsp;&nbsp;&nbsp;&nbsp;&nbsp; &nbsp; 70211602&nbsp;&nbsp;&nbsp;&nbsp;&nbsp;&nbsp;&nbsp;&nbsp;&nbsp; &nbsp; Back Plate</p>', 4, '2909.10', '11636.40', 'No', 1, 0, 0, ''),
(272, 67, 1211, '<p>760842752010&nbsp;&nbsp;&nbsp;&nbsp;&nbsp;&nbsp;&nbsp;&nbsp;&nbsp; &nbsp; 75210506&nbsp;&nbsp;&nbsp;&nbsp;&nbsp;&nbsp;&nbsp;&nbsp;&nbsp; &nbsp; Shaft</p>', 2, '6845.00', '13690.00', 'No', 1, 0, 0, ''),
(273, 67, 674, '<p>760842775010&nbsp;&nbsp;&nbsp;&nbsp;&nbsp;&nbsp;&nbsp;&nbsp;&nbsp; &nbsp; 73312901&nbsp;&nbsp;&nbsp;&nbsp;&nbsp;&nbsp;&nbsp;&nbsp;&nbsp; &nbsp; Shaft Sleeve</p>', 4, '7215.00', '28860.00', 'No', 1, 0, 0, ''),
(274, 67, 1213, '<p>760842007010&nbsp;&nbsp;&nbsp;&nbsp;&nbsp;&nbsp;&nbsp;&nbsp;&nbsp; &nbsp; 70111604&nbsp;&nbsp;&nbsp;&nbsp;&nbsp;&nbsp;&nbsp;&nbsp;&nbsp; &nbsp; Adopter</p>', 2, '2909.10', '5818.20', 'No', 1, 0, 0, ''),
(275, 67, 1080, '<p>760842389010&nbsp;&nbsp;&nbsp;&nbsp;&nbsp;&nbsp;&nbsp;&nbsp;&nbsp; &nbsp; 70110507&nbsp;&nbsp;&nbsp;&nbsp;&nbsp;&nbsp;&nbsp;&nbsp;&nbsp; &nbsp; Bearing Housing</p>', 2, '5304.90', '10609.80', 'No', 1, 0, 0, ''),
(276, 65, 1225, '<p><span style="font-weight: bold; text-decoration: underline;">Spares for "JOHNSON" Pump</span></p><p>Name of Spares &nbsp; : &nbsp; Split Gland</p><p>&nbsp;&nbsp;&nbsp;&nbsp;&nbsp;&nbsp;&nbsp;&nbsp;&nbsp;&nbsp;&nbsp;&nbsp;&nbsp;&nbsp;&nbsp;&nbsp;&nbsp;&nbsp;&nbsp;&nbsp;&nbsp;&nbsp;&nbsp;&nbsp;&nbsp;&nbsp;&nbsp;&nbsp;&nbsp;&nbsp;&nbsp;&nbsp;&nbsp; &nbsp; &nbsp;&nbsp;For Johnson Pump Model CN 100 400 G1 S2 L3</p><p>Part No. &nbsp; &nbsp;&nbsp;&nbsp;&nbsp;&nbsp;&nbsp;&nbsp;&nbsp;&nbsp;&nbsp;&nbsp;&nbsp;&nbsp;&nbsp;: &nbsp; &nbsp;1140&nbsp;</p>', 2, '1280.00', '2560.00', 'No', 2, 0, 2, ''),
(279, 68, 929, '<p><span style="font-weight: bold;">Your item code : 2739200010</span></p><p><span style="font-weight: bold; text-decoration: underline;">"JOHNSON" Pump</span>&nbsp;</p><p>Model : CN 100 400</p><p>Head : 50 Mtrs.</p><p>Flow : 120 m3/hr</p><p>Sealing : Gland Packing</p><p>Suc*dis. Size: 125*100 mm</p>', 1, '52500.00', '52500.00', 'Yes', 2, 0, 0, ''),
(280, 69, 931, '<p><span style="font-weight: bold;">Your item code : 766842027100</span></p><p><span style="font-weight: bold; text-decoration: underline;">"DARLING" Submersible Pumps</span></p><p>Model&nbsp;&nbsp;&nbsp;&nbsp;&nbsp;&nbsp; &nbsp; :&nbsp;&nbsp;&nbsp;&nbsp;&nbsp; &nbsp; S 630</p><p>Head&nbsp;&nbsp;&nbsp;&nbsp;&nbsp;&nbsp;&nbsp;&nbsp;&nbsp;&nbsp; :&nbsp;&nbsp;&nbsp;&nbsp;&nbsp; &nbsp;0 to 32 Mtrs.</p><p>Sr. No.&nbsp;&nbsp;&nbsp;&nbsp;&nbsp; &nbsp; :&nbsp;&nbsp;&nbsp;&nbsp;&nbsp; &nbsp; SD 170893 to SD 170898</p><p>with 5 Mtrs. Cable</p>', 6, '15435.00', '92610.00', 'Yes', 3, 0, 0, ''),
(281, 70, 962, '<p><span style="font-weight: bold; text-decoration: underline;">"JOHNSON" Pumps and Spares</span>&nbsp;</p><p><span style="font-weight: bold;">Item code&nbsp;&nbsp;&nbsp;&nbsp;&nbsp;&nbsp;&nbsp;&nbsp;&nbsp;&nbsp;&nbsp;&nbsp;&nbsp;&nbsp; &nbsp; Part No.&nbsp;&nbsp;&nbsp;&nbsp;&nbsp;&nbsp;&nbsp;&nbsp;&nbsp;&nbsp;&nbsp;&nbsp;&nbsp; &nbsp; Description</span></p><p>766170027030&nbsp;&nbsp;&nbsp;&nbsp;&nbsp;&nbsp;&nbsp;&nbsp;&nbsp;&nbsp;&nbsp;&nbsp;&nbsp;&nbsp;&nbsp;&nbsp;&nbsp;&nbsp;&nbsp;&nbsp;&nbsp;&nbsp;&nbsp;&nbsp;&nbsp;&nbsp;&nbsp;&nbsp;&nbsp;&nbsp;&nbsp;&nbsp;&nbsp;&nbsp;&nbsp;&nbsp;&nbsp;&nbsp;&nbsp;&nbsp;&nbsp;&nbsp;&nbsp;&nbsp;&nbsp;&nbsp;&nbsp;&nbsp;&nbsp; &nbsp; CCR 65C-160 R6 M2 L3&nbsp;<span style="line-height: 1.42857143;">(Impeller Dia-159 mm)</span></p>', 1, '111880.00', '111880.00', 'Yes', 2, 0, 0, ''),
(282, 70, 955, '<p>766151000000&nbsp;&nbsp;&nbsp;&nbsp;&nbsp;&nbsp;&nbsp;&nbsp;&nbsp;&nbsp;&nbsp;&nbsp;&nbsp;&nbsp;&nbsp;&nbsp;&nbsp;&nbsp;&nbsp;&nbsp;&nbsp;&nbsp;&nbsp;&nbsp;&nbsp;&nbsp;&nbsp;&nbsp;&nbsp;&nbsp;&nbsp;&nbsp;&nbsp;&nbsp;&nbsp;&nbsp;&nbsp;&nbsp;&nbsp;&nbsp;&nbsp;&nbsp;&nbsp;&nbsp;&nbsp;&nbsp;&nbsp;&nbsp;&nbsp; &nbsp; CCR 32-125 R6 M2 L3&nbsp;<span style="line-height: 1.42857143;">(Impeller Dia-119 mm)</span></p>', 1, '52725.00', '52725.00', 'Yes', 2, 0, 0, ''),
(283, 70, 954, '<p>766157000000&nbsp;&nbsp;&nbsp;&nbsp;&nbsp;&nbsp;&nbsp;&nbsp;&nbsp;&nbsp;&nbsp;&nbsp;&nbsp;&nbsp;&nbsp;&nbsp;&nbsp;&nbsp;&nbsp;&nbsp;&nbsp;&nbsp;&nbsp;&nbsp;&nbsp;&nbsp;&nbsp;&nbsp;&nbsp;&nbsp;&nbsp;&nbsp;&nbsp;&nbsp;&nbsp;&nbsp;&nbsp;&nbsp;&nbsp;&nbsp;&nbsp;&nbsp;&nbsp;&nbsp;&nbsp; &nbsp; CCR 25-160 R6 M2 L3&nbsp;<span style="line-height: 1.42857143;">(Impeller Dia-162 mm)</span></p>', 1, '38000.00', '38000.00', 'Yes', 2, 0, 0, ''),
(284, 70, 968, '<p>766149027010&nbsp;&nbsp;&nbsp;&nbsp;&nbsp;&nbsp;&nbsp;&nbsp;&nbsp;&nbsp;&nbsp;&nbsp;&nbsp;&nbsp;&nbsp;&nbsp;&nbsp;&nbsp;&nbsp;&nbsp;&nbsp;&nbsp;&nbsp;&nbsp;&nbsp;&nbsp;&nbsp;&nbsp;&nbsp;&nbsp;&nbsp;&nbsp;&nbsp;&nbsp;&nbsp;&nbsp;&nbsp; &nbsp;&nbsp;&nbsp;&nbsp;&nbsp; CCR 50C-125 R6 M2 L3 (Impeller Dia-129 mm)</p>', 1, '52725.00', '52725.00', 'Yes', 2, 0, 0, ''),
(285, 70, 970, '<p>766185027010&nbsp;&nbsp;&nbsp;&nbsp;&nbsp;&nbsp;&nbsp;&nbsp;&nbsp;&nbsp;&nbsp;&nbsp;&nbsp;&nbsp;&nbsp;&nbsp;&nbsp;&nbsp;&nbsp;&nbsp;&nbsp;&nbsp;&nbsp;&nbsp;&nbsp;&nbsp;&nbsp;&nbsp;&nbsp;&nbsp;&nbsp;&nbsp;&nbsp; &nbsp; CCR 32-200 R6 M2 L3 (Impeller Dia-188 mm)</p>', 1, '62460.00', '62460.00', 'Yes', 2, 0, 0, ''),
(286, 70, 968, '<p>766148027010&nbsp;&nbsp;&nbsp;&nbsp;&nbsp;&nbsp;&nbsp;&nbsp;&nbsp;&nbsp;&nbsp;&nbsp;&nbsp;&nbsp;&nbsp;&nbsp;&nbsp;&nbsp;&nbsp;&nbsp;&nbsp;&nbsp;&nbsp;&nbsp;&nbsp; &nbsp; CCR 32C-125 R7 M2 L3 (Impeller Dia-119 mm)</p>', 1, '52725.00', '52725.00', 'Yes', 2, 0, 0, ''),
(287, 70, 968, '<p>766188027010&nbsp;&nbsp;&nbsp;&nbsp;&nbsp;&nbsp;&nbsp;&nbsp;&nbsp;&nbsp;&nbsp;&nbsp;&nbsp;&nbsp;&nbsp;&nbsp;&nbsp;&nbsp;&nbsp;&nbsp;&nbsp; &nbsp; CCR 50C-125 R7 M2 L3&nbsp;<span style="line-height: 1.42857143;">(Impeller Dia-129 mm)</span></p>', 1, '52725.00', '52725.00', 'Yes', 2, 0, 0, ''),
(288, 70, 970, '<p>766178027010&nbsp;&nbsp;&nbsp;&nbsp;&nbsp;&nbsp;&nbsp;&nbsp;&nbsp;&nbsp;&nbsp;&nbsp;&nbsp;&nbsp;&nbsp;&nbsp;&nbsp; &nbsp; CCR 32-200 R7 M2 L3&nbsp;<span style="line-height: 1.42857143;">(Impeller Dia-188 mm)</span></p>', 1, '62460.00', '62460.00', 'Yes', 2, 0, 0, ''),
(289, 70, 968, '<p>766179027010&nbsp;&nbsp;&nbsp;&nbsp;&nbsp;&nbsp;&nbsp;&nbsp;&nbsp;&nbsp;&nbsp;&nbsp;&nbsp; &nbsp; CCR 40C-125 R7 M2 L3&nbsp;<span style="line-height: 1.42857143;">(Impeller Dia-129 mm)</span></p>', 1, '52725.00', '52725.00', 'Yes', 2, 0, 0, ''),
(290, 70, 954, '<p>766150027010&nbsp;&nbsp;&nbsp;&nbsp;&nbsp;&nbsp;&nbsp;&nbsp;&nbsp;&nbsp;&nbsp;&nbsp;&nbsp; &nbsp; CCR 25-160 R7 M2 L3&nbsp;<span style="line-height: 1.42857143;">(Impeller Dia-162 mm)</span></p>', 2, '38000.00', '76000.00', 'Yes', 2, 0, 0, ''),
(291, 29, 955, '<p><span style="font-weight: bold; text-decoration: underline;">"JOHNSON" Pumps and its Spares</span>&nbsp;</p><p><span style="font-weight: bold;">item code&nbsp;&nbsp;&nbsp;&nbsp;&nbsp;&nbsp;&nbsp;&nbsp;&nbsp; &nbsp; &nbsp;&nbsp;&nbsp;&nbsp;Part No.&nbsp;&nbsp;&nbsp;&nbsp;&nbsp;&nbsp;&nbsp;&nbsp;&nbsp;&nbsp;&nbsp;&nbsp;&nbsp; &nbsp; Description</span></p><p>766151000000&nbsp;&nbsp;&nbsp;&nbsp;&nbsp;&nbsp;&nbsp;&nbsp;&nbsp;&nbsp;&nbsp;&nbsp;&nbsp;&nbsp;&nbsp;&nbsp;&nbsp;&nbsp;&nbsp;&nbsp;&nbsp;&nbsp;&nbsp;&nbsp;&nbsp;&nbsp;&nbsp;&nbsp;&nbsp;&nbsp;&nbsp;&nbsp;&nbsp;&nbsp;&nbsp;&nbsp;&nbsp;&nbsp;&nbsp;&nbsp;&nbsp;&nbsp;&nbsp;&nbsp;&nbsp;&nbsp;&nbsp;&nbsp;&nbsp; &nbsp; CCR 32-125 R6 M2 L3</p>', 10, '52725.00', '527250.00', 'Yes', 2, 0, 0, ''),
(292, 29, 954, '<p>766156000000&nbsp;&nbsp;&nbsp;&nbsp;&nbsp;&nbsp;&nbsp;&nbsp;&nbsp;&nbsp;&nbsp;&nbsp;&nbsp;&nbsp;&nbsp;&nbsp;&nbsp;&nbsp;&nbsp;&nbsp;&nbsp;&nbsp;&nbsp;&nbsp;&nbsp;&nbsp;&nbsp;&nbsp;&nbsp;&nbsp;&nbsp;&nbsp;&nbsp;&nbsp;&nbsp;&nbsp;&nbsp;&nbsp;&nbsp;&nbsp;&nbsp;&nbsp;&nbsp;&nbsp;&nbsp; &nbsp; CCR 25-125 R6 M2 L3</p>', 12, '35720.00', '428640.00', 'Yes', 2, 0, 0, ''),
(293, 29, 960, '<p>766170027010&nbsp;&nbsp;&nbsp;&nbsp;&nbsp;&nbsp;&nbsp;&nbsp;&nbsp;&nbsp;&nbsp;&nbsp;&nbsp;&nbsp;&nbsp;&nbsp;&nbsp;&nbsp;&nbsp;&nbsp;&nbsp;&nbsp;&nbsp;&nbsp;&nbsp;&nbsp;&nbsp;&nbsp;&nbsp;&nbsp;&nbsp;&nbsp;&nbsp;&nbsp;&nbsp;&nbsp;&nbsp; &nbsp; CCR 65-160 R6 M2 L3</p>', 1, '91575.00', '91575.00', 'Yes', 2, 0, 0, ''),
(294, 29, 956, '<p>766156775100 &nbsp; &nbsp; &nbsp; &nbsp; &nbsp; &nbsp; &nbsp; &nbsp; &nbsp; &nbsp; &nbsp; &nbsp; &nbsp; &nbsp; &nbsp; &nbsp; &nbsp; 1200&nbsp;&nbsp;&nbsp;&nbsp;&nbsp;&nbsp;&nbsp;&nbsp;&nbsp;&nbsp;&nbsp;&nbsp;&nbsp;&nbsp;&nbsp;&nbsp;&nbsp;&nbsp;&nbsp;&nbsp;&nbsp;&nbsp;&nbsp;&nbsp; Shaft Sleeve</p>', 2, '1751.00', '3502.00', 'No', 2, 0, 0, ''),
(295, 29, 1193, '<p>766151747010&nbsp;&nbsp;&nbsp;&nbsp;&nbsp;&nbsp;&nbsp;&nbsp;&nbsp;&nbsp;&nbsp;&nbsp;&nbsp;&nbsp;&nbsp;&nbsp;&nbsp;&nbsp;&nbsp;&nbsp;&nbsp;&nbsp;&nbsp;&nbsp;&nbsp;&nbsp;&nbsp;&nbsp;&nbsp;&nbsp;&nbsp;&nbsp;&nbsp;&nbsp;&nbsp;&nbsp;&nbsp;&nbsp;&nbsp;&nbsp;&nbsp;&nbsp;&nbsp;&nbsp;&nbsp;&nbsp;&nbsp;&nbsp;&nbsp;&nbsp;&nbsp;&nbsp;&nbsp; &nbsp; Mechanical Seal</p>', 1, '30500.00', '30500.00', 'No', 2, 0, 0, ''),
(296, 29, 1128, '<p>766156747100&nbsp;&nbsp;&nbsp;&nbsp;&nbsp;&nbsp;&nbsp;&nbsp;&nbsp;&nbsp;&nbsp;&nbsp;&nbsp;&nbsp;&nbsp;&nbsp;&nbsp;&nbsp;&nbsp;&nbsp;&nbsp;&nbsp;&nbsp;&nbsp;&nbsp;&nbsp;&nbsp;&nbsp;&nbsp;&nbsp;&nbsp;&nbsp;&nbsp;&nbsp;&nbsp;&nbsp;&nbsp;&nbsp;&nbsp;&nbsp;&nbsp;&nbsp;&nbsp;&nbsp;&nbsp; &nbsp; Mechanical Seal</p>', 2, '26944.00', '53888.00', 'No', 2, 0, 0, '');

-- --------------------------------------------------------

--
-- Table structure for table `sale_taxes`
--

CREATE TABLE IF NOT EXISTS `sale_taxes` (
  `id` int(10) NOT NULL AUTO_INCREMENT,
  `tax_figure` decimal(4,2) NOT NULL,
  `quote_description` varchar(200) NOT NULL,
  `invoice_description` varchar(200) NOT NULL,
  `account_category_id` int(10) NOT NULL,
  `account_group_id` int(10) NOT NULL,
  `account_first_subgroup_id` int(10) NOT NULL,
  `account_second_subgroup_id` int(10) NOT NULL,
  `ledger_account_id` int(10) NOT NULL,
  `freeze` tinyint(1) NOT NULL,
  PRIMARY KEY (`id`)
) ENGINE=InnoDB  DEFAULT CHARSET=latin1 AUTO_INCREMENT=6 ;

--
-- Dumping data for table `sale_taxes`
--

INSERT INTO `sale_taxes` (`id`, `tax_figure`, `quote_description`, `invoice_description`, `account_category_id`, `account_group_id`, `account_first_subgroup_id`, `account_second_subgroup_id`, `ledger_account_id`, `freeze`) VALUES
(1, '14.50', 'VAT @ 14.50 % or as applicable on date of dispatch', 'VAT @ 14.50 %', 2, 6, 4, 5, 18, 0),
(2, '5.50', 'VAT @ 5.50 % or as applicable on date of dispatch', 'VAT @ 5.50%', 2, 6, 4, 5, 19, 0),
(3, '0.00', 'NIL CST agst C & E1 Form', 'NIL CST agst C & E1 Form', 2, 6, 4, 5, 20, 0),
(4, '2.00', '2% CST against C Form or as applicable on date of dispatch', '2% CST against C Form ', 2, 6, 4, 5, 21, 0),
(5, '2.00', '2 % CST against C & E1 Form', '2 % CST against C & E1 Form', 2, 6, 4, 5, 0, 0);

-- --------------------------------------------------------

--
-- Table structure for table `sale_tax_companies`
--

CREATE TABLE IF NOT EXISTS `sale_tax_companies` (
  `sale_taxe_id` int(10) NOT NULL,
  `company_id` int(10) NOT NULL,
  `freeze` int(10) NOT NULL DEFAULT '0',
  PRIMARY KEY (`sale_taxe_id`,`company_id`)
) ENGINE=InnoDB DEFAULT CHARSET=latin1;

--
-- Dumping data for table `sale_tax_companies`
--

INSERT INTO `sale_tax_companies` (`sale_taxe_id`, `company_id`, `freeze`) VALUES
(1, 25, 0),
(1, 26, 0),
(1, 27, 0),
(2, 25, 0),
(2, 26, 0),
(2, 27, 0),
(3, 25, 0),
(3, 26, 0),
(3, 27, 0),
(4, 25, 0),
(4, 26, 0),
(4, 27, 0),
(5, 25, 0),
(5, 26, 0),
(5, 27, 0);

-- --------------------------------------------------------

--
-- Table structure for table `sources`
--

CREATE TABLE IF NOT EXISTS `sources` (
  `id` int(10) NOT NULL AUTO_INCREMENT,
  `name` varchar(50) NOT NULL,
  PRIMARY KEY (`id`)
) ENGINE=InnoDB  DEFAULT CHARSET=latin1 AUTO_INCREMENT=5 ;

--
-- Dumping data for table `sources`
--

INSERT INTO `sources` (`id`, `name`) VALUES
(1, 'Assembled'),
(2, 'Purchessed'),
(3, 'Manufactured'),
(4, 'Purchessed/Manufactured');

-- --------------------------------------------------------

--
-- Table structure for table `terms_conditions`
--

CREATE TABLE IF NOT EXISTS `terms_conditions` (
  `id` int(10) NOT NULL AUTO_INCREMENT,
  `text_line` text NOT NULL,
  PRIMARY KEY (`id`)
) ENGINE=InnoDB  DEFAULT CHARSET=latin1 AUTO_INCREMENT=11 ;

--
-- Dumping data for table `terms_conditions`
--

INSERT INTO `terms_conditions` (`id`, `text_line`) VALUES
(1, 'Price Basis : Ex-Our  Works Udaipur .'),
(2, 'Packing & Forwarding : Extra @  2%'),
(3, 'Sales Tax : Vat Extra @ 5.5%   or as applicable on date of dispatch.'),
(4, 'Excise Duty : Extra if applicable for which we shall provide you EDGP to Claim Cenvat.'),
(5, 'Delivery : Within 2 to 3 weeks from date of receipt of Techno-Commercially clear PO.'),
(6, 'Freight & Insurance : In Buyers account. In case of transit damage you will have to Claim from your Insurance Company.'),
(7, 'Payment : Strictly within 30 days of receipt of material else interest will be charged @ 18 % p.a. for delayed period.'),
(8, 'Warranty : For Pump & Motors\r\nStandard as provided by manufacturer to be free from defects in both material & workmanship for a period of 12 months from date of installation or 18 months from date of supply whichever is earlier. Provided the Motor/Pump is installed as per instructions. We shall not be liable for any loss and or consequential damages due to breakdown of the equipment either for repair purpose or otherwise. Winding failures is not covered under warranty. \r\nFor Spare\r\nOnly interchange ability with original equipment is confirmed and any manufacturing defect is covered.'),
(9, 'Discount :  @ % on quoted price.'),
(10, 'Validity : 30 Days.');

-- --------------------------------------------------------

--
-- Table structure for table `transporters`
--

CREATE TABLE IF NOT EXISTS `transporters` (
  `id` int(11) NOT NULL AUTO_INCREMENT,
  `transporter_name` varchar(100) NOT NULL,
  `mobile` bigint(12) NOT NULL,
  `address` text NOT NULL,
  PRIMARY KEY (`id`)
) ENGINE=MyISAM  DEFAULT CHARSET=latin1 AUTO_INCREMENT=34 ;

--
-- Dumping data for table `transporters`
--

INSERT INTO `transporters` (`id`, `transporter_name`, `mobile`, `address`) VALUES
(1, 'Jaipur Golden Transport', 9314838937, 'Transport nagar Valicha \r\nUdaipur\r\nMr. Daiya\r\n0294-2640052'),
(2, 'Bhati Goods Transport Co', 2942640171, 'D-39 Transport Nagar Valicha \r\nUdaipur\r\n02942640171'),
(3, 'Gati KWE', 8003191783, 'Transport Nagar Valicha\r\nUdaipur'),
(11, 'VRL Logistic', 9309459944, 'MIA\r\nUdaipur\r\nMr. Vikram'),
(10, 'Vijay Laxmi Transport Co', 9351414593, 'Nehru Bazar\r\nUdaipur'),
(6, 'First Flight Courier', 9509281791, 'Delhi, Above Andhra Bank\r\nUdaipur\r\nNaresh ji : 9929499145'),
(7, 'Aastha Logistics', 9462679272, 'Madri Industrial Area, Udaipur\r\nMr. Uttam Jain : 9414167094\r\nMr. Khuman Singh :'),
(8, 'Nutan Rajumani Transport', 9462679272, 'Madri Industrial Area, Udaipur\r\nMr. Uttam Jain : 9414167094\r\nMr. Khuman Singh :'),
(9, 'Singhal Transport Co', 9909949089, 'Near RIICO Office, MIA, Udaipur\r\nMr. Bhatnagar : '),
(12, 'Banswara Golden Transport Co', 294252702, 'Nehru Bazar\r\nUdaipur\r\n0294252702'),
(13, 'Nimahera Golden Tr Co', 9829610969, '14 Nehru Bazar Udaipur-313001 (Raj.)'),
(14, 'Madhur Courier', 8875892435, 'Lodha Complex Near Court Chouraha\r\nUdaipur'),
(15, 'Kota Udaipur Tr. Co., Udaipur', 9460442188, '159, C-Block, Transport Nagar, Goverdhan Villas, Udaipur (Raj.)'),
(16, 'Love Kush Enterprises', 9414163787, ' Rajasthan Mahila Vidyalaya Rd, Brahmpuri, Udaipur, Rajasthan 313001\r\n'),
(17, 'DTDC Courier', 9462966768, 'MIA\r\nNear DIC office\r\nMr. Sharad Kumar\r\n9928014762'),
(18, 'Shree Sanwariya Transport Co', 9829044287, 'Transport Nagar\r\nUdaipur\r\n9829976806\r\nIndore Office 0731-4087259\r\n07828035128'),
(19, 'TCI -XPS', 8824072840, 'Balicha Transport nagar\r\nnear Vijay laxmi Transport\r\nSector 14 Udaipur'),
(20, 'TCI-Frieght', 8955704460, 'Balicha Transport nagar\r\nnear Vijay laxmi Transport\r\nSector 14 Udaipur'),
(21, 'R. B . Roadlines', 9352525361, 'Aklingpura main Road\r\nopp. jadav Nursary\r\nSector no 6\r\n0294-2466806'),
(22, 'Shanker Golden Transport', 9413318437, 'Transport nagar\r\nPratap Nagar\r\nMr. Satish\r\n0294-2492119'),
(23, 'Jain Transport', 2943265656, '100 Feet Road Shobhgpura\r\nnear Ashoka Vatika\r\nUdaipur\r\n02943265656'),
(24, 'Shree Maruti Courier Service Pvt. Ltd.', 2942417430, 'UL-C-4, Madhav Tower, City Station Road, Udaipur, Rajasthan 313004\r\n'),
(25, 'Shreenath Cargo Pvt Ltd', 9214011397, 'City Station Road\r\nBelow Hotel magan palace\r\nNear Hotel Seema\r\nUdaipur\r\n0294-2485888,2485899\r\n9351244727\r\n'),
(26, 'Shreeji Roadlines', 9829841814, 'N.H. 8  By -pass Road\r\nBhuwana Udaipur 313004\r\n0294-2441222'),
(27, 'Associated Road Carriers Limited', 294249254, 'MIA\r\nOpp. FCI Godown\r\nUdaipur\r\n02942492545'),
(28, 'Singhal Carriers', 9414757704, 'Chatri Wala Chowk\r\nDelhi Gate\r\nUdaipur\r\n0294-2422674\r\n9414238996'),
(29, 'Hand Delivery', 1111111111, 'Udaipur '),
(30, 'Indian Post ', 2942429222, 'Shastri Circle Udaipur'),
(31, 'Speed Post', 1111111111, '111'),
(32, 'Kalpna Cargo Pvt Ltd', 294248489, 'Udaipur\r\n0294248489'),
(33, 'Bittu Roadlines', 0, 'Indore');

-- --------------------------------------------------------

--
-- Table structure for table `units`
--

CREATE TABLE IF NOT EXISTS `units` (
  `id` int(10) NOT NULL AUTO_INCREMENT,
  `name` varchar(100) NOT NULL,
  PRIMARY KEY (`id`)
) ENGINE=InnoDB  DEFAULT CHARSET=latin1 AUTO_INCREMENT=12 ;

--
-- Dumping data for table `units`
--

INSERT INTO `units` (`id`, `name`) VALUES
(1, 'Nos'),
(2, 'Mtrs'),
(3, 'Set'),
(4, 'Ltrs'),
(5, 'Feet'),
(6, 'MM'),
(7, 'Sqr Inch'),
(8, 'Grams'),
(9, 'Sqr MM'),
(10, 'Cms'),
(11, 'Pkt');

-- --------------------------------------------------------

--
-- Table structure for table `user_rights`
--

CREATE TABLE IF NOT EXISTS `user_rights` (
  `id` int(10) NOT NULL AUTO_INCREMENT,
  `login_id` int(10) NOT NULL,
  `page_id` int(10) NOT NULL,
  PRIMARY KEY (`id`)
) ENGINE=InnoDB  DEFAULT CHARSET=latin1 AUTO_INCREMENT=467 ;

--
-- Dumping data for table `user_rights`
--

INSERT INTO `user_rights` (`id`, `login_id`, `page_id`) VALUES
(67, 4, 1),
(68, 4, 2),
(69, 4, 3),
(70, 4, 4),
(71, 4, 5),
(72, 4, 6),
(73, 4, 7),
(74, 4, 8),
(75, 4, 9),
(76, 4, 10),
(77, 4, 11),
(78, 4, 12),
(79, 4, 13),
(80, 4, 14),
(81, 4, 15),
(82, 4, 16),
(83, 4, 17),
(84, 4, 18),
(103, 6, 1),
(104, 6, 2),
(105, 6, 3),
(106, 6, 4),
(107, 6, 5),
(108, 6, 6),
(299, 8, 1),
(300, 8, 2),
(301, 8, 3),
(302, 8, 4),
(303, 8, 5),
(304, 8, 6),
(305, 8, 7),
(306, 8, 8),
(307, 8, 9),
(308, 8, 10),
(309, 8, 11),
(310, 8, 12),
(311, 8, 13),
(312, 8, 14),
(313, 8, 15),
(314, 8, 16),
(315, 8, 17),
(316, 8, 18),
(317, 9, 1),
(318, 9, 2),
(319, 9, 3),
(320, 9, 4),
(327, 12, 1),
(328, 12, 2),
(329, 12, 3),
(330, 12, 4),
(331, 12, 5),
(332, 12, 6),
(333, 12, 7),
(334, 12, 8),
(335, 12, 9),
(336, 12, 10),
(337, 12, 11),
(338, 12, 12),
(339, 12, 13),
(340, 12, 14),
(341, 12, 15),
(342, 12, 16),
(343, 12, 17),
(344, 12, 18),
(345, 5, 13),
(346, 5, 14),
(385, 13, 1),
(386, 13, 2),
(387, 13, 3),
(388, 13, 4),
(389, 13, 5),
(390, 13, 6),
(391, 13, 7),
(392, 13, 8),
(393, 13, 9),
(394, 13, 10),
(395, 13, 11),
(396, 13, 12),
(397, 13, 13),
(398, 13, 14),
(399, 13, 15),
(400, 13, 16),
(401, 13, 17),
(402, 13, 18),
(403, 13, 19),
(404, 13, 20),
(435, 2, 1),
(436, 2, 2),
(437, 2, 3),
(438, 2, 4),
(439, 2, 5),
(440, 2, 6),
(441, 10, 5),
(442, 10, 6),
(443, 10, 9),
(444, 10, 10),
(445, 10, 15),
(446, 10, 16),
(447, 7, 1),
(448, 7, 2),
(449, 7, 3),
(450, 7, 4),
(451, 7, 5),
(452, 7, 6),
(453, 7, 7),
(454, 7, 8),
(455, 7, 9),
(456, 7, 10),
(457, 7, 11),
(458, 7, 12),
(459, 7, 13),
(460, 7, 14),
(461, 7, 15),
(462, 7, 16),
(463, 7, 17),
(464, 7, 18),
(465, 7, 19),
(466, 7, 20);

-- --------------------------------------------------------

--
-- Table structure for table `vendors`
--

CREATE TABLE IF NOT EXISTS `vendors` (
  `id` int(10) NOT NULL AUTO_INCREMENT,
  `company_name` varchar(100) NOT NULL,
  `address` text NOT NULL,
  `tin_no` varchar(100) NOT NULL,
  `gst_no` varchar(100) NOT NULL,
  `ecc_no` varchar(100) NOT NULL,
  `pan_no` varchar(100) NOT NULL,
  `payment_terms` int(2) NOT NULL,
  `mode_of_payment` varchar(20) NOT NULL,
  `item_group_id` int(10) NOT NULL,
  `account_category_id` int(11) NOT NULL,
  `account_group_id` int(11) NOT NULL,
  `account_first_subgroup_id` int(11) NOT NULL,
  `account_second_subgroup_id` int(11) NOT NULL,
  PRIMARY KEY (`id`)
) ENGINE=InnoDB  DEFAULT CHARSET=latin1 AUTO_INCREMENT=23 ;

--
-- Dumping data for table `vendors`
--

INSERT INTO `vendors` (`id`, `company_name`, `address`, `tin_no`, `gst_no`, `ecc_no`, `pan_no`, `payment_terms`, `mode_of_payment`, `item_group_id`, `account_category_id`, `account_group_id`, `account_first_subgroup_id`, `account_second_subgroup_id`) VALUES
(1, 'SPX Flow Technology Pvt. Ltd.', 'Survey No. 275, Odhav\r\nAhmedabad - 382415\r\nGujrat - India ', '24575101244', 'U51900GJ1980PTC050281', 'AAACS 7234B/XM/001', 'AAACS7234B', 45, 'NEFT', 1, 2, 6, 2, 4),
(2, 'Mechneers India', '27-A,  Ashwini Marg,\r\n Udaipur  - 313 001  ', '08273902326', '', 'AAVPJ3530BXD001', 'AAVPJ3530B', 7, 'NEFT', 7, 2, 6, 2, 4),
(3, 'Tushaco Pumps Pvt. Ltd. ', 'Plot No. 1,22,23, Sr. No. 653/1, \r\nSomnath Co-op, Ind. Society Ltd., \r\nKachigam Road, Dabhel,  \r\nNani Daman- 396210 ', '25000003930', '', 'AABCT7703KXM001', 'AABCT7703K', 30, 'Cheque', 2, 2, 6, 2, 4),
(5, 'Antico Equipment Pvt. Ltd. ', '119-122 GIDC -ll, Gundlav, \r\nValsad, Gujarat 396035', '24750201713', '', 'AAFCA7145JXM001', 'AAFCA7145', 7, 'NEFT', 5, 2, 6, 2, 4),
(6, 'Positive Metering Pumps Pvt. Ltd. ', 'M- 8, MIDC,\r\nAmbad, NashiK, ', '27960057814C', '', 'AACCP0388DXM001', 'AACCP0388D', 7, 'NEFT', 3, 2, 6, 2, 4),
(7, 'Darling Pumps Pvt. Ltd. ', 'K-No. 340/2 Tigaria Badshah,\r\nNear agarbatti complex, Industrial Estate,\r\nSanwer road, Indore - 452015', '23761100643', '', 'AAACD1664LEM002', 'AAACD1664L', 30, 'NEFT', 4, 2, 6, 2, 4),
(8, 'Remi Elektrotechnik Limited', 'Building A, Survey No. 65/1,\r\nNaikpada, Waliv, Vasai (E), \r\nDist. Palghar - 401 208\r\n Maharashtra ', '27470254557', '', 'AAACR2578PXM002', 'AAACR2578P', 30, 'NEFT', 8, 2, 6, 2, 4),
(9, 'Liqtech Industries', '802, Eastern Majesty \r\nTata Colony, Mulund East \r\nMumbai - 400081 ', '27340701168', '', '-', 'AADFL2020n', 15, 'NEFT', 30, 2, 6, 2, 4),
(10, 'Tranter India Pvt. Ltd. ', 'Gat no.127/128, Dingrajwadi, \r\nTal. Shirur, Pune, \r\nMaharashtra 412208 India \r\n', '27410514065', '', 'AAFCA4598PXM003', 'AAFCA4598P', 15, 'NEFT', 33, 2, 6, 2, 4),
(11, 'Filter Concept Pvt. Ltd. ', '302, Aalin, Opp. Gujarat Vidhyapith, \r\nB/H Jet Airways office, Ashram Road,\r\n Ahmedabad, Gujarat, \r\nIndia, 380014', '24573302855', '', 'AABCF5606MEM002', 'AABCF5606M', 7, 'NEFT', 30, 2, 6, 2, 4),
(12, 'Remi Sales And Engg. Ltd.', '18A/19A, M R Estate, \r\nKanchan Pharma ni Gali.\r\nNr. Aslali Bypass, Aslali-382427\r\nDist. Ahmedabad, Gujarat\r\nPh: 02718-261578\r\n', '24572900001', '-', '-', '-', 7, 'NEFT', 21, 2, 6, 2, 4),
(13, 'Atul Enterprises', 'Near Swapnalok Cinema,\r\nOutside Hathipole\r\nUdaipur ( Raj ) -313001', '08983901596', '-', '-', '-', 7, 'NEFT', 30, 2, 6, 2, 4),
(16, 'Test Compny', 'kjhj hk', '776767', '667', '34534', '345345', 12, 'Cheque', 1, 1, 11, 20, 29),
(19, 'Matrix India', 'Delhi Gate, Ashwini Marg, \r\nBehind Ganesh Automobiles,\r\nUdaipur - 313 001\r\nPh. 2413190, 2422877', '08263907424', '1', 'ACZPJ2064LED001', 'ACZPJ2064L', 15, 'NEFT', 7, 2, 6, 2, 4),
(20, 'Alloy Steel Traders ', 'Behind Reliance Chemotex Ind. \r\nRoad No. 5 M.I.A. , Madri \r\nUdaipur ', '08644005767', '-', '-', '-', 7, 'NEFT', 20, 2, 6, 2, 4),
(21, 'Uni Trade India ', '52, Dand Pole, New Ashwini Marg,\r\nUdaipur - 313 001 ', '08613902333', '-', '-', '-', 7, 'NEFT', 20, 2, 6, 2, 4),
(22, 'Sethia Iron  And Steel Co. ', '105- out side Hathipole ,\r\nLoha Bazar ,Udaipur - 313 001 \r\n ', '08403900266', '-', '-', '-', 7, 'NEFT', 20, 2, 6, 2, 4);

-- --------------------------------------------------------

--
-- Table structure for table `vendor_companies`
--

CREATE TABLE IF NOT EXISTS `vendor_companies` (
  `vendor_id` int(10) NOT NULL,
  `company_id` int(10) NOT NULL,
  PRIMARY KEY (`vendor_id`,`company_id`)
) ENGINE=InnoDB DEFAULT CHARSET=latin1;

--
-- Dumping data for table `vendor_companies`
--

INSERT INTO `vendor_companies` (`vendor_id`, `company_id`) VALUES
(1, 25),
(2, 25),
(3, 25),
(5, 25),
(6, 25),
(7, 25),
(8, 25),
(9, 25),
(10, 25),
(11, 25),
(12, 25),
(13, 25),
(13, 27),
(16, 25),
(16, 27),
(19, 25),
(20, 25),
(20, 26),
(20, 27),
(21, 25),
(21, 26),
(21, 27),
(22, 25),
(22, 26),
(22, 27);

-- --------------------------------------------------------

--
-- Table structure for table `vendor_contact_persons`
--

CREATE TABLE IF NOT EXISTS `vendor_contact_persons` (
  `id` int(11) NOT NULL AUTO_INCREMENT,
  `vendor_id` int(11) NOT NULL,
  `name` varchar(50) NOT NULL,
  `email` varchar(100) NOT NULL,
  `mobile` varchar(10) NOT NULL,
  `default_person` int(1) NOT NULL,
  `account_category_id` int(10) NOT NULL,
  `account_group_id` int(10) NOT NULL,
  `account_first_subgroup_id` int(10) NOT NULL,
  `account_second_subgroup_id` int(10) NOT NULL,
  PRIMARY KEY (`id`)
) ENGINE=InnoDB  DEFAULT CHARSET=latin1 AUTO_INCREMENT=70 ;

--
-- Dumping data for table `vendor_contact_persons`
--

INSERT INTO `vendor_contact_persons` (`id`, `vendor_id`, `name`, `email`, `mobile`, `default_person`, `account_category_id`, `account_group_id`, `account_first_subgroup_id`, `account_second_subgroup_id`) VALUES
(3, 1, 'Mayank Gadhavi', 'mayank.gadhavi@spxflow.com', '9909985454', 1, 0, 0, 0, 0),
(4, 1, '', '', '', 0, 0, 0, 0, 0),
(29, 3, 'Suresh Chandra Sharma', 'Sureshchandra.Sharma@colfaxfluidhandling.com', '9871118961', 1, 0, 0, 0, 0),
(30, 3, 'Pankaj Mishra ', 'Pankaj.Mishra@colfaxfluidhandling.com', '8130891795', 1, 0, 0, 0, 0),
(31, 3, 'Manish Shukla', 'Manish.Shukla@colfaxfluidhandling.com', '8130891794', 1, 0, 0, 0, 0),
(32, 3, '', '', '', 0, 0, 0, 0, 0),
(33, 8, 'Manjunath Poojari', 'rei_sales@remigroup.com', '9967379169', 1, 0, 0, 0, 0),
(34, 6, 'Bhushan Baviskar', 'chn@positivemetering.com', '9922507046', 1, 0, 0, 0, 0),
(35, 6, 'Rajendra Aware', 'dispatch@positivemetering.com', '9881311160', 1, 0, 0, 0, 0),
(36, 6, '', '', '', 0, 0, 0, 0, 0),
(37, 9, 'AMRISH YADAV', 'info@liqueeseals.com', '9167223256', 1, 0, 0, 0, 0),
(38, 10, ' Vivek Choube', 'Vivek.Choube@tranter.com', '7774059449', 1, 0, 0, 0, 0),
(41, 11, 'Kunal Solanki', 'engg1@filter-concept.com', '7927541602', 1, 0, 0, 0, 0),
(42, 11, 'Chirag Basva ', 'factory@filter-concept.com', '9328771700', 1, 0, 0, 0, 0),
(43, 11, '', '', '', 0, 0, 0, 0, 0),
(44, 5, 'Alex ', 'sales@anticopumps.co.in', '9909928823', 1, 0, 0, 0, 0),
(45, 5, '', '', '', 0, 0, 0, 0, 0),
(46, 7, 'Rahul Bhadoriya', 'rahul91dppl@gmail.com', '8435037808', 1, 0, 0, 0, 0),
(47, 7, 'Nilesh', 'nileshc1973@gmail.com', '9981992842', 1, 0, 0, 0, 0),
(48, 7, ' Shriniwas Pujari', 'shriniwaspujari6@gmail.com', '9981992859', 1, 0, 0, 0, 0),
(49, 7, '', '', '', 0, 0, 0, 0, 0),
(51, 12, 'chetan shah', 'cishah@remigroup.com', '9824013863', 1, 0, 0, 0, 0),
(52, 12, '', '', '', 0, 0, 0, 0, 0),
(54, 13, 'Yogesh Solanki ', 'north3.rtpl@rathigroup.com', '9829127329', 1, 0, 0, 0, 0),
(55, 13, '', '', '', 0, 0, 0, 0, 0),
(56, 16, 'sdfsd', 'sdf@wrwe.eret', '3453453453', 1, 0, 0, 0, 0),
(62, 19, 'Prashant Jain', 'ansh@gmail.com', '9414161727', 1, 0, 0, 0, 0),
(63, 19, '', '', '', 0, 0, 0, 0, 0),
(64, 2, 'R.K Sharma', 'mechind@bsnl.in', '9414458419', 1, 0, 0, 0, 0),
(65, 2, '', '', '', 0, 0, 0, 0, 0),
(66, 20, 'Hatim Ali ', 'alloysteeltraders@gmail.com', '9414159770', 1, 0, 0, 0, 0),
(67, 21, 'Jinesh Jain', 'unitradeudr@gmail.com', '0294241517', 1, 0, 0, 0, 0),
(69, 22, 'Altaf ji ', 'sethiaironsteelco@gmail.com', '9829778652', 1, 0, 0, 0, 0);

-- --------------------------------------------------------

--
-- Table structure for table `vouchers_references`
--

CREATE TABLE IF NOT EXISTS `vouchers_references` (
  `id` int(10) NOT NULL AUTO_INCREMENT,
  `voucher_entity` varchar(255) NOT NULL,
  `description` text NOT NULL,
  `company_id` int(10) NOT NULL,
  `module` varchar(255) NOT NULL,
  `sub_entity` varchar(255) NOT NULL,
  PRIMARY KEY (`id`)
) ENGINE=InnoDB  DEFAULT CHARSET=latin1 AUTO_INCREMENT=40 ;

--
-- Dumping data for table `vouchers_references`
--

INSERT INTO `vouchers_references` (`id`, `voucher_entity`, `description`, `company_id`, `module`, `sub_entity`) VALUES
(1, 'PaymentVoucher -> Paid To', 'payment ', 25, 'Payment Voucher', 'Paid To'),
(2, 'PaymentVoucher -> Cash/Bank', 'payment', 25, 'Payment Voucher', 'Cash/Bank'),
(3, 'Receipt Voucher -> Received From', 'receipt voucher ', 25, 'Receipt Voucher', 'Received From'),
(4, 'Receipt Voucher -> Cash/Bank', 'bnvnb', 25, 'Receipt Voucher', 'Cash/Bank'),
(5, 'Petty Cash Receipt -> Received From', 'bnvnb', 25, 'Petty Cash Receipt', 'Received From'),
(6, 'Petty Cash Receipt -> Cash/Bank', 'bnvnb', 25, 'Petty Cash Receipt', 'Cash/Bank'),
(7, 'Contra Voucher -> Received From', 'bnvnb', 25, 'Contra Voucher', 'Received From'),
(8, 'Contra Voucher -> Cash/Bank', 'bnvnb', 25, 'Contra Voucher', 'Cash/Bank'),
(9, 'Journal Voucher -> Ledger', 'bnvnb', 25, 'Journal Voucher', 'Ledger'),
(10, 'Debit Notes -> Sales Account', 'bnvnb', 25, 'Debit Notes', 'Sales Account'),
(11, 'Debit Notes -> Party', 'bnvnb', 25, 'Debit Notes', 'Party'),
(12, 'Credit Notes -> Purchase Account', 'bnvnb', 25, 'Credit Notes', 'Purchase Account'),
(13, 'Credit Notes -> Party', 'bnvnb', 25, 'Credit Notes', 'Party'),
(14, 'PaymentVoucher -> Paid To', 'payment ', 26, 'Payment Voucher', 'Paid To'),
(15, 'PaymentVoucher -> Cash/Bank', 'payment', 26, 'Payment Voucher', 'Cash/Bank'),
(16, 'Receipt Voucher -> Received From', 'receipt voucher ', 26, 'Receipt Voucher', 'Received From'),
(17, 'Receipt Voucher -> Cash/Bank', 'bnvnb', 26, 'Receipt Voucher', 'Cash/Bank'),
(18, 'Petty Cash Receipt -> Received From', 'bnvnb', 26, 'Petty Cash Receipt', 'Received From'),
(19, 'Petty Cash Receipt -> Cash/Bank', 'bnvnb', 26, 'Petty Cash Receipt', 'Cash/Bank'),
(20, 'Contra Voucher -> Received From', 'bnvnb', 26, 'Contra Voucher', 'Received From'),
(21, 'Contra Voucher -> Cash/Bank', 'bnvnb', 26, 'Contra Voucher', 'Cash/Bank'),
(22, 'Journal Voucher -> Ledger', 'bnvnb', 26, 'Journal Voucher', 'Ledger'),
(23, 'Debit Notes -> Sales Account', 'bnvnb', 26, 'Debit Notes', 'Sales Account'),
(24, 'Debit Notes -> Party', 'bnvnb', 26, 'Debit Notes', 'Party'),
(25, 'Credit Notes -> Purchase Account', 'bnvnb', 26, 'Credit Notes', 'Purchase Account'),
(26, 'Credit Notes -> Party', 'bnvnb', 26, 'Credit Notes', 'Party'),
(27, 'PaymentVoucher -> Paid To', 'payment ', 27, 'Payment Voucher', 'Paid To'),
(28, 'PaymentVoucher -> Cash/Bank', 'payment', 27, 'Payment Voucher', 'Cash/Bank'),
(29, 'Receipt Voucher -> Received From', 'receipt voucher ', 27, 'Receipt Voucher', 'Received From'),
(30, 'Receipt Voucher -> Cash/Bank', 'bnvnb', 27, 'Receipt Voucher', 'Cash/Bank'),
(31, 'Petty Cash Receipt -> Received From', 'bnvnb', 27, 'Petty Cash Receipt', 'Received From'),
(32, 'Petty Cash Receipt -> Cash/Bank', 'bnvnb', 27, 'Petty Cash Receipt', 'Cash/Bank'),
(33, 'Contra Voucher -> Received From', 'bnvnb', 27, 'Contra Voucher', 'Received From'),
(34, 'Contra Voucher -> Cash/Bank', 'bnvnb', 27, 'Contra Voucher', 'Cash/Bank'),
(35, 'Journal Voucher -> Ledger', 'bnvnb', 27, 'Journal Voucher', 'Ledger'),
(36, 'Debit Notes -> Sales Account', 'bnvnb', 27, 'Debit Notes', 'Sales Account'),
(37, 'Debit Notes -> Party', 'bnvnb', 27, 'Debit Notes', 'Party'),
(38, 'Credit Notes -> Purchase Account', 'bnvnb', 27, 'Credit Notes', 'Purchase Account'),
(39, 'Credit Notes -> Party', 'bnvnb', 27, 'Credit Notes', 'Party');

-- --------------------------------------------------------

--
-- Table structure for table `voucher_ledger_accounts`
--

CREATE TABLE IF NOT EXISTS `voucher_ledger_accounts` (
  `vouchers_reference_id` int(10) NOT NULL,
  `ledger_account_id` int(10) NOT NULL,
  PRIMARY KEY (`vouchers_reference_id`,`ledger_account_id`)
) ENGINE=InnoDB DEFAULT CHARSET=latin1;

--
-- Dumping data for table `voucher_ledger_accounts`
--

INSERT INTO `voucher_ledger_accounts` (`vouchers_reference_id`, `ledger_account_id`) VALUES
(1, 474),
(1, 475),
(1, 476),
(1, 477),
(1, 478),
(1, 479),
(1, 480),
(1, 481),
(1, 482),
(1, 483),
(1, 484),
(1, 493),
(1, 523),
(1, 526),
(1, 529),
(2, 142),
(2, 145),
(3, 23),
(3, 25),
(3, 26),
(3, 27),
(3, 28),
(3, 33),
(3, 38),
(3, 39),
(3, 40),
(3, 41),
(3, 43),
(3, 47),
(3, 50),
(3, 51),
(3, 53),
(3, 54),
(3, 55),
(3, 56),
(3, 57),
(3, 58),
(3, 59),
(3, 60),
(3, 61),
(3, 62),
(3, 63),
(3, 64),
(3, 65),
(3, 66),
(3, 67),
(3, 68),
(3, 69),
(3, 71),
(3, 72),
(3, 73),
(3, 77),
(3, 78),
(3, 79),
(3, 80),
(3, 85),
(3, 86),
(3, 87),
(3, 88),
(3, 89),
(3, 90),
(3, 91),
(3, 92),
(3, 93),
(3, 94),
(3, 95),
(3, 96),
(3, 97),
(3, 98),
(3, 102),
(3, 128),
(3, 148),
(3, 158),
(3, 271),
(3, 272),
(3, 273),
(3, 274),
(3, 275),
(3, 278),
(3, 291),
(3, 298),
(3, 299),
(3, 300),
(3, 301),
(3, 302),
(3, 303),
(3, 304),
(3, 305),
(3, 306),
(3, 363),
(3, 364),
(3, 365),
(3, 368),
(3, 369),
(3, 370),
(3, 372),
(3, 374),
(3, 375),
(3, 376),
(3, 377),
(3, 378),
(3, 381),
(3, 383),
(3, 384),
(3, 385),
(3, 387),
(3, 388),
(3, 389),
(3, 390),
(3, 391),
(3, 394),
(3, 396),
(3, 397),
(3, 398),
(3, 429),
(3, 455),
(3, 456),
(3, 457),
(3, 458),
(3, 459),
(3, 460),
(3, 461),
(3, 462),
(3, 463),
(3, 468),
(3, 469),
(3, 471),
(3, 472),
(3, 473),
(3, 495),
(3, 496),
(3, 508),
(3, 511),
(3, 518),
(3, 521),
(3, 532),
(3, 535),
(3, 540),
(3, 544),
(4, 142),
(4, 145),
(4, 146),
(4, 517);

--
-- Constraints for dumped tables
--

--
-- Constraints for table `item_companies`
--
ALTER TABLE `item_companies`
  ADD CONSTRAINT `company_key` FOREIGN KEY (`company_id`) REFERENCES `companies` (`id`),
  ADD CONSTRAINT `item_key` FOREIGN KEY (`item_id`) REFERENCES `items` (`id`);

/*!40101 SET CHARACTER_SET_CLIENT=@OLD_CHARACTER_SET_CLIENT */;
/*!40101 SET CHARACTER_SET_RESULTS=@OLD_CHARACTER_SET_RESULTS */;
/*!40101 SET COLLATION_CONNECTION=@OLD_COLLATION_CONNECTION */;
